dataset,frame,elapsed_s,qnw1_temperature_C
B0075_S1_060C10p_att00_Rq0_00001,1,0,6.0000
B0075_S1_060C10p_att00_Rq0_00002,2,7,5.9900
B0075_S1_060C10p_att00_Rq0_00003,3,13,6.0100
B0075_S1_060C10p_att00_Rq0_00004,4,19,6.0000
B0075_S1_060C10p_att00_Rq0_00005,5,24,6.0000
B0075_S1_060C10p_att00_Rq0_00006,6,30,5.9900
B0075_S1_060C10p_att00_Rq0_00007,7,37,6.0000
B0075_S1_060C10p_att00_Rq0_00008,8,43,6.0000
B0075_S1_060C10p_att00_Rq0_00009,9,49,6.0000
B0075_S1_060C10p_att00_Rq0_00010,10,55,6.0000
B0075_S1_060C10p_att00_Rq0_00011,11,63,6.0000
B0075_S1_060C10p_att00_Rq0_00012,12,69,6.0000
B0075_S1_060C10p_att00_Rq0_00013,13,75,6.0000
B0075_S1_060C10p_att00_Rq0_00014,14,80,6.0000
B0075_S1_060C10p_att00_Rq0_00015,15,90,6.0000
B0075_S1_060C10p_att00_Rq0_00016,16,96,6.0000
B0075_S1_060C10p_att00_Rq0_00017,17,102,6.0000
B0075_S1_060C10p_att00_Rq0_00018,18,107,6.0000
B0075_S1_060C10p_att00_Rq0_00019,19,113,6.0000
B0075_S1_060C10p_att00_Rq0_00020,20,121,6.0000
B0075_S1_060C10p_att00_Rq0_00021,21,127,6.0000
B0075_S1_060C10p_att00_Rq0_00022,22,132,6.0000
B0075_S1_060C10p_att00_Rq0_00023,23,138,6.0000
B0075_S1_060C10p_att00_Rq0_00024,24,144,6.0000
B0075_S1_060C10p_att00_Rq0_00025,25,152,6.0000
B0075_S1_060C10p_att00_Rq0_00026,26,159,6.0000
B0075_S1_060C10p_att00_Rq0_00027,27,165,6.0000
B0075_S1_060C10p_att00_Rq0_00028,28,170,6.0000
B0075_S1_060C10p_att00_Rq0_00029,29,176,6.0000
B0075_S1_060C10p_att00_Rq0_00030,30,185,6.0000
B0075_S1_060C10p_att00_Rq0_00031,31,193,6.0000
B0075_S1_060C10p_att00_Rq0_00032,32,198,6.0000
B0075_S1_060C10p_att00_Rq0_00033,33,204,6.0000
B0075_S1_060C10p_att00_Rq0_00034,34,210,6.0000
B0075_S1_060C10p_att00_Rq0_00035,35,216,6.0000
B0075_S1_060C10p_att00_Rq0_00036,36,222,6.0000
B0075_S1_060C10p_att00_Rq0_00037,37,227,6.0000
B0075_S1_060C10p_att00_Rq0_00038,38,234,6.0000
B0075_S1_060C10p_att00_Rq0_00039,39,239,6.0000
B0075_S1_060C10p_att00_Rq0_00040,40,247,6.0000
B0075_S1_060C10p_att00_Rq0_00041,41,252,6.0000
B0075_S1_060C10p_att00_Rq0_00042,42,258,5.9900
B0075_S1_060C10p_att00_Rq0_00043,43,264,6.0000
B0075_S1_060C10p_att00_Rq0_00044,44,269,6.0000
B0075_S1_060C10p_att00_Rq0_00045,45,275,6.0000
B0075_S1_060C10p_att00_Rq0_00046,46,282,6.0000
B0075_S1_060C10p_att00_Rq0_00047,47,287,6.0000
B0075_S1_060C10p_att00_Rq0_00048,48,293,6.0000
B0075_S1_060C10p_att00_Rq0_00049,49,299,6.0000
B0075_S1_060C10p_att00_Rq0_00050,50,304,6.0000
B0076_S1_340C10p_att00_Rq0_00001,1,315,6.1300
B0076_S1_340C10p_att00_Rq0_00002,2,320,6.2300
B0076_S1_340C10p_att00_Rq0_00003,3,326,6.3400
B0076_S1_340C10p_att00_Rq0_00004,4,332,6.4400
B0076_S1_340C10p_att00_Rq0_00005,5,339,6.5800
B0076_S1_340C10p_att00_Rq0_00006,6,346,6.6600
B0076_S1_340C10p_att00_Rq0_00007,7,352,6.7600
B0076_S1_340C10p_att00_Rq0_00008,8,357,6.8500
B0076_S1_340C10p_att00_Rq0_00009,9,363,6.9600
B0076_S1_340C10p_att00_Rq0_00010,10,369,7.0500
B0076_S1_340C10p_att00_Rq0_00011,11,374,7.1500
B0076_S1_340C10p_att00_Rq0_00012,12,380,7.2500
B0076_S1_340C10p_att00_Rq0_00013,13,386,7.3300
B0076_S1_340C10p_att00_Rq0_00014,14,392,7.4300
B0076_S1_340C10p_att00_Rq0_00015,15,397,7.5400
B0076_S1_340C10p_att00_Rq0_00016,16,403,7.6600
B0076_S1_340C10p_att00_Rq0_00017,17,412,7.7700
B0076_S1_340C10p_att00_Rq0_00018,18,417,7.8700
B0076_S1_340C10p_att00_Rq0_00019,19,423,7.9700
B0076_S1_340C10p_att00_Rq0_00020,20,428,8.0600
B0076_S1_340C10p_att00_Rq0_00021,21,436,8.2000
B0076_S1_340C10p_att00_Rq0_00022,22,442,8.3000
B0076_S1_340C10p_att00_Rq0_00023,23,448,8.3900
B0076_S1_340C10p_att00_Rq0_00024,24,454,8.5400
B0076_S1_340C10p_att00_Rq0_00025,25,463,8.6400
B0076_S1_340C10p_att00_Rq0_00026,26,469,8.7500
B0076_S1_340C10p_att00_Rq0_00027,27,474,8.8300
B0076_S1_340C10p_att00_Rq0_00028,28,480,8.9300
B0076_S1_340C10p_att00_Rq0_00029,29,486,9.0300
B0076_S1_340C10p_att00_Rq0_00030,30,492,9.1200
B0076_S1_340C10p_att00_Rq0_00031,31,497,9.2200
B0076_S1_340C10p_att00_Rq0_00032,32,503,9.3100
B0076_S1_340C10p_att00_Rq0_00033,33,509,9.4200
B0076_S1_340C10p_att00_Rq0_00034,34,514,9.6100
B0076_S1_340C10p_att00_Rq0_00035,35,526,9.6700
B0076_S1_340C10p_att00_Rq0_00036,36,532,9.8800
B0076_S1_340C10p_att00_Rq0_00037,37,543,9.9700
B0076_S1_340C10p_att00_Rq0_00038,38,548,10.0800
B0076_S1_340C10p_att00_Rq0_00039,39,554,10.1600
B0076_S1_340C10p_att00_Rq0_00040,40,560,10.2600
B0076_S1_340C10p_att00_Rq0_00041,41,568,10.3900
B0076_S1_340C10p_att00_Rq0_00042,42,573,10.5000
B0076_S1_340C10p_att00_Rq0_00043,43,579,10.6000
B0076_S1_340C10p_att00_Rq0_00044,44,585,10.6800
B0076_S1_340C10p_att00_Rq0_00045,45,590,10.7800
B0076_S1_340C10p_att00_Rq0_00046,46,596,10.9200
B0076_S1_340C10p_att00_Rq0_00047,47,604,11.0200
B0076_S1_340C10p_att00_Rq0_00048,48,610,11.0900
B0076_S1_340C10p_att00_Rq0_00049,49,616,11.2200
B0076_S1_340C10p_att00_Rq0_00050,50,622,11.3000
B0076_S1_340C10p_att00_Rq0_00051,51,628,11.4600
B0076_S1_340C10p_att00_Rq0_00052,52,637,11.5600
B0076_S1_340C10p_att00_Rq0_00053,53,642,11.6600
B0076_S1_340C10p_att00_Rq0_00054,54,648,11.7500
B0076_S1_340C10p_att00_Rq0_00055,55,654,11.8400
B0076_S1_340C10p_att00_Rq0_00056,56,660,11.9400
B0076_S1_340C10p_att00_Rq0_00057,57,668,12.1000
B0076_S1_340C10p_att00_Rq0_00058,58,674,12.2000
B0076_S1_340C10p_att00_Rq0_00059,59,680,12.2700
B0076_S1_340C10p_att00_Rq0_00060,60,686,12.3700
B0076_S1_340C10p_att00_Rq0_00061,61,694,12.5300
B0076_S1_340C10p_att00_Rq0_00062,62,700,12.6200
B0076_S1_340C10p_att00_Rq0_00063,63,706,12.7100
B0076_S1_340C10p_att00_Rq0_00064,64,711,12.8200
B0076_S1_340C10p_att00_Rq0_00065,65,717,12.9100
B0076_S1_340C10p_att00_Rq0_00066,66,723,13.0200
B0076_S1_340C10p_att00_Rq0_00067,67,729,13.1100
B0076_S1_340C10p_att00_Rq0_00068,68,734,13.2100
B0076_S1_340C10p_att00_Rq0_00069,69,740,13.3100
B0076_S1_340C10p_att00_Rq0_00070,70,746,13.3800
B0076_S1_340C10p_att00_Rq0_00071,71,751,13.4900
B0076_S1_340C10p_att00_Rq0_00072,72,757,13.6200
B0076_S1_340C10p_att00_Rq0_00073,73,765,13.7100
B0076_S1_340C10p_att00_Rq0_00074,74,771,13.8200
B0076_S1_340C10p_att00_Rq0_00075,75,776,13.9100
B0076_S1_340C10p_att00_Rq0_00076,76,782,14.0100
B0076_S1_340C10p_att00_Rq0_00077,77,788,14.0900
B0076_S1_340C10p_att00_Rq0_00078,78,795,14.2300
B0076_S1_340C10p_att00_Rq0_00079,79,801,14.3300
B0076_S1_340C10p_att00_Rq0_00080,80,807,14.4100
B0076_S1_340C10p_att00_Rq0_00081,81,815,14.5400
B0076_S1_340C10p_att00_Rq0_00082,82,820,14.6500
B0076_S1_340C10p_att00_Rq0_00083,83,828,14.7600
B0076_S1_340C10p_att00_Rq0_00084,84,833,14.8700
B0076_S1_340C10p_att00_Rq0_00085,85,839,14.9700
B0076_S1_340C10p_att00_Rq0_00086,86,845,15.0700
B0076_S1_340C10p_att00_Rq0_00087,87,851,15.1600
B0076_S1_340C10p_att00_Rq0_00088,88,856,15.2600
B0076_S1_340C10p_att00_Rq0_00089,89,862,15.3700
B0076_S1_340C10p_att00_Rq0_00090,90,869,15.4700
B0076_S1_340C10p_att00_Rq0_00091,91,875,15.5600
B0076_S1_340C10p_att00_Rq0_00092,92,880,15.6600
B0076_S1_340C10p_att00_Rq0_00093,93,886,15.7700
B0076_S1_340C10p_att00_Rq0_00094,94,893,15.8800
B0076_S1_340C10p_att00_Rq0_00095,95,899,15.9600
B0076_S1_340C10p_att00_Rq0_00096,96,904,16.0600
B0076_S1_340C10p_att00_Rq0_00097,97,910,16.1600
B0076_S1_340C10p_att00_Rq0_00098,98,916,16.2400
B0076_S1_340C10p_att00_Rq0_00099,99,921,16.3500
B0076_S1_340C10p_att00_Rq0_00100,100,927,16.4400
B0076_S1_340C10p_att00_Rq0_00101,101,935,16.5700
B0076_S1_340C10p_att00_Rq0_00102,102,940,16.6700
B0076_S1_340C10p_att00_Rq0_00103,103,946,16.7700
B0076_S1_340C10p_att00_Rq0_00104,104,952,16.8700
B0076_S1_340C10p_att00_Rq0_00105,105,958,16.9500
B0076_S1_340C10p_att00_Rq0_00106,106,963,17.0500
B0076_S1_340C10p_att00_Rq0_00107,107,969,17.1500
B0076_S1_340C10p_att00_Rq0_00108,108,975,17.2500
B0076_S1_340C10p_att00_Rq0_00109,109,980,17.3300
B0076_S1_340C10p_att00_Rq0_00110,110,986,17.4500
B0076_S1_340C10p_att00_Rq0_00111,111,992,17.5500
B0076_S1_340C10p_att00_Rq0_00112,112,998,17.6500
B0076_S1_340C10p_att00_Rq0_00113,113,1005,17.7600
B0076_S1_340C10p_att00_Rq0_00114,114,1011,17.8600
B0076_S1_340C10p_att00_Rq0_00115,115,1017,17.9600
B0076_S1_340C10p_att00_Rq0_00116,116,1023,18.0600
B0076_S1_340C10p_att00_Rq0_00117,117,1029,18.1600
B0076_S1_340C10p_att00_Rq0_00118,118,1035,18.2600
B0076_S1_340C10p_att00_Rq0_00119,119,1041,18.3700
B0076_S1_340C10p_att00_Rq0_00120,120,1047,18.5200
B0076_S1_340C10p_att00_Rq0_00121,121,1059,18.6700
B0076_S1_340C10p_att00_Rq0_00122,122,1065,18.7700
B0076_S1_340C10p_att00_Rq0_00123,123,1071,18.8700
B0076_S1_340C10p_att00_Rq0_00124,124,1077,18.9600
B0076_S1_340C10p_att00_Rq0_00125,125,1082,19.0500
B0076_S1_340C10p_att00_Rq0_00126,126,1088,19.1600
B0076_S1_340C10p_att00_Rq0_00127,127,1094,19.2400
B0076_S1_340C10p_att00_Rq0_00128,128,1099,19.3300
B0076_S1_340C10p_att00_Rq0_00129,129,1105,19.4300
B0076_S1_340C10p_att00_Rq0_00130,130,1111,19.6000
B0076_S1_340C10p_att00_Rq0_00131,131,1121,19.7200
B0076_S1_340C10p_att00_Rq0_00132,132,1126,19.7800
B0076_S1_340C10p_att00_Rq0_00133,133,1132,19.9000
B0076_S1_340C10p_att00_Rq0_00134,134,1138,19.9800
B0076_S1_340C10p_att00_Rq0_00135,135,1143,20.1300
B0076_S1_340C10p_att00_Rq0_00136,136,1152,20.2200
B0076_S1_340C10p_att00_Rq0_00137,137,1157,20.3100
B0076_S1_340C10p_att00_Rq0_00138,138,1163,20.4100
B0076_S1_340C10p_att00_Rq0_00139,139,1169,20.5000
B0076_S1_340C10p_att00_Rq0_00140,140,1174,20.5900
B0076_S1_340C10p_att00_Rq0_00141,141,1183,20.7500
B0076_S1_340C10p_att00_Rq0_00142,142,1189,20.8500
B0076_S1_340C10p_att00_Rq0_00143,143,1195,20.9500
B0076_S1_340C10p_att00_Rq0_00144,144,1201,21.0400
B0076_S1_340C10p_att00_Rq0_00145,145,1206,21.1400
B0076_S1_340C10p_att00_Rq0_00146,146,1213,21.2500
B0076_S1_340C10p_att00_Rq0_00147,147,1219,21.3600
B0076_S1_340C10p_att00_Rq0_00148,148,1225,21.4600
B0076_S1_340C10p_att00_Rq0_00149,149,1230,21.5500
B0076_S1_340C10p_att00_Rq0_00150,150,1236,21.6400
B0076_S1_340C10p_att00_Rq0_00151,151,1242,21.7300
B0076_S1_340C10p_att00_Rq0_00152,152,1248,21.8300
B0076_S1_340C10p_att00_Rq0_00153,153,1253,21.9300
B0076_S1_340C10p_att00_Rq0_00154,154,1259,22.0300
B0076_S1_340C10p_att00_Rq0_00155,155,1265,22.1300
B0076_S1_340C10p_att00_Rq0_00156,156,1271,22.2100
B0076_S1_340C10p_att00_Rq0_00157,157,1277,22.3300
B0076_S1_340C10p_att00_Rq0_00158,158,1283,22.4300
B0076_S1_340C10p_att00_Rq0_00159,159,1289,22.5300
B0076_S1_340C10p_att00_Rq0_00160,160,1294,22.6200
B0076_S1_340C10p_att00_Rq0_00161,161,1302,22.7600
B0076_S1_340C10p_att00_Rq0_00162,162,1308,22.8600
B0076_S1_340C10p_att00_Rq0_00163,163,1314,22.9300
B0076_S1_340C10p_att00_Rq0_00164,164,1319,23.0400
B0076_S1_340C10p_att00_Rq0_00165,165,1325,23.1500
B0076_S1_340C10p_att00_Rq0_00166,166,1331,23.2300
B0076_S1_340C10p_att00_Rq0_00167,167,1336,23.3600
B0076_S1_340C10p_att00_Rq0_00168,168,1343,23.4300
B0076_S1_340C10p_att00_Rq0_00169,169,1349,23.5300
B0076_S1_340C10p_att00_Rq0_00170,170,1355,23.6400
B0076_S1_340C10p_att00_Rq0_00171,171,1360,23.7400
B0076_S1_340C10p_att00_Rq0_00172,172,1367,23.8400
B0076_S1_340C10p_att00_Rq0_00173,173,1373,23.9400
B0076_S1_340C10p_att00_Rq0_00174,174,1379,24.0400
B0076_S1_340C10p_att00_Rq0_00175,175,1384,24.1200
B0076_S1_340C10p_att00_Rq0_00176,176,1390,24.2500
B0076_S1_340C10p_att00_Rq0_00177,177,1396,24.3200
B0076_S1_340C10p_att00_Rq0_00178,178,1401,24.4700
B0076_S1_340C10p_att00_Rq0_00179,179,1410,24.5400
B0076_S1_340C10p_att00_Rq0_00180,180,1415,24.6600
B0076_S1_340C10p_att00_Rq0_00181,181,1423,24.7900
B0076_S1_340C10p_att00_Rq0_00182,182,1429,24.8900
B0076_S1_340C10p_att00_Rq0_00183,183,1435,24.9900
B0076_S1_340C10p_att00_Rq0_00184,184,1441,25.0900
B0076_S1_340C10p_att00_Rq0_00185,185,1447,25.2000
B0076_S1_340C10p_att00_Rq0_00186,186,1453,25.2800
B0076_S1_340C10p_att00_Rq0_00187,187,1458,25.3800
B0076_S1_340C10p_att00_Rq0_00188,188,1464,25.4800
B0076_S1_340C10p_att00_Rq0_00189,189,1470,25.5800
B0076_S1_340C10p_att00_Rq0_00190,190,1475,25.6600
B0076_S1_340C10p_att00_Rq0_00191,191,1481,25.8000
B0076_S1_340C10p_att00_Rq0_00192,192,1488,25.8800
B0076_S1_340C10p_att00_Rq0_00193,193,1494,25.9900
B0076_S1_340C10p_att00_Rq0_00194,194,1500,26.0700
B0076_S1_340C10p_att00_Rq0_00195,195,1505,26.1600
B0076_S1_340C10p_att00_Rq0_00196,196,1511,26.2600
B0076_S1_340C10p_att00_Rq0_00197,197,1517,26.3700
B0076_S1_340C10p_att00_Rq0_00198,198,1523,26.4600
B0076_S1_340C10p_att00_Rq0_00199,199,1528,26.5500
B0076_S1_340C10p_att00_Rq0_00200,200,1534,26.6300
B0076_S1_340C10p_att00_Rq0_00201,201,1542,26.8000
B0076_S1_340C10p_att00_Rq0_00202,202,1548,26.8900
B0076_S1_340C10p_att00_Rq0_00203,203,1554,26.9600
B0076_S1_340C10p_att00_Rq0_00204,204,1560,27.0700
B0076_S1_340C10p_att00_Rq0_00205,205,1565,27.1800
B0076_S1_340C10p_att00_Rq0_00206,206,1571,27.2800
B0076_S1_340C10p_att00_Rq0_00207,207,1577,27.3800
B0076_S1_340C10p_att00_Rq0_00208,208,1582,27.4700
B0076_S1_340C10p_att00_Rq0_00209,209,1588,27.5600
B0076_S1_340C10p_att00_Rq0_00210,210,1593,27.6500
B0076_S1_340C10p_att00_Rq0_00211,211,1604,27.8100
B0076_S1_340C10p_att00_Rq0_00212,212,1609,27.9200
B0076_S1_340C10p_att00_Rq0_00213,213,1615,28.0300
B0076_S1_340C10p_att00_Rq0_00214,214,1621,28.1200
B0076_S1_340C10p_att00_Rq0_00215,215,1627,28.2700
B0076_S1_340C10p_att00_Rq0_00216,216,1636,28.3700
B0076_S1_340C10p_att00_Rq0_00217,217,1642,28.4500
B0076_S1_340C10p_att00_Rq0_00218,218,1647,28.5600
B0076_S1_340C10p_att00_Rq0_00219,219,1653,28.6600
B0076_S1_340C10p_att00_Rq0_00220,220,1659,28.8500
B0076_S1_340C10p_att00_Rq0_00221,221,1674,28.9900
B0076_S1_340C10p_att00_Rq0_00222,222,1680,29.0900
B0076_S1_340C10p_att00_Rq0_00223,223,1685,29.1900
B0076_S1_340C10p_att00_Rq0_00224,224,1691,29.3200
B0076_S1_340C10p_att00_Rq0_00225,225,1698,29.4100
B0076_S1_340C10p_att00_Rq0_00226,226,1704,29.5000
B0076_S1_340C10p_att00_Rq0_00227,227,1710,29.6200
B0076_S1_340C10p_att00_Rq0_00228,228,1716,29.7000
B0076_S1_340C10p_att00_Rq0_00229,229,1721,29.7900
B0076_S1_340C10p_att00_Rq0_00230,230,1731,29.9700
B0076_S1_340C10p_att00_Rq0_00231,231,1737,30.0700
B0076_S1_340C10p_att00_Rq0_00232,232,1742,30.1600
B0076_S1_340C10p_att00_Rq0_00233,233,1748,30.2600
B0076_S1_340C10p_att00_Rq0_00234,234,1754,30.3700
B0076_S1_340C10p_att00_Rq0_00235,235,1762,30.4900
B0076_S1_340C10p_att00_Rq0_00236,236,1768,30.5800
B0076_S1_340C10p_att00_Rq0_00237,237,1773,30.6800
B0076_S1_340C10p_att00_Rq0_00238,238,1779,30.7700
B0076_S1_340C10p_att00_Rq0_00239,239,1785,30.8700
B0076_S1_340C10p_att00_Rq0_00240,240,1790,30.9700
B0076_S1_340C10p_att00_Rq0_00241,241,1798,31.0900
B0076_S1_340C10p_att00_Rq0_00242,242,1804,31.2000
B0076_S1_340C10p_att00_Rq0_00243,243,1810,31.2800
B0076_S1_340C10p_att00_Rq0_00244,244,1815,31.3800
B0076_S1_340C10p_att00_Rq0_00245,245,1821,31.4700
B0076_S1_340C10p_att00_Rq0_00246,246,1827,31.5800
B0076_S1_340C10p_att00_Rq0_00247,247,1833,31.6800
B0076_S1_340C10p_att00_Rq0_00248,248,1838,31.7700
B0076_S1_340C10p_att00_Rq0_00249,249,1844,31.8600
B0076_S1_340C10p_att00_Rq0_00250,250,1850,31.9600
B0076_S1_340C10p_att00_Rq0_00251,251,1856,32.0600
B0076_S1_340C10p_att00_Rq0_00252,252,1861,32.1600
B0076_S1_340C10p_att00_Rq0_00253,253,1867,32.2500
B0076_S1_340C10p_att00_Rq0_00254,254,1873,32.3500
B0076_S1_340C10p_att00_Rq0_00255,255,1879,32.4400
B0076_S1_340C10p_att00_Rq0_00256,256,1884,32.6100
B0076_S1_340C10p_att00_Rq0_00257,257,1894,32.7100
B0076_S1_340C10p_att00_Rq0_00258,258,1900,32.7900
B0076_S1_340C10p_att00_Rq0_00259,259,1905,32.9000
B0076_S1_340C10p_att00_Rq0_00260,260,1911,32.9900
B0076_S1_340C10p_att00_Rq0_00261,261,1919,33.1200
B0076_S1_340C10p_att00_Rq0_00262,262,1924,33.2100
B0076_S1_340C10p_att00_Rq0_00263,263,1930,33.3100
B0076_S1_340C10p_att00_Rq0_00264,264,1936,33.4000
B0076_S1_340C10p_att00_Rq0_00265,265,1942,33.5000
B0076_S1_340C10p_att00_Rq0_00266,266,1947,33.6000
B0076_S1_340C10p_att00_Rq0_00267,267,1957,33.7700
B0076_S1_340C10p_att00_Rq0_00268,268,1963,33.8600
B0076_S1_340C10p_att00_Rq0_00269,269,1969,33.9700
B0076_S1_340C10p_att00_Rq0_00270,270,1975,34.0000
D0077_Buffer_034C_att00_Rq0_00001,1,2004,31.8200
D0077_Buffer_034C_att00_Rq0_00002,2,2009,31.3300
D0077_Buffer_034C_att00_Rq0_00003,3,2015,30.8300
D0077_Buffer_034C_att00_Rq0_00004,4,2021,30.3200
D0077_Buffer_034C_att00_Rq0_00005,5,2027,29.8700
D0077_Buffer_034C_att00_Rq0_00006,6,2032,29.3700
D0077_Buffer_034C_att00_Rq0_00007,7,2040,28.7100
D0077_Buffer_034C_att00_Rq0_00008,8,2046,28.1300
D0077_Buffer_034C_att00_Rq0_00009,9,2053,27.6300
D0077_Buffer_034C_att00_Rq0_00010,10,2058,27.1900
D0077_Buffer_034C_att00_Rq0_00011,11,2064,26.6900
D0077_Buffer_034C_att00_Rq0_00012,12,2070,26.2900
D0077_Buffer_034C_att00_Rq0_00013,13,2076,25.7800
D0077_Buffer_034C_att00_Rq0_00014,14,2081,25.2700
D0077_Buffer_034C_att00_Rq0_00015,15,2087,24.7800
D0077_Buffer_034C_att00_Rq0_00016,16,2093,24.2700
D0077_Buffer_034C_att00_Rq0_00017,17,2099,23.7800
D0077_Buffer_034C_att00_Rq0_00018,18,2105,23.3400
D0077_Buffer_034C_att00_Rq0_00019,19,2110,22.7500
D0077_Buffer_034C_att00_Rq0_00020,20,2117,22.2500
D0077_Buffer_034C_att00_Rq0_00021,21,2123,21.7500
D0077_Buffer_034C_att00_Rq0_00022,22,2128,21.3300
D0077_Buffer_034C_att00_Rq0_00023,23,2134,20.8200
D0077_Buffer_034C_att00_Rq0_00024,24,2140,20.3000
D0077_Buffer_034C_att00_Rq0_00025,25,2146,19.8100
D0077_Buffer_034C_att00_Rq0_00026,26,2152,19.3000
D0077_Buffer_034C_att00_Rq0_00027,27,2160,18.6200
D0077_Buffer_034C_att00_Rq0_00028,28,2166,18.1400
D0077_Buffer_034C_att00_Rq0_00029,29,2171,17.7100
D0077_Buffer_034C_att00_Rq0_00030,30,2177,17.2200
D0077_Buffer_034C_att00_Rq0_00031,31,2183,16.7700
D0077_Buffer_034C_att00_Rq0_00032,32,2188,16.2700
D0077_Buffer_034C_att00_Rq0_00033,33,2194,15.8800
D0077_Buffer_034C_att00_Rq0_00034,34,2199,15.3500
D0077_Buffer_034C_att00_Rq0_00035,35,2205,14.1800
D0077_Buffer_034C_att00_Rq0_00036,36,2220,13.5800
D0077_Buffer_034C_att00_Rq0_00037,37,2226,13.1700
D0077_Buffer_034C_att00_Rq0_00038,38,2231,12.6700
D0077_Buffer_034C_att00_Rq0_00039,39,2237,12.1600
B0078_S1_060C10p_att00_Rq0_00001,1,4431,6.0000
B0078_S1_060C10p_att00_Rq0_00002,2,4438,6.0100
B0078_S1_060C10p_att00_Rq0_00003,3,4444,6.0000
B0078_S1_060C10p_att00_Rq0_00004,4,4449,6.0000
B0078_S1_060C10p_att00_Rq0_00005,5,4458,6.0000
B0078_S1_060C10p_att00_Rq0_00006,6,4464,6.0100
B0078_S1_060C10p_att00_Rq0_00007,7,4469,6.0000
B0078_S1_060C10p_att00_Rq0_00008,8,4475,6.0000
B0078_S1_060C10p_att00_Rq0_00009,9,4481,6.0000
B0078_S1_060C10p_att00_Rq0_00010,10,4487,6.0000
B0078_S1_060C10p_att00_Rq0_00011,11,4494,6.0000
B0078_S1_060C10p_att00_Rq0_00013,13,4507,6.0000
B0078_S1_060C10p_att00_Rq0_00014,14,4512,6.0000
B0078_S1_060C10p_att00_Rq0_00015,15,4518,6.0000
B0078_S1_060C10p_att00_Rq0_00016,16,4524,6.0100
B0078_S1_060C10p_att00_Rq0_00017,17,4529,6.0000
B0078_S1_060C10p_att00_Rq0_00018,18,4535,6.0000
B0078_S1_060C10p_att00_Rq0_00019,19,4541,6.0000
B0078_S1_060C10p_att00_Rq0_00020,20,4547,6.0000
B0078_S1_060C10p_att00_Rq0_00021,21,4554,6.0000
B0078_S1_060C10p_att00_Rq0_00022,22,4559,6.0000
B0078_S1_060C10p_att00_Rq0_00023,23,4565,6.0000
B0078_S1_060C10p_att00_Rq0_00024,24,4571,6.0000
B0078_S1_060C10p_att00_Rq0_00025,25,4577,6.0000
B0078_S1_060C10p_att00_Rq0_00026,26,4582,6.0000
B0078_S1_060C10p_att00_Rq0_00027,27,4588,6.0000
B0078_S1_060C10p_att00_Rq0_00028,28,4594,5.9900
B0078_S1_060C10p_att00_Rq0_00029,29,4599,6.0000
B0078_S1_060C10p_att00_Rq0_00030,30,4605,6.0000
B0078_S1_060C10p_att00_Rq0_00031,31,4613,6.0000
B0078_S1_060C10p_att00_Rq0_00032,32,4619,6.0000
B0078_S1_060C10p_att00_Rq0_00033,33,4624,6.0000
B0078_S1_060C10p_att00_Rq0_00034,34,4630,6.0000
B0078_S1_060C10p_att00_Rq0_00035,35,4636,6.0000
B0078_S1_060C10p_att00_Rq0_00036,36,4642,6.0000
B0078_S1_060C10p_att00_Rq0_00037,37,4647,6.0000
B0078_S1_060C10p_att00_Rq0_00038,38,4653,6.0000
B0078_S1_060C10p_att00_Rq0_00039,39,4659,6.0000
B0078_S1_060C10p_att00_Rq0_00040,40,4664,6.0000
B0078_S1_060C10p_att00_Rq0_00041,41,4670,6.0100
B0078_S1_060C10p_att00_Rq0_00042,42,4676,5.9900
B0078_S1_060C10p_att00_Rq0_00043,43,4685,6.0000
B0078_S1_060C10p_att00_Rq0_00044,44,4690,6.0000
B0078_S1_060C10p_att00_Rq0_00045,45,4696,6.0000
B0078_S1_060C10p_att00_Rq0_00046,46,4702,6.0000
B0078_S1_060C10p_att00_Rq0_00047,47,4708,6.0000
B0078_S1_060C10p_att00_Rq0_00048,48,4716,6.0100
B0078_S1_060C10p_att00_Rq0_00049,49,4722,6.0000
B0078_S1_060C10p_att00_Rq0_00050,50,4728,6.0000
B0079_S1_340C10p_att00_Rq0_00001,1,4738,6.1400
B0079_S1_340C10p_att00_Rq0_00002,2,4744,6.2500
B0079_S1_340C10p_att00_Rq0_00003,3,4751,6.3600
B0079_S1_340C10p_att00_Rq0_00004,4,4757,6.4500
B0079_S1_340C10p_att00_Rq0_00005,5,4762,6.5700
B0079_S1_340C10p_att00_Rq0_00006,6,4769,6.6700
B0079_S1_340C10p_att00_Rq0_00007,7,4775,6.7500
B0079_S1_340C10p_att00_Rq0_00008,8,4780,6.8500
B0079_S1_340C10p_att00_Rq0_00009,9,4786,6.9300
B0079_S1_340C10p_att00_Rq0_00010,10,4792,7.0300
B0079_S1_340C10p_att00_Rq0_00011,11,4798,7.1400
B0079_S1_340C10p_att00_Rq0_00012,12,4803,7.3300
B0079_S1_340C10p_att00_Rq0_00013,13,4815,7.4400
B0079_S1_340C10p_att00_Rq0_00014,14,4821,7.5500
B0079_S1_340C10p_att00_Rq0_00015,15,4827,7.6300
B0079_S1_340C10p_att00_Rq0_00016,16,4832,7.7300
B0079_S1_340C10p_att00_Rq0_00017,17,4838,7.8300
B0079_S1_340C10p_att00_Rq0_00018,18,4844,7.9100
B0079_S1_340C10p_att00_Rq0_00019,19,4850,8.0100
B0079_S1_340C10p_att00_Rq0_00020,20,4855,8.1200
B0079_S1_340C10p_att00_Rq0_00021,21,4863,8.2700
B0079_S1_340C10p_att00_Rq0_00022,22,4871,8.3700
B0079_S1_340C10p_att00_Rq0_00023,23,4877,8.4600
B0079_S1_340C10p_att00_Rq0_00024,24,4882,8.5500
B0079_S1_340C10p_att00_Rq0_00025,25,4888,8.6800
B0079_S1_340C10p_att00_Rq0_00026,26,4894,8.7400
B0079_S1_340C10p_att00_Rq0_00027,27,4899,8.8400
B0079_S1_340C10p_att00_Rq0_00028,28,4906,8.9800
B0079_S1_340C10p_att00_Rq0_00029,29,4912,9.0700
B0079_S1_340C10p_att00_Rq0_00030,30,4918,9.1600
B0079_S1_340C10p_att00_Rq0_00031,31,4923,9.4000
B0079_S1_340C10p_att00_Rq0_00032,32,4940,9.5400
B0079_S1_340C10p_att00_Rq0_00033,33,4946,9.6300
B0079_S1_340C10p_att00_Rq0_00034,34,4952,9.7300
B0079_S1_340C10p_att00_Rq0_00035,35,4957,9.8300
B0079_S1_340C10p_att00_Rq0_00036,36,4963,9.9300
B0079_S1_340C10p_att00_Rq0_00037,37,4969,10.0400
B0079_S1_340C10p_att00_Rq0_00038,38,4975,10.1200
B0079_S1_340C10p_att00_Rq0_00039,39,4980,10.2100
B0079_S1_340C10p_att00_Rq0_00040,40,4986,10.3200
B0079_S1_340C10p_att00_Rq0_00041,41,4994,10.4400
B0079_S1_340C10p_att00_Rq0_00042,42,5000,10.5400
B0079_S1_340C10p_att00_Rq0_00043,43,5006,10.6400
B0079_S1_340C10p_att00_Rq0_00044,44,5011,10.7400
B0079_S1_340C10p_att00_Rq0_00045,45,5017,10.8300
B0079_S1_340C10p_att00_Rq0_00046,46,5023,10.9400
B0079_S1_340C10p_att00_Rq0_00047,47,5029,11.0200
B0079_S1_340C10p_att00_Rq0_00048,48,5039,11.2000
B0079_S1_340C10p_att00_Rq0_00049,49,5045,11.3400
B0079_S1_340C10p_att00_Rq0_00050,50,5054,11.4500
B0079_S1_340C10p_att00_Rq0_00051,51,5060,11.5500
B0079_S1_340C10p_att00_Rq0_00052,52,5065,11.6400
B0079_S1_340C10p_att00_Rq0_00053,53,5071,11.7400
B0079_S1_340C10p_att00_Rq0_00054,54,5077,11.8400
B0079_S1_340C10p_att00_Rq0_00055,55,5083,11.9300
B0079_S1_340C10p_att00_Rq0_00056,56,5088,12.0300
B0079_S1_340C10p_att00_Rq0_00057,57,5094,12.1600
B0079_S1_340C10p_att00_Rq0_00058,58,5102,12.2400
B0079_S1_340C10p_att00_Rq0_00059,59,5108,12.3500
B0079_S1_340C10p_att00_Rq0_00060,60,5113,12.4400
B0079_S1_340C10p_att00_Rq0_00061,61,5121,12.5900
B0079_S1_340C10p_att00_Rq0_00062,62,5127,12.7100
B0079_S1_340C10p_att00_Rq0_00063,63,5134,12.8100
B0079_S1_340C10p_att00_Rq0_00064,64,5140,12.8900
B0079_S1_340C10p_att00_Rq0_00065,65,5146,12.9800
B0079_S1_340C10p_att00_Rq0_00066,66,5151,13.0900
B0079_S1_340C10p_att00_Rq0_00067,67,5157,13.1800
B0079_S1_340C10p_att00_Rq0_00068,68,5163,13.2900
B0079_S1_340C10p_att00_Rq0_00069,69,5168,13.3900
B0079_S1_340C10p_att00_Rq0_00070,70,5174,13.4700
B0079_S1_340C10p_att00_Rq0_00071,71,5180,13.5800
B0079_S1_340C10p_att00_Rq0_00072,72,5186,13.6600
B0079_S1_340C10p_att00_Rq0_00073,73,5191,13.8500
B0079_S1_340C10p_att00_Rq0_00074,74,5202,13.9500
B0079_S1_340C10p_att00_Rq0_00075,75,5208,14.0600
B0079_S1_340C10p_att00_Rq0_00076,76,5214,14.1300
B0079_S1_340C10p_att00_Rq0_00077,77,5220,14.2400
B0079_S1_340C10p_att00_Rq0_00078,78,5225,14.3500
B0079_S1_340C10p_att00_Rq0_00079,79,5233,14.4500
B0079_S1_340C10p_att00_Rq0_00080,80,5238,14.5500
B0079_S1_340C10p_att00_Rq0_00081,81,5246,14.6900
B0079_S1_340C10p_att00_Rq0_00082,82,5252,14.7700
B0079_S1_340C10p_att00_Rq0_00083,83,5258,14.8700
B0079_S1_340C10p_att00_Rq0_00084,84,5263,14.9800
B0079_S1_340C10p_att00_Rq0_00085,85,5269,15.0700
B0079_S1_340C10p_att00_Rq0_00086,86,5275,15.1800
B0079_S1_340C10p_att00_Rq0_00087,87,5281,15.2600
B0079_S1_340C10p_att00_Rq0_00088,88,5286,15.4300
B0079_S1_340C10p_att00_Rq0_00089,89,5296,15.5300
B0079_S1_340C10p_att00_Rq0_00090,90,5302,15.6100
B0079_S1_340C10p_att00_Rq0_00091,91,5308,15.7100
B0079_S1_340C10p_att00_Rq0_00092,92,5313,15.8100
B0079_S1_340C10p_att00_Rq0_00093,93,5319,15.9900
B0079_S1_340C10p_att00_Rq0_00094,94,5330,16.1000
B0079_S1_340C10p_att00_Rq0_00095,95,5336,16.1800
B0079_S1_340C10p_att00_Rq0_00096,96,5341,16.2800
B0079_S1_340C10p_att00_Rq0_00098,98,5362,16.6400
B0079_S1_340C10p_att00_Rq0_00099,99,5368,16.7200
B0079_S1_340C10p_att00_Rq0_00100,100,5373,16.8300
B0079_S1_340C10p_att00_Rq0_00101,101,5381,16.9600
B0079_S1_340C10p_att00_Rq0_00102,102,5387,17.0600
B0079_S1_340C10p_att00_Rq0_00103,103,5393,17.1500
B0079_S1_340C10p_att00_Rq0_00104,104,5399,17.2400
B0079_S1_340C10p_att00_Rq0_00105,105,5404,17.3400
B0079_S1_340C10p_att00_Rq0_00106,106,5410,17.4500
B0079_S1_340C10p_att00_Rq0_00107,107,5416,17.5600
B0079_S1_340C10p_att00_Rq0_00108,108,5423,17.6500
B0079_S1_340C10p_att00_Rq0_00109,109,5428,17.7500
B0079_S1_340C10p_att00_Rq0_00110,110,5434,17.8500
B0079_S1_340C10p_att00_Rq0_00111,111,5440,17.9400
B0079_S1_340C10p_att00_Rq0_00112,112,5446,18.0400
B0079_S1_340C10p_att00_Rq0_00113,113,5451,18.1300
B0079_S1_340C10p_att00_Rq0_00114,114,5457,18.2400
B0079_S1_340C10p_att00_Rq0_00115,115,5463,18.3300
B0079_S1_340C10p_att00_Rq0_00116,116,5469,18.4400
B0079_S1_340C10p_att00_Rq0_00117,117,5474,18.5300
B0079_S1_340C10p_att00_Rq0_00118,118,5480,18.6600
B0079_S1_340C10p_att00_Rq0_00119,119,5488,18.7600
B0079_S1_340C10p_att00_Rq0_00120,120,5494,18.8600
B0079_S1_340C10p_att00_Rq0_00121,121,5502,18.9800
B0079_S1_340C10p_att00_Rq0_00122,122,5508,19.0700
B0079_S1_340C10p_att00_Rq0_00123,123,5513,19.2000
B0079_S1_340C10p_att00_Rq0_00124,124,5520,19.2900
B0079_S1_340C10p_att00_Rq0_00125,125,5526,19.4100
B0079_S1_340C10p_att00_Rq0_00126,126,5532,19.4800
B0079_S1_340C10p_att00_Rq0_00127,127,5538,19.5800
B0079_S1_340C10p_att00_Rq0_00128,128,5543,19.6800
B0079_S1_340C10p_att00_Rq0_00129,129,5549,19.7800
B0079_S1_340C10p_att00_Rq0_00130,130,5555,19.8800
B0079_S1_340C10p_att00_Rq0_00131,131,5560,19.9700
B0079_S1_340C10p_att00_Rq0_00132,132,5566,20.0700
B0079_S1_340C10p_att00_Rq0_00133,133,5572,20.1700
B0079_S1_340C10p_att00_Rq0_00134,134,5578,20.2600
B0079_S1_340C10p_att00_Rq0_00135,135,5584,20.3700
B0079_S1_340C10p_att00_Rq0_00136,136,5590,20.4900
B0079_S1_340C10p_att00_Rq0_00137,137,5596,20.5600
B0079_S1_340C10p_att00_Rq0_00138,138,5602,20.6500
B0079_S1_340C10p_att00_Rq0_00139,139,5607,20.7600
B0079_S1_340C10p_att00_Rq0_00140,140,5613,20.8600
B0079_S1_340C10p_att00_Rq0_00141,141,5621,20.9900
B0079_S1_340C10p_att00_Rq0_00142,142,5627,21.0800
B0079_S1_340C10p_att00_Rq0_00143,143,5632,21.1800
B0079_S1_340C10p_att00_Rq0_00144,144,5638,21.2800
B0079_S1_340C10p_att00_Rq0_00145,145,5644,21.3800
B0079_S1_340C10p_att00_Rq0_00146,146,5650,21.4800
B0079_S1_340C10p_att00_Rq0_00147,147,5656,21.5600
B0079_S1_340C10p_att00_Rq0_00148,148,5661,21.6700
B0079_S1_340C10p_att00_Rq0_00149,149,5667,21.7700
B0079_S1_340C10p_att00_Rq0_00150,150,5673,21.8700
B0079_S1_340C10p_att00_Rq0_00151,151,5681,22.0100
B0079_S1_340C10p_att00_Rq0_00152,152,5687,22.0900
B0079_S1_340C10p_att00_Rq0_00153,153,5692,22.1900
B0079_S1_340C10p_att00_Rq0_00154,154,5698,22.3000
B0079_S1_340C10p_att00_Rq0_00155,155,5704,22.3900
B0079_S1_340C10p_att00_Rq0_00156,156,5710,22.4900
B0079_S1_340C10p_att00_Rq0_00157,157,5716,22.5900
B0079_S1_340C10p_att00_Rq0_00158,158,5722,22.6900
B0079_S1_340C10p_att00_Rq0_00159,159,5728,22.8000
B0079_S1_340C10p_att00_Rq0_00160,160,5734,22.8800
B0079_S1_340C10p_att00_Rq0_00161,161,5742,23.0100
B0079_S1_340C10p_att00_Rq0_00162,162,5748,23.1200
B0079_S1_340C10p_att00_Rq0_00163,163,5753,23.2100
B0079_S1_340C10p_att00_Rq0_00164,164,5759,23.3100
B0079_S1_340C10p_att00_Rq0_00165,165,5765,23.4000
B0079_S1_340C10p_att00_Rq0_00166,166,5770,23.6200
B0079_S1_340C10p_att00_Rq0_00167,167,5783,23.7000
B0079_S1_340C10p_att00_Rq0_00168,168,5789,23.8100
B0079_S1_340C10p_att00_Rq0_00169,169,5794,23.9100
B0079_S1_340C10p_att00_Rq0_00170,170,5800,23.9900
B0079_S1_340C10p_att00_Rq0_00171,171,5806,24.1000
B0079_S1_340C10p_att00_Rq0_00172,172,5811,24.1800
B0079_S1_340C10p_att00_Rq0_00173,173,5817,24.2700
B0079_S1_340C10p_att00_Rq0_00174,174,5823,24.3800
B0079_S1_340C10p_att00_Rq0_00175,175,5829,24.4700
B0079_S1_340C10p_att00_Rq0_00176,176,5836,24.6300
B0079_S1_340C10p_att00_Rq0_00177,177,5844,24.7300
B0079_S1_340C10p_att00_Rq0_00178,178,5849,24.8300
B0079_S1_340C10p_att00_Rq0_00179,179,5855,24.9300
B0079_S1_340C10p_att00_Rq0_00180,180,5861,25.0100
B0079_S1_340C10p_att00_Rq0_00181,181,5869,25.1600
B0079_S1_340C10p_att00_Rq0_00182,182,5875,25.2400
B0079_S1_340C10p_att00_Rq0_00183,183,5880,25.3500
B0079_S1_340C10p_att00_Rq0_00184,184,5886,25.4500
B0079_S1_340C10p_att00_Rq0_00185,185,5892,25.5300
B0079_S1_340C10p_att00_Rq0_00186,186,5898,25.6300
B0079_S1_340C10p_att00_Rq0_00187,187,5904,25.7500
B0079_S1_340C10p_att00_Rq0_00188,188,5910,25.8500
B0079_S1_340C10p_att00_Rq0_00189,189,5916,25.9400
B0079_S1_340C10p_att00_Rq0_00190,190,5921,26.0500
B0079_S1_340C10p_att00_Rq0_00191,191,5927,26.1300
B0079_S1_340C10p_att00_Rq0_00192,192,5933,26.2400
B0079_S1_340C10p_att00_Rq0_00193,193,5939,26.3400
B0079_S1_340C10p_att00_Rq0_00194,194,5945,26.4300
B0079_S1_340C10p_att00_Rq0_00195,195,5950,26.5800
B0079_S1_340C10p_att00_Rq0_00196,196,5959,26.6800
B0079_S1_340C10p_att00_Rq0_00197,197,5965,26.7800
B0079_S1_340C10p_att00_Rq0_00198,198,5971,26.8800
B0079_S1_340C10p_att00_Rq0_00199,199,5977,26.9800
B0079_S1_340C10p_att00_Rq0_00200,200,5983,27.0700
B0079_S1_340C10p_att00_Rq0_00201,201,5991,27.2200
B0079_S1_340C10p_att00_Rq0_00202,202,5997,27.3200
B0079_S1_340C10p_att00_Rq0_00203,203,6004,27.4200
B0079_S1_340C10p_att00_Rq0_00204,204,6009,27.5200
B0079_S1_340C10p_att00_Rq0_00205,205,6015,27.6200
B0079_S1_340C10p_att00_Rq0_00206,206,6021,27.7200
B0079_S1_340C10p_att00_Rq0_00207,207,6027,27.8100
B0079_S1_340C10p_att00_Rq0_00208,208,6032,27.9200
B0079_S1_340C10p_att00_Rq0_00209,209,6038,28.0100
B0079_S1_340C10p_att00_Rq0_00210,210,6044,28.1000
B0079_S1_340C10p_att00_Rq0_00211,211,6049,28.1900
B0079_S1_340C10p_att00_Rq0_00212,212,6055,28.2900
B0079_S1_340C10p_att00_Rq0_00213,213,6061,28.4600
B0079_S1_340C10p_att00_Rq0_00214,214,6071,28.5700
B0079_S1_340C10p_att00_Rq0_00215,215,6078,28.6800
B0079_S1_340C10p_att00_Rq0_00216,216,6084,28.7800
B0079_S1_340C10p_att00_Rq0_00217,217,6090,28.8800
B0079_S1_340C10p_att00_Rq0_00218,218,6096,28.9800
B0079_S1_340C10p_att00_Rq0_00219,219,6102,29.0600
B0079_S1_340C10p_att00_Rq0_00220,220,6107,29.1600
B0079_S1_340C10p_att00_Rq0_00221,221,6115,29.3000
B0079_S1_340C10p_att00_Rq0_00222,222,6121,29.4000
B0079_S1_340C10p_att00_Rq0_00223,223,6127,29.5000
B0079_S1_340C10p_att00_Rq0_00224,224,6133,29.6400
B0079_S1_340C10p_att00_Rq0_00225,225,6141,29.7400
B0079_S1_340C10p_att00_Rq0_00226,226,6147,29.8200
B0079_S1_340C10p_att00_Rq0_00227,227,6152,29.9300
B0079_S1_340C10p_att00_Rq0_00228,228,6158,30.0600
B0079_S1_340C10p_att00_Rq0_00229,229,6166,30.1600
B0079_S1_340C10p_att00_Rq0_00230,230,6172,30.2600
B0079_S1_340C10p_att00_Rq0_00231,231,6178,30.3600
B0079_S1_340C10p_att00_Rq0_00232,232,6184,30.4700
B0079_S1_340C10p_att00_Rq0_00233,233,6189,30.6400
B0079_S1_340C10p_att00_Rq0_00234,234,6201,30.7400
B0079_S1_340C10p_att00_Rq0_00235,235,6207,30.8400
B0079_S1_340C10p_att00_Rq0_00236,236,6213,30.9600
B0079_S1_340C10p_att00_Rq0_00237,237,6219,31.0500
B0079_S1_340C10p_att00_Rq0_00238,238,6225,31.1500
B0079_S1_340C10p_att00_Rq0_00239,239,6230,31.2400
B0079_S1_340C10p_att00_Rq0_00240,240,6236,31.3400
B0079_S1_340C10p_att00_Rq0_00241,241,6244,31.4700
B0079_S1_340C10p_att00_Rq0_00242,242,6250,31.5800
B0079_S1_340C10p_att00_Rq0_00243,243,6256,31.6800
B0079_S1_340C10p_att00_Rq0_00244,244,6262,31.7500
B0079_S1_340C10p_att00_Rq0_00245,245,6267,31.8600
B0079_S1_340C10p_att00_Rq0_00246,246,6273,31.9500
B0079_S1_340C10p_att00_Rq0_00247,247,6279,32.0700
B0079_S1_340C10p_att00_Rq0_00248,248,6284,32.1500
B0079_S1_340C10p_att00_Rq0_00249,249,6292,32.2600
B0079_S1_340C10p_att00_Rq0_00250,250,6298,32.3600
B0079_S1_340C10p_att00_Rq0_00251,251,6303,32.4600
B0079_S1_340C10p_att00_Rq0_00252,252,6309,32.5600
B0079_S1_340C10p_att00_Rq0_00253,253,6314,32.6500
B0079_S1_340C10p_att00_Rq0_00254,254,6320,32.7500
B0079_S1_340C10p_att00_Rq0_00255,255,6326,32.8600
B0079_S1_340C10p_att00_Rq0_00256,256,6332,32.9300
B0079_S1_340C10p_att00_Rq0_00257,257,6337,33.0300
B0079_S1_340C10p_att00_Rq0_00258,258,6343,33.1300
B0079_S1_340C10p_att00_Rq0_00259,259,6349,33.2300
B0079_S1_340C10p_att00_Rq0_00260,260,6356,33.3500
B0079_S1_340C10p_att00_Rq0_00261,261,6364,33.4900
B0079_S1_340C10p_att00_Rq0_00262,262,6370,33.5900
B0079_S1_340C10p_att00_Rq0_00263,263,6376,33.6700
B0079_S1_340C10p_att00_Rq0_00264,264,6382,33.7800
B0079_S1_340C10p_att00_Rq0_00265,265,6391,33.9200
B0079_S1_340C10p_att00_Rq0_00266,266,6396,34.0300
B0079_S1_340C10p_att00_Rq0_00267,267,6402,34.0000
B0079_S1_340C10p_att00_Rq0_00268,268,6408,34.0000
B0079_S1_340C10p_att00_Rq0_00269,269,6414,34.0100
B0079_S1_340C10p_att00_Rq0_00270,270,6424,34.0000
D0080_Buffer_034C_att00_Rq0_00001,1,6451,31.8600
D0080_Buffer_034C_att00_Rq0_00002,2,6457,31.3600
D0080_Buffer_034C_att00_Rq0_00003,3,6463,30.8600
D0080_Buffer_034C_att00_Rq0_00004,4,6469,30.4100
D0080_Buffer_034C_att00_Rq0_00005,5,6474,29.9000
D0080_Buffer_034C_att00_Rq0_00006,6,6480,29.3300
D0080_Buffer_034C_att00_Rq0_00007,7,6489,28.7300
D0080_Buffer_034C_att00_Rq0_00008,8,6494,28.0100
D0080_Buffer_034C_att00_Rq0_00009,9,6503,27.4900
D0080_Buffer_034C_att00_Rq0_00010,10,6509,27.0000
D0080_Buffer_034C_att00_Rq0_00011,11,6514,26.5500
D0080_Buffer_034C_att00_Rq0_00012,12,6520,26.0600
D0080_Buffer_034C_att00_Rq0_00013,13,6526,25.6500
D0080_Buffer_034C_att00_Rq0_00014,14,6532,25.1400
D0080_Buffer_034C_att00_Rq0_00015,15,6537,24.6400
D0080_Buffer_034C_att00_Rq0_00016,16,6543,23.8500
D0080_Buffer_034C_att00_Rq0_00017,17,6553,23.2900
D0080_Buffer_034C_att00_Rq0_00018,18,6559,22.7900
D0080_Buffer_034C_att00_Rq0_00019,19,6564,22.3500
D0080_Buffer_034C_att00_Rq0_00020,20,6570,21.8500
D0080_Buffer_034C_att00_Rq0_00021,21,6576,21.2800
D0080_Buffer_034C_att00_Rq0_00022,22,6584,20.7800
D0080_Buffer_034C_att00_Rq0_00023,23,6589,20.2800
D0080_Buffer_034C_att00_Rq0_00024,24,6595,19.7600
D0080_Buffer_034C_att00_Rq0_00025,25,6601,19.2700
D0080_Buffer_034C_att00_Rq0_00026,26,6607,18.8100
D0080_Buffer_034C_att00_Rq0_00027,27,6616,17.9000
D0080_Buffer_034C_att00_Rq0_00028,28,6623,17.4000
D0080_Buffer_034C_att00_Rq0_00029,29,6629,16.9000
D0080_Buffer_034C_att00_Rq0_00030,30,6635,16.4100
D0080_Buffer_034C_att00_Rq0_00031,31,6641,15.5500
D0080_Buffer_034C_att00_Rq0_00032,32,6651,15.0500
D0080_Buffer_034C_att00_Rq0_00033,33,6657,14.5500
D0080_Buffer_034C_att00_Rq0_00034,34,6663,14.0400
D0080_Buffer_034C_att00_Rq0_00035,35,6669,13.6000
D0080_Buffer_034C_att00_Rq0_00036,36,6674,13.1000
D0080_Buffer_034C_att00_Rq0_00037,37,6684,12.3600
D0080_Buffer_034C_att00_Rq0_00038,38,6689,11.8600
D0080_Buffer_034C_att00_Rq0_00039,39,6695,11.3500
D0080_Buffer_034C_att00_Rq0_00040,40,6701,10.8500
D0080_Buffer_034C_att00_Rq0_00041,41,6707,10.4100
D0080_Buffer_034C_att00_Rq0_00042,42,6712,9.9100
D0080_Buffer_034C_att00_Rq0_00043,43,6718,9.4000
D0080_Buffer_034C_att00_Rq0_00044,44,6724,8.8900
D0080_Buffer_034C_att00_Rq0_00045,45,6730,8.5400
D0080_Buffer_034C_att00_Rq0_00046,46,6736,7.5900
D0080_Buffer_034C_att00_Rq0_00047,47,6748,6.9900
D0080_Buffer_034C_att00_Rq0_00048,48,6754,6.5100
D0080_Buffer_034C_att00_Rq0_00049,49,6759,6.0400
D0080_Buffer_034C_att00_Rq0_00050,50,6765,5.8000
B0081_S1_060C10p_att00_Rq0_00001,1,6866,5.9900
B0081_S1_060C10p_att00_Rq0_00002,2,6873,6.0000
B0081_S1_060C10p_att00_Rq0_00003,3,6879,6.0000
B0081_S1_060C10p_att00_Rq0_00004,4,6885,6.0000
B0081_S1_060C10p_att00_Rq0_00005,5,6890,6.0000
B0081_S1_060C10p_att00_Rq0_00006,6,6896,6.0100
B0081_S1_060C10p_att00_Rq0_00007,7,6903,6.0100
B0081_S1_060C10p_att00_Rq0_00008,8,6909,6.0000
B0081_S1_060C10p_att00_Rq0_00009,9,6915,6.0000
B0081_S1_060C10p_att00_Rq0_00010,10,6920,6.0000
B0081_S1_060C10p_att00_Rq0_00011,11,6928,6.0000
B0081_S1_060C10p_att00_Rq0_00012,12,6936,6.0000
B0081_S1_060C10p_att00_Rq0_00013,13,6942,6.0000
B0081_S1_060C10p_att00_Rq0_00014,14,6948,6.0000
B0081_S1_060C10p_att00_Rq0_00015,15,6953,6.0000
B0081_S1_060C10p_att00_Rq0_00016,16,6959,6.0000
B0081_S1_060C10p_att00_Rq0_00017,17,6965,6.0000
B0081_S1_060C10p_att00_Rq0_00018,18,6971,6.0000
B0081_S1_060C10p_att00_Rq0_00019,19,6977,6.0000
B0081_S1_060C10p_att00_Rq0_00020,20,6984,6.0100
B0081_S1_060C10p_att00_Rq0_00021,21,6990,6.0000
B0081_S1_060C10p_att00_Rq0_00022,22,6995,6.0000
B0081_S1_060C10p_att00_Rq0_00023,23,7001,6.0000
B0081_S1_060C10p_att00_Rq0_00024,24,7007,6.0000
B0081_S1_060C10p_att00_Rq0_00025,25,7012,6.0000
B0081_S1_060C10p_att00_Rq0_00026,26,7018,6.0000
B0081_S1_060C10p_att00_Rq0_00027,27,7024,5.9900
B0081_S1_060C10p_att00_Rq0_00028,28,7030,6.0000
B0081_S1_060C10p_att00_Rq0_00029,29,7035,6.0100
B0081_S1_060C10p_att00_Rq0_00030,30,7041,5.9900
B0081_S1_060C10p_att00_Rq0_00031,31,7049,6.0000
B0081_S1_060C10p_att00_Rq0_00032,32,7055,6.0000
B0081_S1_060C10p_att00_Rq0_00033,33,7060,6.0000
B0081_S1_060C10p_att00_Rq0_00034,34,7066,6.0000
B0081_S1_060C10p_att00_Rq0_00035,35,7072,6.0000
B0081_S1_060C10p_att00_Rq0_00036,36,7078,6.0000
B0081_S1_060C10p_att00_Rq0_00037,37,7084,6.0000
B0081_S1_060C10p_att00_Rq0_00038,38,7089,6.0000
B0081_S1_060C10p_att00_Rq0_00039,39,7097,6.0000
B0081_S1_060C10p_att00_Rq0_00040,40,7103,6.0000
B0081_S1_060C10p_att00_Rq0_00041,41,7109,6.0000
B0081_S1_060C10p_att00_Rq0_00042,42,7115,6.0000
B0081_S1_060C10p_att00_Rq0_00043,43,7121,5.9900
B0081_S1_060C10p_att00_Rq0_00044,44,7128,5.9900
B0081_S1_060C10p_att00_Rq0_00045,45,7134,6.0000
B0081_S1_060C10p_att00_Rq0_00046,46,7140,6.0000
B0081_S1_060C10p_att00_Rq0_00047,47,7146,6.0100
B0081_S1_060C10p_att00_Rq0_00048,48,7152,6.0000
B0081_S1_060C10p_att00_Rq0_00049,49,7157,6.0000
B0081_S1_060C10p_att00_Rq0_00050,50,7166,6.0000
B0082_S1_340C10p_att00_Rq0_00001,1,7177,6.1400
B0082_S1_340C10p_att00_Rq0_00002,2,7183,6.2400
B0082_S1_340C10p_att00_Rq0_00003,3,7188,6.3300
B0082_S1_340C10p_att00_Rq0_00004,4,7194,6.4300
B0082_S1_340C10p_att00_Rq0_00005,5,7200,6.5300
B0082_S1_340C10p_att00_Rq0_00006,6,7206,6.6100
B0082_S1_340C10p_att00_Rq0_00007,7,7212,6.7100
B0082_S1_340C10p_att00_Rq0_00008,8,7217,6.8100
B0082_S1_340C10p_att00_Rq0_00009,9,7227,6.9600
B0082_S1_340C10p_att00_Rq0_00010,10,7232,7.0700
B0082_S1_340C10p_att00_Rq0_00011,11,7238,7.1700
B0082_S1_340C10p_att00_Rq0_00012,12,7244,7.2500
B0082_S1_340C10p_att00_Rq0_00013,13,7250,7.3500
B0082_S1_340C10p_att00_Rq0_00014,14,7255,7.4600
B0082_S1_340C10p_att00_Rq0_00015,15,7261,7.5600
B0082_S1_340C10p_att00_Rq0_00016,16,7267,7.6600
B0082_S1_340C10p_att00_Rq0_00017,17,7273,7.7400
B0082_S1_340C10p_att00_Rq0_00018,18,7278,7.8800
B0082_S1_340C10p_att00_Rq0_00019,19,7287,7.9900
B0082_S1_340C10p_att00_Rq0_00020,20,7293,8.0900
B0082_S1_340C10p_att00_Rq0_00021,21,7301,8.2200
B0082_S1_340C10p_att00_Rq0_00022,22,7307,8.3300
B0082_S1_340C10p_att00_Rq0_00023,23,7313,8.4400
B0082_S1_340C10p_att00_Rq0_00024,24,7319,8.5300
B0082_S1_340C10p_att00_Rq0_00025,25,7324,8.6300
B0082_S1_340C10p_att00_Rq0_00026,26,7330,8.7300
B0082_S1_340C10p_att00_Rq0_00027,27,7336,8.8000
B0082_S1_340C10p_att00_Rq0_00028,28,7342,8.9100
B0082_S1_340C10p_att00_Rq0_00029,29,7347,9.0000
B0082_S1_340C10p_att00_Rq0_00030,30,7354,9.1200
B0082_S1_340C10p_att00_Rq0_00031,31,7360,9.2000
B0082_S1_340C10p_att00_Rq0_00032,32,7366,9.3000
B0082_S1_340C10p_att00_Rq0_00033,33,7371,9.3900
B0082_S1_340C10p_att00_Rq0_00034,34,7377,9.5000
B0082_S1_340C10p_att00_Rq0_00035,35,7383,9.6100
B0082_S1_340C10p_att00_Rq0_00036,36,7389,9.7000
B0082_S1_340C10p_att00_Rq0_00037,37,7394,9.7900
B0082_S1_340C10p_att00_Rq0_00038,38,7400,9.9700
B0082_S1_340C10p_att00_Rq0_00039,39,7410,10.0700
B0082_S1_340C10p_att00_Rq0_00040,40,7416,10.1400
B0082_S1_340C10p_att00_Rq0_00041,41,7424,10.2700
B0082_S1_340C10p_att00_Rq0_00042,42,7429,10.3700
B0082_S1_340C10p_att00_Rq0_00043,43,7435,10.4800
B0082_S1_340C10p_att00_Rq0_00044,44,7441,10.5900
B0082_S1_340C10p_att00_Rq0_00045,45,7447,10.6800
B0082_S1_340C10p_att00_Rq0_00046,46,7453,10.7800
B0082_S1_340C10p_att00_Rq0_00047,47,7458,10.8700
B0082_S1_340C10p_att00_Rq0_00048,48,7464,10.9800
B0082_S1_340C10p_att00_Rq0_00049,49,7470,11.0500
B0082_S1_340C10p_att00_Rq0_00050,50,7476,11.1400
B0082_S1_340C10p_att00_Rq0_00051,51,7481,11.2600
B0082_S1_340C10p_att00_Rq0_00052,52,7487,11.3600
B0082_S1_340C10p_att00_Rq0_00053,53,7493,11.4500
B0082_S1_340C10p_att00_Rq0_00054,54,7499,11.5400
B0082_S1_340C10p_att00_Rq0_00055,55,7504,11.6400
B0082_S1_340C10p_att00_Rq0_00056,56,7510,11.8200
B0082_S1_340C10p_att00_Rq0_00057,57,7520,11.9800
B0082_S1_340C10p_att00_Rq0_00058,58,7530,12.0800
B0082_S1_340C10p_att00_Rq0_00059,59,7536,12.1900
B0082_S1_340C10p_att00_Rq0_00060,60,7542,12.3000
B0082_S1_340C10p_att00_Rq0_00061,61,7552,12.4300
B0082_S1_340C10p_att00_Rq0_00062,62,7558,12.5400
B0082_S1_340C10p_att00_Rq0_00063,63,7564,12.6300
B0082_S1_340C10p_att00_Rq0_00064,64,7569,12.7400
B0082_S1_340C10p_att00_Rq0_00065,65,7575,12.8700
B0082_S1_340C10p_att00_Rq0_00066,66,7583,12.9700
B0082_S1_340C10p_att00_Rq0_00067,67,7589,13.0700
B0082_S1_340C10p_att00_Rq0_00068,68,7595,13.1700
B0082_S1_340C10p_att00_Rq0_00069,69,7601,13.2600
B0082_S1_340C10p_att00_Rq0_00070,70,7606,13.4200
B0082_S1_340C10p_att00_Rq0_00071,71,7616,13.5300
B0082_S1_340C10p_att00_Rq0_00072,72,7622,13.6300
B0082_S1_340C10p_att00_Rq0_00073,73,7628,13.7100
B0082_S1_340C10p_att00_Rq0_00074,74,7634,13.8100
B0082_S1_340C10p_att00_Rq0_00075,75,7639,13.9300
B0082_S1_340C10p_att00_Rq0_00076,76,7650,14.1000
B0082_S1_340C10p_att00_Rq0_00077,77,7656,14.1800
B0082_S1_340C10p_att00_Rq0_00078,78,7662,14.2800
B0082_S1_340C10p_att00_Rq0_00079,79,7667,14.3900
B0082_S1_340C10p_att00_Rq0_00080,80,7673,14.4900
B0082_S1_340C10p_att00_Rq0_00081,81,7681,14.6200
B0082_S1_340C10p_att00_Rq0_00082,82,7687,14.7200
B0082_S1_340C10p_att00_Rq0_00083,83,7692,14.8100
B0082_S1_340C10p_att00_Rq0_00084,84,7698,14.9000
B0082_S1_340C10p_att00_Rq0_00085,85,7704,15.0200
B0082_S1_340C10p_att00_Rq0_00086,86,7711,15.1300
B0082_S1_340C10p_att00_Rq0_00087,87,7717,15.2100
B0082_S1_340C10p_att00_Rq0_00088,88,7722,15.3100
B0082_S1_340C10p_att00_Rq0_00089,89,7728,15.4000
B0082_S1_340C10p_att00_Rq0_00090,90,7734,15.5100
B0082_S1_340C10p_att00_Rq0_00091,91,7744,15.6800
B0082_S1_340C10p_att00_Rq0_00092,92,7750,15.7600
B0082_S1_340C10p_att00_Rq0_00093,93,7755,15.8600
B0082_S1_340C10p_att00_Rq0_00094,94,7761,15.9600
B0082_S1_340C10p_att00_Rq0_00095,95,7768,16.1000
B0082_S1_340C10p_att00_Rq0_00096,96,7775,16.2000
B0082_S1_340C10p_att00_Rq0_00097,97,7781,16.2900
B0082_S1_340C10p_att00_Rq0_00098,98,7786,16.3700
B0082_S1_340C10p_att00_Rq0_00099,99,7792,16.4900
B0082_S1_340C10p_att00_Rq0_00100,100,7798,16.5700
B0082_S1_340C10p_att00_Rq0_00101,101,7806,16.7000
B0082_S1_340C10p_att00_Rq0_00102,102,7811,16.8100
B0082_S1_340C10p_att00_Rq0_00103,103,7817,16.9100
B0082_S1_340C10p_att00_Rq0_00104,104,7823,17.0400
B0082_S1_340C10p_att00_Rq0_00105,105,7830,17.1300
B0082_S1_340C10p_att00_Rq0_00106,106,7838,17.2400
B0082_S1_340C10p_att00_Rq0_00107,107,7843,17.3400
B0082_S1_340C10p_att00_Rq0_00108,108,7849,17.4500
B0082_S1_340C10p_att00_Rq0_00109,109,7855,17.5400
B0082_S1_340C10p_att00_Rq0_00110,110,7861,17.6500
B0082_S1_340C10p_att00_Rq0_00111,111,7866,17.7300
B0082_S1_340C10p_att00_Rq0_00112,112,7872,17.8300
B0082_S1_340C10p_att00_Rq0_00113,113,7878,17.9300
B0082_S1_340C10p_att00_Rq0_00114,114,7884,18.0500
B0082_S1_340C10p_att00_Rq0_00115,115,7891,18.1500
B0082_S1_340C10p_att00_Rq0_00116,116,7897,18.3100
B0082_S1_340C10p_att00_Rq0_00117,117,7907,18.4200
B0082_S1_340C10p_att00_Rq0_00118,118,7913,18.5200
B0082_S1_340C10p_att00_Rq0_00119,119,7919,18.6200
B0082_S1_340C10p_att00_Rq0_00120,120,7925,18.7100
B0082_S1_340C10p_att00_Rq0_00121,121,7933,18.8400
B0082_S1_340C10p_att00_Rq0_00122,122,7938,18.9400
B0082_S1_340C10p_att00_Rq0_00123,123,7944,19.1200
B0082_S1_340C10p_att00_Rq0_00124,124,7955,19.2100
B0082_S1_340C10p_att00_Rq0_00125,125,7960,19.3500
B0082_S1_340C10p_att00_Rq0_00126,126,7968,19.4300
B0082_S1_340C10p_att00_Rq0_00127,127,7973,19.5300
B0082_S1_340C10p_att00_Rq0_00128,128,7979,19.6300
B0082_S1_340C10p_att00_Rq0_00129,129,7985,19.7300
B0082_S1_340C10p_att00_Rq0_00130,130,7991,19.8300
B0082_S1_340C10p_att00_Rq0_00131,131,7997,19.9100
B0082_S1_340C10p_att00_Rq0_00132,132,8002,20.0200
B0082_S1_340C10p_att00_Rq0_00133,133,8010,20.1400
B0082_S1_340C10p_att00_Rq0_00134,134,8015,20.2400
B0082_S1_340C10p_att00_Rq0_00135,135,8021,20.3500
B0082_S1_340C10p_att00_Rq0_00136,136,8027,20.4200
B0082_S1_340C10p_att00_Rq0_00137,137,8032,20.5200
B0082_S1_340C10p_att00_Rq0_00138,138,8038,20.6300
B0082_S1_340C10p_att00_Rq0_00139,139,8044,20.7300
B0082_S1_340C10p_att00_Rq0_00140,140,8050,20.8300
B0082_S1_340C10p_att00_Rq0_00141,141,8058,20.9800
B0082_S1_340C10p_att00_Rq0_00142,142,8065,21.1000
B0082_S1_340C10p_att00_Rq0_00143,143,8072,21.1900
B0082_S1_340C10p_att00_Rq0_00144,144,8078,21.2700
B0082_S1_340C10p_att00_Rq0_00145,145,8083,21.3700
B0082_S1_340C10p_att00_Rq0_00146,146,8089,21.5500
B0082_S1_340C10p_att00_Rq0_00147,147,8099,21.6500
B0082_S1_340C10p_att00_Rq0_00148,148,8105,21.7400
B0082_S1_340C10p_att00_Rq0_00149,149,8110,21.8400
B0082_S1_340C10p_att00_Rq0_00150,150,8116,21.9400
B0082_S1_340C10p_att00_Rq0_00151,151,8122,22.0600
B0082_S1_340C10p_att00_Rq0_00152,152,8131,22.1800
B0082_S1_340C10p_att00_Rq0_00153,153,8137,22.2800
B0082_S1_340C10p_att00_Rq0_00154,154,8142,22.3800
B0082_S1_340C10p_att00_Rq0_00155,155,8148,22.4800
B0082_S1_340C10p_att00_Rq0_00156,156,8154,22.6400
B0082_S1_340C10p_att00_Rq0_00157,157,8164,22.7400
B0082_S1_340C10p_att00_Rq0_00158,158,8170,22.8200
B0082_S1_340C10p_att00_Rq0_00159,159,8176,22.9300
B0082_S1_340C10p_att00_Rq0_00160,160,8181,23.0400
B0082_S1_340C10p_att00_Rq0_00161,161,8189,23.1600
B0082_S1_340C10p_att00_Rq0_00162,162,8195,23.2600
B0082_S1_340C10p_att00_Rq0_00163,163,8201,23.3700
B0082_S1_340C10p_att00_Rq0_00164,164,8207,23.4500
B0082_S1_340C10p_att00_Rq0_00165,165,8212,23.5600
B0082_S1_340C10p_att00_Rq0_00166,166,8218,23.7400
B0082_S1_340C10p_att00_Rq0_00167,167,8229,23.8400
B0082_S1_340C10p_att00_Rq0_00168,168,8235,23.9200
B0082_S1_340C10p_att00_Rq0_00169,169,8240,24.0300
B0082_S1_340C10p_att00_Rq0_00170,170,8246,24.1400
B0082_S1_340C10p_att00_Rq0_00171,171,8253,24.2600
B0082_S1_340C10p_att00_Rq0_00172,172,8259,24.3400
B0082_S1_340C10p_att00_Rq0_00173,173,8264,24.4400
B0082_S1_340C10p_att00_Rq0_00174,174,8270,24.5300
B0082_S1_340C10p_att00_Rq0_00175,175,8276,24.6100
B0082_S1_340C10p_att00_Rq0_00176,176,8282,24.7200
B0082_S1_340C10p_att00_Rq0_00177,177,8288,24.8400
B0082_S1_340C10p_att00_Rq0_00178,178,8294,24.9300
B0082_S1_340C10p_att00_Rq0_00179,179,8300,25.0300
B0082_S1_340C10p_att00_Rq0_00180,180,8306,25.1700
B0082_S1_340C10p_att00_Rq0_00181,181,8317,25.3000
B0082_S1_340C10p_att00_Rq0_00182,182,8322,25.3900
B0082_S1_340C10p_att00_Rq0_00183,183,8328,25.4900
B0082_S1_340C10p_att00_Rq0_00184,184,8334,25.5900
B0082_S1_340C10p_att00_Rq0_00185,185,8340,25.6900
B0082_S1_340C10p_att00_Rq0_00186,186,8345,25.7900
B0082_S1_340C10p_att00_Rq0_00187,187,8351,25.8900
B0082_S1_340C10p_att00_Rq0_00188,188,8357,25.9900
B0082_S1_340C10p_att00_Rq0_00189,189,8363,26.0700
B0082_S1_340C10p_att00_Rq0_00190,190,8368,26.1800
B0082_S1_340C10p_att00_Rq0_00191,191,8374,26.2800
B0082_S1_340C10p_att00_Rq0_00192,192,8380,26.3900
B0082_S1_340C10p_att00_Rq0_00193,193,8387,26.4900
B0082_S1_340C10p_att00_Rq0_00194,194,8393,26.5800
B0082_S1_340C10p_att00_Rq0_00195,195,8399,26.6800
B0082_S1_340C10p_att00_Rq0_00196,196,8404,26.7800
B0082_S1_340C10p_att00_Rq0_00197,197,8410,26.8800
B0082_S1_340C10p_att00_Rq0_00198,198,8417,27.0000
B0082_S1_340C10p_att00_Rq0_00199,199,8423,27.0900
B0082_S1_340C10p_att00_Rq0_00200,200,8429,27.1900
B0082_S1_340C10p_att00_Rq0_00201,201,8436,27.3200
B0082_S1_340C10p_att00_Rq0_00202,202,8442,27.4200
B0082_S1_340C10p_att00_Rq0_00203,203,8448,27.5000
B0082_S1_340C10p_att00_Rq0_00204,204,8454,27.6000
B0082_S1_340C10p_att00_Rq0_00205,205,8460,27.7000
B0082_S1_340C10p_att00_Rq0_00206,206,8465,27.8100
B0082_S1_340C10p_att00_Rq0_00207,207,8471,27.9100
B0082_S1_340C10p_att00_Rq0_00208,208,8477,28.0200
B0082_S1_340C10p_att00_Rq0_00209,209,8484,28.1300
B0082_S1_340C10p_att00_Rq0_00210,210,8490,28.2200
B0082_S1_340C10p_att00_Rq0_00211,211,8496,28.3100
B0082_S1_340C10p_att00_Rq0_00212,212,8502,28.4100
B0082_S1_340C10p_att00_Rq0_00213,213,8507,28.5800
B0082_S1_340C10p_att00_Rq0_00214,214,8518,28.7000
B0082_S1_340C10p_att00_Rq0_00215,215,8524,28.7800
B0082_S1_340C10p_att00_Rq0_00216,216,8530,28.8800
B0082_S1_340C10p_att00_Rq0_00217,217,8535,28.9900
B0082_S1_340C10p_att00_Rq0_00218,218,8541,29.1100
B0082_S1_340C10p_att00_Rq0_00219,219,8548,29.2100
B0082_S1_340C10p_att00_Rq0_00220,220,8555,29.3000
B0082_S1_340C10p_att00_Rq0_00221,221,8562,29.4400
B0082_S1_340C10p_att00_Rq0_00222,222,8568,29.5300
B0082_S1_340C10p_att00_Rq0_00223,223,8574,29.6300
B0082_S1_340C10p_att00_Rq0_00224,224,8580,29.7500
B0082_S1_340C10p_att00_Rq0_00225,225,8586,29.8400
B0082_S1_340C10p_att00_Rq0_00226,226,8592,29.9300
B0082_S1_340C10p_att00_Rq0_00227,227,8597,30.0200
B0082_S1_340C10p_att00_Rq0_00228,228,8603,30.1200
B0082_S1_340C10p_att00_Rq0_00229,229,8609,30.2300
B0082_S1_340C10p_att00_Rq0_00230,230,8615,30.3300
B0082_S1_340C10p_att00_Rq0_00231,231,8621,30.4100
B0082_S1_340C10p_att00_Rq0_00232,232,8626,30.5100
B0082_S1_340C10p_att00_Rq0_00233,233,8632,30.6200
B0082_S1_340C10p_att00_Rq0_00234,234,8638,30.7100
B0082_S1_340C10p_att00_Rq0_00235,235,8644,30.8100
B0082_S1_340C10p_att00_Rq0_00236,236,8650,30.9200
B0082_S1_340C10p_att00_Rq0_00237,237,8656,31.0200
B0082_S1_340C10p_att00_Rq0_00238,238,8662,31.1000
B0082_S1_340C10p_att00_Rq0_00239,239,8667,31.2500
B0082_S1_340C10p_att00_Rq0_00240,240,8676,31.3600
B0082_S1_340C10p_att00_Rq0_00241,241,8685,31.5100
B0082_S1_340C10p_att00_Rq0_00242,242,8690,31.5800
B0082_S1_340C10p_att00_Rq0_00243,243,8696,31.6900
B0082_S1_340C10p_att00_Rq0_00244,244,8702,31.8100
B0082_S1_340C10p_att00_Rq0_00245,245,8709,31.9100
B0082_S1_340C10p_att00_Rq0_00246,246,8715,31.9800
B0082_S1_340C10p_att00_Rq0_00247,247,8720,32.0800
B0082_S1_340C10p_att00_Rq0_00248,248,8726,32.1900
B0082_S1_340C10p_att00_Rq0_00249,249,8732,32.2900
B0082_S1_340C10p_att00_Rq0_00250,250,8737,32.3800
B0082_S1_340C10p_att00_Rq0_00251,251,8743,32.4700
B0082_S1_340C10p_att00_Rq0_00252,252,8749,32.5800
B0082_S1_340C10p_att00_Rq0_00253,253,8755,32.6700
B0082_S1_340C10p_att00_Rq0_00254,254,8760,32.7700
B0082_S1_340C10p_att00_Rq0_00255,255,8766,32.9400
B0082_S1_340C10p_att00_Rq0_00256,256,8777,33.0400
B0082_S1_340C10p_att00_Rq0_00257,257,8783,33.1300
B0082_S1_340C10p_att00_Rq0_00258,258,8788,33.3000
B0082_S1_340C10p_att00_Rq0_00259,259,8798,33.4800
B0082_S1_340C10p_att00_Rq0_00260,260,8808,33.5700
B0082_S1_340C10p_att00_Rq0_00261,261,8816,33.6800
B0082_S1_340C10p_att00_Rq0_00262,262,8822,33.7900
B0082_S1_340C10p_att00_Rq0_00263,263,8827,33.8900
B0082_S1_340C10p_att00_Rq0_00264,264,8833,34.0000
B0082_S1_340C10p_att00_Rq0_00265,265,8839,34.0000
B0082_S1_340C10p_att00_Rq0_00266,266,8845,34.0000
B0082_S1_340C10p_att00_Rq0_00267,267,8850,34.0000
B0082_S1_340C10p_att00_Rq0_00268,268,8856,34.0100
B0082_S1_340C10p_att00_Rq0_00269,269,8862,34.0000
B0082_S1_340C10p_att00_Rq0_00270,270,8869,34.0000
B0083_S1_060C10p_att00_Rq0_00001,1,9841,6.0000
B0083_S1_060C10p_att00_Rq0_00002,2,9850,6.0000
B0083_S1_060C10p_att00_Rq0_00003,3,9855,6.0000
B0083_S1_060C10p_att00_Rq0_00004,4,9865,6.0000
B0083_S1_060C10p_att00_Rq0_00005,5,9870,6.0000
B0083_S1_060C10p_att00_Rq0_00006,6,9876,6.0000
B0083_S1_060C10p_att00_Rq0_00007,7,9886,6.0000
B0083_S1_060C10p_att00_Rq0_00008,8,9892,6.0000
B0083_S1_060C10p_att00_Rq0_00009,9,9897,6.0000
B0083_S1_060C10p_att00_Rq0_00010,10,9903,6.0000
B0083_S1_060C10p_att00_Rq0_00011,11,9911,6.0000
B0083_S1_060C10p_att00_Rq0_00012,12,9917,6.0000
B0083_S1_060C10p_att00_Rq0_00013,13,9923,6.0100
B0083_S1_060C10p_att00_Rq0_00014,14,9928,6.0000
B0083_S1_060C10p_att00_Rq0_00015,15,9934,6.0000
B0083_S1_060C10p_att00_Rq0_00016,16,9940,6.0000
B0083_S1_060C10p_att00_Rq0_00017,17,9946,6.0000
B0083_S1_060C10p_att00_Rq0_00018,18,9951,6.0000
B0083_S1_060C10p_att00_Rq0_00019,19,9958,6.0000
B0083_S1_060C10p_att00_Rq0_00020,20,9964,6.0000
B0083_S1_060C10p_att00_Rq0_00021,21,9970,6.0000
B0083_S1_060C10p_att00_Rq0_00022,22,9975,6.0000
B0083_S1_060C10p_att00_Rq0_00023,23,9981,6.0000
B0083_S1_060C10p_att00_Rq0_00024,24,9987,6.0000
B0083_S1_060C10p_att00_Rq0_00025,25,9992,6.0000
B0083_S1_060C10p_att00_Rq0_00026,26,9998,6.0000
B0083_S1_060C10p_att00_Rq0_00027,27,10007,6.0000
B0083_S1_060C10p_att00_Rq0_00028,28,10013,6.0000
B0083_S1_060C10p_att00_Rq0_00029,29,10019,6.0100
B0083_S1_060C10p_att00_Rq0_00030,30,10025,6.0000
B0083_S1_060C10p_att00_Rq0_00031,31,10033,6.0000
B0083_S1_060C10p_att00_Rq0_00032,32,10039,6.0000
B0083_S1_060C10p_att00_Rq0_00033,33,10045,6.0000
B0083_S1_060C10p_att00_Rq0_00034,34,10050,6.0000
B0083_S1_060C10p_att00_Rq0_00035,35,10057,6.0000
B0083_S1_060C10p_att00_Rq0_00036,36,10067,6.0000
B0083_S1_060C10p_att00_Rq0_00037,37,10073,6.0100
B0083_S1_060C10p_att00_Rq0_00038,38,10079,6.0000
B0083_S1_060C10p_att00_Rq0_00039,39,10084,6.0000
B0083_S1_060C10p_att00_Rq0_00040,40,10090,5.9900
B0083_S1_060C10p_att00_Rq0_00041,41,10096,6.0000
B0083_S1_060C10p_att00_Rq0_00042,42,10102,6.0000
B0083_S1_060C10p_att00_Rq0_00043,43,10107,6.0000
B0083_S1_060C10p_att00_Rq0_00044,44,10113,6.0000
B0083_S1_060C10p_att00_Rq0_00045,45,10126,6.0000
B0083_S1_060C10p_att00_Rq0_00046,46,10131,6.0000
B0083_S1_060C10p_att00_Rq0_00047,47,10137,6.0100
B0083_S1_060C10p_att00_Rq0_00048,48,10143,6.0000
B0083_S1_060C10p_att00_Rq0_00049,49,10149,6.0000
B0083_S1_060C10p_att00_Rq0_00050,50,10154,6.0000
B0084_S1_340C10p_att00_Rq0_00001,1,10165,6.1300
B0084_S1_340C10p_att00_Rq0_00002,2,10171,6.2300
B0084_S1_340C10p_att00_Rq0_00003,3,10176,6.3200
B0084_S1_340C10p_att00_Rq0_00004,4,10182,6.4400
B0084_S1_340C10p_att00_Rq0_00005,5,10189,6.5200
B0084_S1_340C10p_att00_Rq0_00006,6,10194,6.6200
B0084_S1_340C10p_att00_Rq0_00007,7,10200,6.7100
B0084_S1_340C10p_att00_Rq0_00008,8,10206,6.8200
B0084_S1_340C10p_att00_Rq0_00009,9,10211,6.9300
B0084_S1_340C10p_att00_Rq0_00010,10,10218,7.0100
B0084_S1_340C10p_att00_Rq0_00011,11,10224,7.1100
B0084_S1_340C10p_att00_Rq0_00012,12,10229,7.2100
B0084_S1_340C10p_att00_Rq0_00013,13,10235,7.3100
B0084_S1_340C10p_att00_Rq0_00014,14,10241,7.4500
B0084_S1_340C10p_att00_Rq0_00015,15,10249,7.5400
B0084_S1_340C10p_att00_Rq0_00016,16,10254,7.6400
B0084_S1_340C10p_att00_Rq0_00017,17,10260,7.7400
B0084_S1_340C10p_att00_Rq0_00018,18,10266,7.8200
B0084_S1_340C10p_att00_Rq0_00019,19,10271,7.9100
B0084_S1_340C10p_att00_Rq0_00020,20,10277,8.0200
B0084_S1_340C10p_att00_Rq0_00021,21,10285,8.1500
B0084_S1_340C10p_att00_Rq0_00022,22,10291,8.2400
B0084_S1_340C10p_att00_Rq0_00023,23,10296,8.3400
B0084_S1_340C10p_att00_Rq0_00025,25,10317,8.6900
B0084_S1_340C10p_att00_Rq0_00026,26,10323,8.7800
B0084_S1_340C10p_att00_Rq0_00027,27,10329,8.8800
B0084_S1_340C10p_att00_Rq0_00028,28,10335,9.0000
B0084_S1_340C10p_att00_Rq0_00029,29,10341,9.0900
B0084_S1_340C10p_att00_Rq0_00030,30,10347,9.1700
B0084_S1_340C10p_att00_Rq0_00031,31,10352,9.2900
B0084_S1_340C10p_att00_Rq0_00032,32,10358,9.3900
B0084_S1_340C10p_att00_Rq0_00033,33,10364,9.4900
B0084_S1_340C10p_att00_Rq0_00034,34,10369,9.5700
B0084_S1_340C10p_att00_Rq0_00035,35,10375,9.6700
B0084_S1_340C10p_att00_Rq0_00036,36,10381,9.7700
B0084_S1_340C10p_att00_Rq0_00037,37,10387,9.8800
B0084_S1_340C10p_att00_Rq0_00038,38,10393,9.9600
B0084_S1_340C10p_att00_Rq0_00039,39,10398,10.0600
B0084_S1_340C10p_att00_Rq0_00040,40,10404,10.1800
B0084_S1_340C10p_att00_Rq0_00041,41,10413,10.3100
B0084_S1_340C10p_att00_Rq0_00042,42,10419,10.4200
B0084_S1_340C10p_att00_Rq0_00043,43,10425,10.5100
B0084_S1_340C10p_att00_Rq0_00044,44,10431,10.6000
B0084_S1_340C10p_att00_Rq0_00045,45,10436,10.7700
B0084_S1_340C10p_att00_Rq0_00046,46,10447,10.8800
B0084_S1_340C10p_att00_Rq0_00047,47,10453,10.9800
B0084_S1_340C10p_att00_Rq0_00048,48,10459,11.0700
B0084_S1_340C10p_att00_Rq0_00049,49,10464,11.1600
B0084_S1_340C10p_att00_Rq0_00050,50,10470,11.2700
B0084_S1_340C10p_att00_Rq0_00051,51,10476,11.3600
B0084_S1_340C10p_att00_Rq0_00052,52,10482,11.4700
B0084_S1_340C10p_att00_Rq0_00053,53,10491,11.6200
B0084_S1_340C10p_att00_Rq0_00054,54,10498,11.7200
B0084_S1_340C10p_att00_Rq0_00055,55,10503,11.8200
B0084_S1_340C10p_att00_Rq0_00056,56,10509,11.9200
B0084_S1_340C10p_att00_Rq0_00057,57,10515,12.0200
B0084_S1_340C10p_att00_Rq0_00058,58,10521,12.1200
B0084_S1_340C10p_att00_Rq0_00059,59,10526,12.2100
B0084_S1_340C10p_att00_Rq0_00060,60,10532,12.4000
B0084_S1_340C10p_att00_Rq0_00061,61,10545,12.5300
B0084_S1_340C10p_att00_Rq0_00062,62,10551,12.6200
B0084_S1_340C10p_att00_Rq0_00063,63,10557,12.7300
B0084_S1_340C10p_att00_Rq0_00064,64,10563,12.8200
B0084_S1_340C10p_att00_Rq0_00065,65,10568,12.9200
B0084_S1_340C10p_att00_Rq0_00066,66,10574,13.0200
B0084_S1_340C10p_att00_Rq0_00067,67,10580,13.1200
B0084_S1_340C10p_att00_Rq0_00068,68,10586,13.2000
B0084_S1_340C10p_att00_Rq0_00069,69,10591,13.3000
B0084_S1_340C10p_att00_Rq0_00070,70,10597,13.4500
B0084_S1_340C10p_att00_Rq0_00071,71,10607,13.5600
B0084_S1_340C10p_att00_Rq0_00072,72,10612,13.6600
B0084_S1_340C10p_att00_Rq0_00073,73,10618,13.7400
B0084_S1_340C10p_att00_Rq0_00074,74,10624,13.8400
B0084_S1_340C10p_att00_Rq0_00075,75,10629,14.0000
B0084_S1_340C10p_att00_Rq0_00076,76,10638,14.0800
B0084_S1_340C10p_att00_Rq0_00077,77,10644,14.1700
B0084_S1_340C10p_att00_Rq0_00078,78,10650,14.2800
B0084_S1_340C10p_att00_Rq0_00079,79,10656,14.3700
B0084_S1_340C10p_att00_Rq0_00080,80,10661,14.6500
B0084_S1_340C10p_att00_Rq0_00081,81,10680,14.7800
B0084_S1_340C10p_att00_Rq0_00082,82,10685,14.8800
B0084_S1_340C10p_att00_Rq0_00083,83,10691,14.9900
B0084_S1_340C10p_att00_Rq0_00084,84,10697,15.0700
B0084_S1_340C10p_att00_Rq0_00085,85,10702,15.1600
B0084_S1_340C10p_att00_Rq0_00086,86,10708,15.2800
B0084_S1_340C10p_att00_Rq0_00087,87,10714,15.3500
B0084_S1_340C10p_att00_Rq0_00088,88,10720,15.4500
B0084_S1_340C10p_att00_Rq0_00089,89,10725,15.5800
B0084_S1_340C10p_att00_Rq0_00090,90,10733,15.6900
B0084_S1_340C10p_att00_Rq0_00091,91,10739,15.7900
B0084_S1_340C10p_att00_Rq0_00092,92,10745,15.8900
B0084_S1_340C10p_att00_Rq0_00093,93,10751,15.9800
B0084_S1_340C10p_att00_Rq0_00094,94,10756,16.0800
B0084_S1_340C10p_att00_Rq0_00095,95,10766,16.2300
B0084_S1_340C10p_att00_Rq0_00096,96,10771,16.3400
B0084_S1_340C10p_att00_Rq0_00097,97,10777,16.4300
B0084_S1_340C10p_att00_Rq0_00098,98,10783,16.5300
B0084_S1_340C10p_att00_Rq0_00099,99,10789,16.6100
B0084_S1_340C10p_att00_Rq0_00100,100,10796,16.7500
B0084_S1_340C10p_att00_Rq0_00101,101,10804,16.8800
B0084_S1_340C10p_att00_Rq0_00102,102,10810,16.9800
B0084_S1_340C10p_att00_Rq0_00103,103,10816,17.0700
B0084_S1_340C10p_att00_Rq0_00104,104,10822,17.2400
B0084_S1_340C10p_att00_Rq0_00105,105,10831,17.3300
B0084_S1_340C10p_att00_Rq0_00106,106,10837,17.4400
B0084_S1_340C10p_att00_Rq0_00107,107,10843,17.5200
B0084_S1_340C10p_att00_Rq0_00108,108,10848,17.6300
B0084_S1_340C10p_att00_Rq0_00109,109,10854,17.7600
B0084_S1_340C10p_att00_Rq0_00110,110,10863,17.8600
B0084_S1_340C10p_att00_Rq0_00111,111,10868,17.9600
B0084_S1_340C10p_att00_Rq0_00112,112,10874,18.0600
B0084_S1_340C10p_att00_Rq0_00113,113,10880,18.1500
B0084_S1_340C10p_att00_Rq0_00114,114,10886,18.2500
B0084_S1_340C10p_att00_Rq0_00115,115,10893,18.3800
B0084_S1_340C10p_att00_Rq0_00116,116,10899,18.4600
B0084_S1_340C10p_att00_Rq0_00117,117,10904,18.5700
B0084_S1_340C10p_att00_Rq0_00118,118,10914,18.7100
B0084_S1_340C10p_att00_Rq0_00119,119,10920,18.8400
B0084_S1_340C10p_att00_Rq0_00120,120,10926,18.9400
B0084_S1_340C10p_att00_Rq0_00121,121,10934,19.0500
B0084_S1_340C10p_att00_Rq0_00122,122,10939,19.1500
B0084_S1_340C10p_att00_Rq0_00123,123,10945,19.2600
B0084_S1_340C10p_att00_Rq0_00124,124,10951,19.3900
B0084_S1_340C10p_att00_Rq0_00125,125,10959,19.4900
B0084_S1_340C10p_att00_Rq0_00126,126,10965,19.6100
B0084_S1_340C10p_att00_Rq0_00127,127,10973,19.7200
B0084_S1_340C10p_att00_Rq0_00128,128,10979,19.8200
B0084_S1_340C10p_att00_Rq0_00129,129,10985,19.9200
B0084_S1_340C10p_att00_Rq0_00130,130,10991,20.0100
B0084_S1_340C10p_att00_Rq0_00131,131,10996,20.1200
B0084_S1_340C10p_att00_Rq0_00132,132,11002,20.2000
B0084_S1_340C10p_att00_Rq0_00133,133,11008,20.2900
B0084_S1_340C10p_att00_Rq0_00134,134,11013,20.3900
B0084_S1_340C10p_att00_Rq0_00135,135,11019,20.5000
B0084_S1_340C10p_att00_Rq0_00136,136,11025,20.5900
B0084_S1_340C10p_att00_Rq0_00137,137,11033,20.7400
B0084_S1_340C10p_att00_Rq0_00138,138,11039,20.8300
B0084_S1_340C10p_att00_Rq0_00139,139,11045,20.9300
B0084_S1_340C10p_att00_Rq0_00140,140,11051,21.0300
B0084_S1_340C10p_att00_Rq0_00141,141,11059,21.1600
B0084_S1_340C10p_att00_Rq0_00142,142,11064,21.2500
B0084_S1_340C10p_att00_Rq0_00143,143,11070,21.3500
B0084_S1_340C10p_att00_Rq0_00144,144,11076,21.4400
B0084_S1_340C10p_att00_Rq0_00145,145,11082,21.5400
B0084_S1_340C10p_att00_Rq0_00146,146,11087,21.6600
B0084_S1_340C10p_att00_Rq0_00147,147,11094,21.7400
B0084_S1_340C10p_att00_Rq0_00148,148,11100,21.8400
B0084_S1_340C10p_att00_Rq0_00149,149,11105,21.9400
B0084_S1_340C10p_att00_Rq0_00150,150,11111,22.1100
B0084_S1_340C10p_att00_Rq0_00151,151,11121,22.2100
B0084_S1_340C10p_att00_Rq0_00152,152,11127,22.3100
B0084_S1_340C10p_att00_Rq0_00153,153,11133,22.4100
B0084_S1_340C10p_att00_Rq0_00154,154,11138,22.4900
B0084_S1_340C10p_att00_Rq0_00155,155,11144,22.6500
B0084_S1_340C10p_att00_Rq0_00156,156,11153,22.7500
B0084_S1_340C10p_att00_Rq0_00157,157,11159,22.8500
B0084_S1_340C10p_att00_Rq0_00158,158,11165,22.9500
B0084_S1_340C10p_att00_Rq0_00159,159,11171,23.0300
B0084_S1_340C10p_att00_Rq0_00160,160,11176,23.1700
B0084_S1_340C10p_att00_Rq0_00161,161,11186,23.3000
B0084_S1_340C10p_att00_Rq0_00162,162,11192,23.4100
B0084_S1_340C10p_att00_Rq0_00163,163,11198,23.4900
B0084_S1_340C10p_att00_Rq0_00164,164,11204,23.5900
B0084_S1_340C10p_att00_Rq0_00165,165,11209,23.6900
B0084_S1_340C10p_att00_Rq0_00166,166,11216,23.7800
B0084_S1_340C10p_att00_Rq0_00167,167,11221,23.8900
B0084_S1_340C10p_att00_Rq0_00168,168,11227,23.9900
B0084_S1_340C10p_att00_Rq0_00169,169,11233,24.1000
B0084_S1_340C10p_att00_Rq0_00170,170,11239,24.1600
B0084_S1_340C10p_att00_Rq0_00171,171,11244,24.2600
B0084_S1_340C10p_att00_Rq0_00172,172,11250,24.3700
B0084_S1_340C10p_att00_Rq0_00173,173,11256,24.4800
B0084_S1_340C10p_att00_Rq0_00174,174,11261,24.5600
B0084_S1_340C10p_att00_Rq0_00175,175,11267,24.7300
B0084_S1_340C10p_att00_Rq0_00176,176,11276,24.8200
B0084_S1_340C10p_att00_Rq0_00177,177,11282,24.9300
B0084_S1_340C10p_att00_Rq0_00178,178,11288,25.0300
B0084_S1_340C10p_att00_Rq0_00179,179,11294,25.1100
B0084_S1_340C10p_att00_Rq0_00180,180,11300,25.2100
B0084_S1_340C10p_att00_Rq0_00181,181,11308,25.3400
B0084_S1_340C10p_att00_Rq0_00182,182,11313,25.4400
B0084_S1_340C10p_att00_Rq0_00183,183,11319,25.5400
B0084_S1_340C10p_att00_Rq0_00184,184,11325,25.6400
B0084_S1_340C10p_att00_Rq0_00185,185,11331,25.7500
B0084_S1_340C10p_att00_Rq0_00186,186,11336,25.9000
B0084_S1_340C10p_att00_Rq0_00187,187,11347,26.0100
B0084_S1_340C10p_att00_Rq0_00188,188,11353,26.1100
B0084_S1_340C10p_att00_Rq0_00189,189,11359,26.2000
B0084_S1_340C10p_att00_Rq0_00190,190,11365,26.3000
B0084_S1_340C10p_att00_Rq0_00191,191,11370,26.4100
B0084_S1_340C10p_att00_Rq0_00192,192,11377,26.5000
B0084_S1_340C10p_att00_Rq0_00193,193,11382,26.6000
B0084_S1_340C10p_att00_Rq0_00194,194,11388,26.7300
B0084_S1_340C10p_att00_Rq0_00195,195,11396,26.8200
B0084_S1_340C10p_att00_Rq0_00196,196,11402,26.9500
B0084_S1_340C10p_att00_Rq0_00197,197,11409,27.0400
B0084_S1_340C10p_att00_Rq0_00198,198,11414,27.1400
B0084_S1_340C10p_att00_Rq0_00199,199,11420,27.2300
B0084_S1_340C10p_att00_Rq0_00200,200,11426,27.3300
B0084_S1_340C10p_att00_Rq0_00201,201,11434,27.5300
B0084_S1_340C10p_att00_Rq0_00202,202,11443,27.6300
B0084_S1_340C10p_att00_Rq0_00203,203,11449,27.7900
B0084_S1_340C10p_att00_Rq0_00204,204,11459,27.8800
B0084_S1_340C10p_att00_Rq0_00205,205,11465,28.0000
B0084_S1_340C10p_att00_Rq0_00206,206,11474,28.1400
B0084_S1_340C10p_att00_Rq0_00207,207,11479,28.2300
B0084_S1_340C10p_att00_Rq0_00208,208,11485,28.3300
B0084_S1_340C10p_att00_Rq0_00209,209,11491,28.4200
B0084_S1_340C10p_att00_Rq0_00210,210,11497,28.5100
B0084_S1_340C10p_att00_Rq0_00211,211,11506,28.6800
B0084_S1_340C10p_att00_Rq0_00212,212,11512,28.7700
B0084_S1_340C10p_att00_Rq0_00213,213,11517,28.8700
B0084_S1_340C10p_att00_Rq0_00214,214,11523,28.9700
B0084_S1_340C10p_att00_Rq0_00215,215,11529,29.0700
B0084_S1_340C10p_att00_Rq0_00216,216,11538,29.2200
B0084_S1_340C10p_att00_Rq0_00217,217,11544,29.3000
B0084_S1_340C10p_att00_Rq0_00218,218,11550,29.4100
B0084_S1_340C10p_att00_Rq0_00219,219,11555,29.5000
B0084_S1_340C10p_att00_Rq0_00220,220,11561,29.6200
B0084_S1_340C10p_att00_Rq0_00221,221,11570,29.7700
B0084_S1_340C10p_att00_Rq0_00222,222,11577,29.8600
B0084_S1_340C10p_att00_Rq0_00223,223,11582,29.9700
B0084_S1_340C10p_att00_Rq0_00224,224,11588,30.0700
B0084_S1_340C10p_att00_Rq0_00225,225,11594,30.1800
B0084_S1_340C10p_att00_Rq0_00226,226,11602,30.2800
B0084_S1_340C10p_att00_Rq0_00227,227,11607,30.3800
B0084_S1_340C10p_att00_Rq0_00228,228,11613,30.4900
B0084_S1_340C10p_att00_Rq0_00229,229,11619,30.5800
B0084_S1_340C10p_att00_Rq0_00230,230,11625,30.6600
B0084_S1_340C10p_att00_Rq0_00231,231,11630,30.8600
B0084_S1_340C10p_att00_Rq0_00232,232,11641,30.9600
B0084_S1_340C10p_att00_Rq0_00233,233,11647,31.0500
B0084_S1_340C10p_att00_Rq0_00234,234,11652,31.1500
B0084_S1_340C10p_att00_Rq0_00235,235,11658,31.2400
B0084_S1_340C10p_att00_Rq0_00236,236,11667,31.4000
B0084_S1_340C10p_att00_Rq0_00237,237,11673,31.4900
B0084_S1_340C10p_att00_Rq0_00238,238,11678,31.5800
B0084_S1_340C10p_att00_Rq0_00239,239,11684,31.6800
B0084_S1_340C10p_att00_Rq0_00240,240,11690,31.8600
B0084_S1_340C10p_att00_Rq0_00241,241,11703,31.9900
B0084_S1_340C10p_att00_Rq0_00242,242,11709,32.0900
B0084_S1_340C10p_att00_Rq0_00243,243,11715,32.1900
B0084_S1_340C10p_att00_Rq0_00244,244,11720,32.2900
B0084_S1_340C10p_att00_Rq0_00245,245,11726,32.3900
B0084_S1_340C10p_att00_Rq0_00246,246,11732,32.4700
B0084_S1_340C10p_att00_Rq0_00247,247,11737,32.5700
B0084_S1_340C10p_att00_Rq0_00248,248,11743,32.6700
B0084_S1_340C10p_att00_Rq0_00249,249,11749,32.7700
B0084_S1_340C10p_att00_Rq0_00250,250,11756,32.9500
B0084_S1_340C10p_att00_Rq0_00251,251,11766,33.0600
B0084_S1_340C10p_att00_Rq0_00252,252,11773,33.1700
B0084_S1_340C10p_att00_Rq0_00253,253,11778,33.2600
B0084_S1_340C10p_att00_Rq0_00254,254,11784,33.3600
B0084_S1_340C10p_att00_Rq0_00255,255,11790,33.4600
B0084_S1_340C10p_att00_Rq0_00256,256,11796,33.5400
B0084_S1_340C10p_att00_Rq0_00257,257,11801,33.6500
B0084_S1_340C10p_att00_Rq0_00258,258,11807,33.7500
B0084_S1_340C10p_att00_Rq0_00259,259,11813,33.8500
B0084_S1_340C10p_att00_Rq0_00260,260,11819,33.9200
B0084_S1_340C10p_att00_Rq0_00261,261,11828,34.0000
B0084_S1_340C10p_att00_Rq0_00262,262,11834,34.0100
B0084_S1_340C10p_att00_Rq0_00263,263,11840,34.0100
B0084_S1_340C10p_att00_Rq0_00264,264,11846,34.0000
B0084_S1_340C10p_att00_Rq0_00265,265,11851,34.0100
B0084_S1_340C10p_att00_Rq0_00266,266,11862,34.0000
B0084_S1_340C10p_att00_Rq0_00267,267,11868,34.0000
B0084_S1_340C10p_att00_Rq0_00268,268,11874,34.0000
B0084_S1_340C10p_att00_Rq0_00269,269,11879,34.0000
B0084_S1_340C10p_att00_Rq0_00270,270,11885,34.0000
B0085_S1_060C10p_att00_Rq0_00001,1,12858,6.0000
B0085_S1_060C10p_att00_Rq0_00002,2,12865,6.0000
B0085_S1_060C10p_att00_Rq0_00003,3,12871,6.0000
B0085_S1_060C10p_att00_Rq0_00004,4,12877,6.0000
B0085_S1_060C10p_att00_Rq0_00005,5,12886,6.0000
B0085_S1_060C10p_att00_Rq0_00006,6,12892,6.0000
B0085_S1_060C10p_att00_Rq0_00007,7,12897,6.0000
B0085_S1_060C10p_att00_Rq0_00008,8,12903,6.0000
B0085_S1_060C10p_att00_Rq0_00009,9,12909,6.0000
B0085_S1_060C10p_att00_Rq0_00010,10,12918,6.0000
B0085_S1_060C10p_att00_Rq0_00011,11,12926,6.0000
B0085_S1_060C10p_att00_Rq0_00012,12,12931,6.0000
B0085_S1_060C10p_att00_Rq0_00013,13,12937,6.0000
B0085_S1_060C10p_att00_Rq0_00014,14,12943,6.0000
B0085_S1_060C10p_att00_Rq0_00015,15,12949,6.0000
B0085_S1_060C10p_att00_Rq0_00016,16,12955,6.0000
B0085_S1_060C10p_att00_Rq0_00017,17,12961,6.0000
B0085_S1_060C10p_att00_Rq0_00018,18,12968,6.0000
B0085_S1_060C10p_att00_Rq0_00019,19,12974,6.0000
B0085_S1_060C10p_att00_Rq0_00020,20,12986,6.0000
B0085_S1_060C10p_att00_Rq0_00021,21,12991,5.9900
B0085_S1_060C10p_att00_Rq0_00022,22,12997,6.0000
B0085_S1_060C10p_att00_Rq0_00023,23,13003,6.0000
B0085_S1_060C10p_att00_Rq0_00024,24,13009,6.0000
B0085_S1_060C10p_att00_Rq0_00025,25,13015,6.0000
B0085_S1_060C10p_att00_Rq0_00026,26,13020,6.0000
B0085_S1_060C10p_att00_Rq0_00027,27,13029,6.0000
B0085_S1_060C10p_att00_Rq0_00028,28,13035,6.0000
B0085_S1_060C10p_att00_Rq0_00029,29,13040,6.0000
B0085_S1_060C10p_att00_Rq0_00030,30,13046,6.0000
B0085_S1_060C10p_att00_Rq0_00031,31,13054,6.0000
B0085_S1_060C10p_att00_Rq0_00032,32,13060,6.0000
B0085_S1_060C10p_att00_Rq0_00033,33,13066,6.0000
B0085_S1_060C10p_att00_Rq0_00034,34,13072,6.0000
B0085_S1_060C10p_att00_Rq0_00035,35,13078,6.0000
B0085_S1_060C10p_att00_Rq0_00036,36,13084,6.0000
B0085_S1_060C10p_att00_Rq0_00037,37,13089,6.0000
B0085_S1_060C10p_att00_Rq0_00038,38,13095,6.0000
B0085_S1_060C10p_att00_Rq0_00039,39,13101,6.0000
B0085_S1_060C10p_att00_Rq0_00040,40,13107,6.0000
B0085_S1_060C10p_att00_Rq0_00041,41,13113,6.0000
B0085_S1_060C10p_att00_Rq0_00042,42,13118,6.0100
B0085_S1_060C10p_att00_Rq0_00043,43,13124,6.0000
B0085_S1_060C10p_att00_Rq0_00044,44,13130,6.0000
B0085_S1_060C10p_att00_Rq0_00045,45,13136,6.0000
B0085_S1_060C10p_att00_Rq0_00046,46,13144,6.0000
B0085_S1_060C10p_att00_Rq0_00047,47,13150,6.0000
B0085_S1_060C10p_att00_Rq0_00048,48,13155,6.0000
B0085_S1_060C10p_att00_Rq0_00049,49,13161,6.0000
B0085_S1_060C10p_att00_Rq0_00050,50,13167,6.0000
B0086_S1_340C10p_att00_Rq0_00001,1,13179,6.1300
B0086_S1_340C10p_att00_Rq0_00002,2,13185,6.2300
B0086_S1_340C10p_att00_Rq0_00003,3,13190,6.3300
B0086_S1_340C10p_att00_Rq0_00004,4,13196,6.4300
B0086_S1_340C10p_att00_Rq0_00005,5,13202,6.5500
B0086_S1_340C10p_att00_Rq0_00006,6,13209,6.6400
B0086_S1_340C10p_att00_Rq0_00007,7,13215,6.7400
B0086_S1_340C10p_att00_Rq0_00008,8,13220,6.8300
B0086_S1_340C10p_att00_Rq0_00009,9,13226,6.9400
B0086_S1_340C10p_att00_Rq0_00010,10,13232,7.0500
B0086_S1_340C10p_att00_Rq0_00011,11,13239,7.1400
B0086_S1_340C10p_att00_Rq0_00012,12,13245,7.2500
B0086_S1_340C10p_att00_Rq0_00013,13,13251,7.3500
B0086_S1_340C10p_att00_Rq0_00014,14,13257,7.4400
B0086_S1_340C10p_att00_Rq0_00015,15,13262,7.5800
B0086_S1_340C10p_att00_Rq0_00016,16,13272,7.6900
B0086_S1_340C10p_att00_Rq0_00017,17,13277,7.7800
B0086_S1_340C10p_att00_Rq0_00018,18,13283,7.8900
B0086_S1_340C10p_att00_Rq0_00019,19,13288,7.9700
B0086_S1_340C10p_att00_Rq0_00020,20,13294,8.0700
B0086_S1_340C10p_att00_Rq0_00021,21,13302,8.2000
B0086_S1_340C10p_att00_Rq0_00022,22,13308,8.3000
B0086_S1_340C10p_att00_Rq0_00023,23,13313,8.4000
B0086_S1_340C10p_att00_Rq0_00024,24,13319,8.5000
B0086_S1_340C10p_att00_Rq0_00025,25,13325,8.5900
B0086_S1_340C10p_att00_Rq0_00026,26,13331,8.6800
B0086_S1_340C10p_att00_Rq0_00027,27,13336,8.7800
B0086_S1_340C10p_att00_Rq0_00028,28,13342,8.8800
B0086_S1_340C10p_att00_Rq0_00029,29,13348,8.9700
B0086_S1_340C10p_att00_Rq0_00030,30,13353,9.0500
B0086_S1_340C10p_att00_Rq0_00031,31,13360,9.1600
B0086_S1_340C10p_att00_Rq0_00032,32,13369,9.3300
B0086_S1_340C10p_att00_Rq0_00033,33,13374,9.4300
B0086_S1_340C10p_att00_Rq0_00034,34,13380,9.5300
B0086_S1_340C10p_att00_Rq0_00035,35,13386,9.6000
B0086_S1_340C10p_att00_Rq0_00036,36,13392,9.7000
B0086_S1_340C10p_att00_Rq0_00037,37,13400,9.8600
B0086_S1_340C10p_att00_Rq0_00038,38,13406,9.9600
B0086_S1_340C10p_att00_Rq0_00039,39,13412,10.0500
B0086_S1_340C10p_att00_Rq0_00040,40,13417,10.1300
B0086_S1_340C10p_att00_Rq0_00041,41,13426,10.3200
B0086_S1_340C10p_att00_Rq0_00042,42,13433,10.4100
B0086_S1_340C10p_att00_Rq0_00043,43,13439,10.5000
B0086_S1_340C10p_att00_Rq0_00044,44,13445,10.6100
B0086_S1_340C10p_att00_Rq0_00045,45,13451,10.7100
B0086_S1_340C10p_att00_Rq0_00046,46,13457,10.8800
B0086_S1_340C10p_att00_Rq0_00047,47,13467,10.9800
B0086_S1_340C10p_att00_Rq0_00048,48,13473,11.0800
B0086_S1_340C10p_att00_Rq0_00049,49,13479,11.1900
B0086_S1_340C10p_att00_Rq0_00050,50,13485,11.2800
B0086_S1_340C10p_att00_Rq0_00051,51,13491,11.3900
B0086_S1_340C10p_att00_Rq0_00052,52,13497,11.4700
B0086_S1_340C10p_att00_Rq0_00053,53,13502,11.5700
B0086_S1_340C10p_att00_Rq0_00054,54,13508,11.6800
B0086_S1_340C10p_att00_Rq0_00055,55,13514,11.7600
B0086_S1_340C10p_att00_Rq0_00056,56,13520,11.8600
B0086_S1_340C10p_att00_Rq0_00057,57,13526,11.9600
B0086_S1_340C10p_att00_Rq0_00058,58,13531,12.0600
B0086_S1_340C10p_att00_Rq0_00059,59,13537,12.1600
B0086_S1_340C10p_att00_Rq0_00060,60,13543,12.2700
B0086_S1_340C10p_att00_Rq0_00061,61,13551,12.3800
B0086_S1_340C10p_att00_Rq0_00062,62,13556,12.4700
B0086_S1_340C10p_att00_Rq0_00063,63,13562,12.5700
B0086_S1_340C10p_att00_Rq0_00064,64,13568,12.6600
B0086_S1_340C10p_att00_Rq0_00065,65,13573,12.7600
B0086_S1_340C10p_att00_Rq0_00066,66,13579,12.8600
B0086_S1_340C10p_att00_Rq0_00067,67,13585,12.9600
B0086_S1_340C10p_att00_Rq0_00068,68,13594,13.1100
B0086_S1_340C10p_att00_Rq0_00069,69,13600,13.2200
B0086_S1_340C10p_att00_Rq0_00070,70,13606,13.3000
B0086_S1_340C10p_att00_Rq0_00071,71,13612,13.4000
B0086_S1_340C10p_att00_Rq0_00072,72,13617,13.5400
B0086_S1_340C10p_att00_Rq0_00073,73,13625,13.6700
B0086_S1_340C10p_att00_Rq0_00074,74,13633,13.7800
B0086_S1_340C10p_att00_Rq0_00075,75,13639,13.8800
B0086_S1_340C10p_att00_Rq0_00076,76,13645,13.9700
B0086_S1_340C10p_att00_Rq0_00077,77,13650,14.1400
B0086_S1_340C10p_att00_Rq0_00078,78,13661,14.2300
B0086_S1_340C10p_att00_Rq0_00079,79,13666,14.3300
B0086_S1_340C10p_att00_Rq0_00080,80,13672,14.4100
B0086_S1_340C10p_att00_Rq0_00081,81,13680,14.5500
B0086_S1_340C10p_att00_Rq0_00082,82,13686,14.7100
B0086_S1_340C10p_att00_Rq0_00083,83,13695,14.8200
B0086_S1_340C10p_att00_Rq0_00084,84,13701,14.9000
B0086_S1_340C10p_att00_Rq0_00085,85,13706,15.0100
B0086_S1_340C10p_att00_Rq0_00086,86,13712,15.0800
B0086_S1_340C10p_att00_Rq0_00087,87,13718,15.1800
B0086_S1_340C10p_att00_Rq0_00088,88,13723,15.2900
B0086_S1_340C10p_att00_Rq0_00089,89,13729,15.3800
B0086_S1_340C10p_att00_Rq0_00090,90,13735,15.4900
B0086_S1_340C10p_att00_Rq0_00091,91,13741,15.5700
B0086_S1_340C10p_att00_Rq0_00092,92,13746,15.7000
B0086_S1_340C10p_att00_Rq0_00093,93,13754,15.8100
B0086_S1_340C10p_att00_Rq0_00094,94,13760,15.9100
B0086_S1_340C10p_att00_Rq0_00095,95,13766,15.9900
B0086_S1_340C10p_att00_Rq0_00096,96,13771,16.1000
B0086_S1_340C10p_att00_Rq0_00097,97,13777,16.1900
B0086_S1_340C10p_att00_Rq0_00098,98,13783,16.2800
B0086_S1_340C10p_att00_Rq0_00099,99,13788,16.3700
B0086_S1_340C10p_att00_Rq0_00100,100,13794,16.4900
B0086_S1_340C10p_att00_Rq0_00101,101,13802,16.6100
B0086_S1_340C10p_att00_Rq0_00102,102,13808,16.7100
B0086_S1_340C10p_att00_Rq0_00103,103,13814,16.8100
B0086_S1_340C10p_att00_Rq0_00104,104,13820,16.9000
B0086_S1_340C10p_att00_Rq0_00105,105,13825,17.0000
B0086_S1_340C10p_att00_Rq0_00106,106,13831,17.1100
B0086_S1_340C10p_att00_Rq0_00107,107,13836,17.1900
B0086_S1_340C10p_att00_Rq0_00108,108,13842,17.2900
B0086_S1_340C10p_att00_Rq0_00109,109,13849,17.4100
B0086_S1_340C10p_att00_Rq0_00110,110,13855,17.5000
B0086_S1_340C10p_att00_Rq0_00111,111,13861,17.6100
B0086_S1_340C10p_att00_Rq0_00112,112,13867,17.7300
B0086_S1_340C10p_att00_Rq0_00113,113,13874,17.8300
B0086_S1_340C10p_att00_Rq0_00114,114,13880,17.9100
B0086_S1_340C10p_att00_Rq0_00115,115,13886,18.0100
B0086_S1_340C10p_att00_Rq0_00116,116,13891,18.1100
B0086_S1_340C10p_att00_Rq0_00117,117,13897,18.2200
B0086_S1_340C10p_att00_Rq0_00118,118,13903,18.3100
B0086_S1_340C10p_att00_Rq0_00119,119,13908,18.4500
B0086_S1_340C10p_att00_Rq0_00120,120,13917,18.5500
B0086_S1_340C10p_att00_Rq0_00121,121,13925,18.6800
B0086_S1_340C10p_att00_Rq0_00122,122,13931,18.7900
B0086_S1_340C10p_att00_Rq0_00123,123,13937,18.8700
B0086_S1_340C10p_att00_Rq0_00124,124,13942,18.9700
B0086_S1_340C10p_att00_Rq0_00125,125,13948,19.0700
B0086_S1_340C10p_att00_Rq0_00126,126,13954,19.1500
B0086_S1_340C10p_att00_Rq0_00127,127,13959,19.2600
B0086_S1_340C10p_att00_Rq0_00128,128,13965,19.3600
B0086_S1_340C10p_att00_Rq0_00129,129,13971,19.4600
B0086_S1_340C10p_att00_Rq0_00130,130,13978,19.5700
B0086_S1_340C10p_att00_Rq0_00131,131,13984,19.6800
B0086_S1_340C10p_att00_Rq0_00132,132,13990,19.7600
B0086_S1_340C10p_att00_Rq0_00133,133,13996,19.8600
B0086_S1_340C10p_att00_Rq0_00134,134,14001,19.9600
B0086_S1_340C10p_att00_Rq0_00135,135,14007,20.0600
B0086_S1_340C10p_att00_Rq0_00136,136,14013,20.1500
B0086_S1_340C10p_att00_Rq0_00137,137,14018,20.2500
B0086_S1_340C10p_att00_Rq0_00138,138,14024,20.3600
B0086_S1_340C10p_att00_Rq0_00139,139,14030,20.4300
B0086_S1_340C10p_att00_Rq0_00140,140,14036,20.5300
B0086_S1_340C10p_att00_Rq0_00141,141,14047,20.7200
B0086_S1_340C10p_att00_Rq0_00142,142,14055,20.8600
B0086_S1_340C10p_att00_Rq0_00143,143,14061,20.9700
B0086_S1_340C10p_att00_Rq0_00144,144,14067,21.0500
B0086_S1_340C10p_att00_Rq0_00145,145,14072,21.1600
B0086_S1_340C10p_att00_Rq0_00146,146,14078,21.2500
B0086_S1_340C10p_att00_Rq0_00147,147,14084,21.3400
B0086_S1_340C10p_att00_Rq0_00148,148,14089,21.4400
B0086_S1_340C10p_att00_Rq0_00149,149,14095,21.5400
B0086_S1_340C10p_att00_Rq0_00150,150,14101,21.7000
B0086_S1_340C10p_att00_Rq0_00151,151,14110,21.8000
B0086_S1_340C10p_att00_Rq0_00152,152,14116,21.9000
B0086_S1_340C10p_att00_Rq0_00153,153,14122,21.9700
B0086_S1_340C10p_att00_Rq0_00154,154,14127,22.0700
B0086_S1_340C10p_att00_Rq0_00155,155,14133,22.2300
B0086_S1_340C10p_att00_Rq0_00156,156,14142,22.3200
B0086_S1_340C10p_att00_Rq0_00157,157,14148,22.4300
B0086_S1_340C10p_att00_Rq0_00158,158,14154,22.5300
B0086_S1_340C10p_att00_Rq0_00159,159,14160,22.6300
B0086_S1_340C10p_att00_Rq0_00160,160,14166,22.7500
B0086_S1_340C10p_att00_Rq0_00161,161,14176,22.9000
B0086_S1_340C10p_att00_Rq0_00162,162,14182,22.9800
B0086_S1_340C10p_att00_Rq0_00163,163,14187,23.0900
B0086_S1_340C10p_att00_Rq0_00164,164,14193,23.1800
B0086_S1_340C10p_att00_Rq0_00165,165,14199,23.2800
B0086_S1_340C10p_att00_Rq0_00166,166,14205,23.3700
B0086_S1_340C10p_att00_Rq0_00167,167,14210,23.4800
B0086_S1_340C10p_att00_Rq0_00168,168,14216,23.5900
B0086_S1_340C10p_att00_Rq0_00169,169,14222,23.6600
B0086_S1_340C10p_att00_Rq0_00170,170,14227,23.7600
B0086_S1_340C10p_att00_Rq0_00171,171,14240,23.9600
B0086_S1_340C10p_att00_Rq0_00172,172,14246,24.0600
B0086_S1_340C10p_att00_Rq0_00173,173,14251,24.1600
B0086_S1_340C10p_att00_Rq0_00174,174,14257,24.2600
B0086_S1_340C10p_att00_Rq0_00175,175,14263,24.3600
B0086_S1_340C10p_att00_Rq0_00176,176,14270,24.4600
B0086_S1_340C10p_att00_Rq0_00177,177,14275,24.5600
B0086_S1_340C10p_att00_Rq0_00178,178,14281,24.6600
B0086_S1_340C10p_att00_Rq0_00179,179,14287,24.7700
B0086_S1_340C10p_att00_Rq0_00180,180,14293,24.8700
B0086_S1_340C10p_att00_Rq0_00181,181,14302,25.0300
B0086_S1_340C10p_att00_Rq0_00182,182,14308,25.1200
B0086_S1_340C10p_att00_Rq0_00183,183,14314,25.2100
B0086_S1_340C10p_att00_Rq0_00184,184,14320,25.3100
B0086_S1_340C10p_att00_Rq0_00185,185,14325,25.4100
B0086_S1_340C10p_att00_Rq0_00186,186,14334,25.5700
B0086_S1_340C10p_att00_Rq0_00187,187,14340,25.6500
B0086_S1_340C10p_att00_Rq0_00188,188,14346,25.7600
B0086_S1_340C10p_att00_Rq0_00189,189,14352,25.8500
B0086_S1_340C10p_att00_Rq0_00190,190,14358,25.9400
B0086_S1_340C10p_att00_Rq0_00191,191,14366,26.1000
B0086_S1_340C10p_att00_Rq0_00192,192,14372,26.1900
B0086_S1_340C10p_att00_Rq0_00193,193,14378,26.2800
B0086_S1_340C10p_att00_Rq0_00194,194,14383,26.3800
B0086_S1_340C10p_att00_Rq0_00195,195,14389,26.4900
B0086_S1_340C10p_att00_Rq0_00196,196,14396,26.5900
B0086_S1_340C10p_att00_Rq0_00197,197,14402,26.6800
B0086_S1_340C10p_att00_Rq0_00198,198,14407,26.7800
B0086_S1_340C10p_att00_Rq0_00199,199,14413,26.8800
B0086_S1_340C10p_att00_Rq0_00200,200,14419,26.9700
B0086_S1_340C10p_att00_Rq0_00201,201,14427,27.1000
B0086_S1_340C10p_att00_Rq0_00202,202,14432,27.2100
B0086_S1_340C10p_att00_Rq0_00203,203,14438,27.3100
B0086_S1_340C10p_att00_Rq0_00204,204,14444,27.3900
B0086_S1_340C10p_att00_Rq0_00205,205,14450,27.5000
B0086_S1_340C10p_att00_Rq0_00206,206,14455,27.6300
B0086_S1_340C10p_att00_Rq0_00207,207,14463,27.7200
B0086_S1_340C10p_att00_Rq0_00208,208,14469,27.8200
B0086_S1_340C10p_att00_Rq0_00209,209,14474,27.9200
B0086_S1_340C10p_att00_Rq0_00210,210,14480,28.0200
B0086_S1_340C10p_att00_Rq0_00211,211,14486,28.0900
B0086_S1_340C10p_att00_Rq0_00212,212,14492,28.2000
B0086_S1_340C10p_att00_Rq0_00213,213,14497,28.3000
B0086_S1_340C10p_att00_Rq0_00214,214,14503,28.4000
B0086_S1_340C10p_att00_Rq0_00215,215,14509,28.5000
B0086_S1_340C10p_att00_Rq0_00216,216,14515,28.5900
B0086_S1_340C10p_att00_Rq0_00217,217,14521,28.7200
B0086_S1_340C10p_att00_Rq0_00218,218,14528,28.8200
B0086_S1_340C10p_att00_Rq0_00219,219,14534,28.9300
B0086_S1_340C10p_att00_Rq0_00220,220,14540,29.0200
B0086_S1_340C10p_att00_Rq0_00221,221,14548,29.1400
B0086_S1_340C10p_att00_Rq0_00222,222,14554,29.2400
B0086_S1_340C10p_att00_Rq0_00223,223,14559,29.3500
B0086_S1_340C10p_att00_Rq0_00224,224,14565,29.4400
B0086_S1_340C10p_att00_Rq0_00225,225,14571,29.5500
B0086_S1_340C10p_att00_Rq0_00226,226,14577,29.6500
B0086_S1_340C10p_att00_Rq0_00228,228,14589,29.8500
B0086_S1_340C10p_att00_Rq0_00229,229,14595,29.9500
B0086_S1_340C10p_att00_Rq0_00230,230,14601,30.0400
B0086_S1_340C10p_att00_Rq0_00231,231,14607,30.1400
B0086_S1_340C10p_att00_Rq0_00232,232,14612,30.2400
B0086_S1_340C10p_att00_Rq0_00233,233,14618,30.3400
B0086_S1_340C10p_att00_Rq0_00234,234,14624,30.4200
B0086_S1_340C10p_att00_Rq0_00235,235,14629,30.5200
B0086_S1_340C10p_att00_Rq0_00236,236,14635,30.6200
B0086_S1_340C10p_att00_Rq0_00237,237,14641,30.7200
B0086_S1_340C10p_att00_Rq0_00238,238,14647,30.8200
B0086_S1_340C10p_att00_Rq0_00239,239,14653,30.9200
B0086_S1_340C10p_att00_Rq0_00240,240,14659,31.0200
B0086_S1_340C10p_att00_Rq0_00241,241,14667,31.1600
B0086_S1_340C10p_att00_Rq0_00242,242,14673,31.2500
B0086_S1_340C10p_att00_Rq0_00243,243,14679,31.3400
B0086_S1_340C10p_att00_Rq0_00244,244,14684,31.4500
B0086_S1_340C10p_att00_Rq0_00245,245,14690,31.5500
B0086_S1_340C10p_att00_Rq0_00246,246,14696,31.6300
B0086_S1_340C10p_att00_Rq0_00247,247,14702,31.7300
B0086_S1_340C10p_att00_Rq0_00248,248,14707,31.8300
B0086_S1_340C10p_att00_Rq0_00249,249,14713,32.1000
B0086_S1_340C10p_att00_Rq0_00250,250,14729,32.1900
B0086_S1_340C10p_att00_Rq0_00251,251,14734,32.2900
B0086_S1_340C10p_att00_Rq0_00252,252,14740,32.3700
B0086_S1_340C10p_att00_Rq0_00253,253,14746,32.5000
B0086_S1_340C10p_att00_Rq0_00254,254,14753,32.6000
B0086_S1_340C10p_att00_Rq0_00255,255,14759,32.7000
B0086_S1_340C10p_att00_Rq0_00256,256,14765,32.7900
B0086_S1_340C10p_att00_Rq0_00257,257,14770,32.9000
B0086_S1_340C10p_att00_Rq0_00258,258,14776,33.0000
B0086_S1_340C10p_att00_Rq0_00259,259,14782,33.0700
B0086_S1_340C10p_att00_Rq0_00260,260,14787,33.1800
B0086_S1_340C10p_att00_Rq0_00261,261,14795,33.3100
B0086_S1_340C10p_att00_Rq0_00262,262,14801,33.4100
B0086_S1_340C10p_att00_Rq0_00263,263,14807,33.4900
B0086_S1_340C10p_att00_Rq0_00264,264,14812,33.6000
B0086_S1_340C10p_att00_Rq0_00265,265,14818,33.7000
B0086_S1_340C10p_att00_Rq0_00266,266,14824,33.7900
B0086_S1_340C10p_att00_Rq0_00267,267,14830,33.8800
B0086_S1_340C10p_att00_Rq0_00268,268,14835,33.9900
B0086_S1_340C10p_att00_Rq0_00269,269,14841,34.0000
B0086_S1_340C10p_att00_Rq0_00270,270,14848,34.0000
B0087_S1_060C10p_att00_Rq0_00001,1,15820,6.0000
B0087_S1_060C10p_att00_Rq0_00002,2,15827,6.0000
B0087_S1_060C10p_att00_Rq0_00003,3,15833,6.0000
B0087_S1_060C10p_att00_Rq0_00004,4,15839,6.0000
B0087_S1_060C10p_att00_Rq0_00005,5,15844,6.0000
B0087_S1_060C10p_att00_Rq0_00006,6,15850,6.0000
B0087_S1_060C10p_att00_Rq0_00007,7,15856,6.0000
B0087_S1_060C10p_att00_Rq0_00008,8,15862,6.0000
B0087_S1_060C10p_att00_Rq0_00009,9,15869,5.9900
B0087_S1_060C10p_att00_Rq0_00010,10,15876,6.0000
B0087_S1_060C10p_att00_Rq0_00011,11,15883,6.0000
B0087_S1_060C10p_att00_Rq0_00012,12,15889,6.0000
B0087_S1_060C10p_att00_Rq0_00013,13,15895,6.0000
B0087_S1_060C10p_att00_Rq0_00014,14,15901,5.9900
B0087_S1_060C10p_att00_Rq0_00015,15,15909,6.0000
B0087_S1_060C10p_att00_Rq0_00016,16,15915,6.0000
B0087_S1_060C10p_att00_Rq0_00017,17,15921,6.0000
B0087_S1_060C10p_att00_Rq0_00018,18,15926,6.0000
B0087_S1_060C10p_att00_Rq0_00019,19,15932,6.0100
B0087_S1_060C10p_att00_Rq0_00020,20,15942,6.0000
B0087_S1_060C10p_att00_Rq0_00021,21,15948,6.0000
B0087_S1_060C10p_att00_Rq0_00022,22,15953,6.0000
B0087_S1_060C10p_att00_Rq0_00023,23,15959,6.0000
B0087_S1_060C10p_att00_Rq0_00024,24,15965,6.0000
B0087_S1_060C10p_att00_Rq0_00025,25,15973,6.0100
B0087_S1_060C10p_att00_Rq0_00026,26,15979,6.0000
B0087_S1_060C10p_att00_Rq0_00027,27,15985,5.9900
B0087_S1_060C10p_att00_Rq0_00028,28,15991,6.0000
B0087_S1_060C10p_att00_Rq0_00029,29,15997,6.0000
B0087_S1_060C10p_att00_Rq0_00030,30,16005,6.0000
B0087_S1_060C10p_att00_Rq0_00031,31,16013,6.0000
B0087_S1_060C10p_att00_Rq0_00032,32,16019,5.9900
B0087_S1_060C10p_att00_Rq0_00033,33,16025,6.0000
B0087_S1_060C10p_att00_Rq0_00034,34,16030,6.0000
B0087_S1_060C10p_att00_Rq0_00035,35,16037,6.0000
B0087_S1_060C10p_att00_Rq0_00036,36,16042,6.0000
B0087_S1_060C10p_att00_Rq0_00037,37,16048,6.0000
B0087_S1_060C10p_att00_Rq0_00038,38,16054,6.0000
B0087_S1_060C10p_att00_Rq0_00039,39,16059,6.0000
B0087_S1_060C10p_att00_Rq0_00040,40,16065,5.9900
B0087_S1_060C10p_att00_Rq0_00041,41,16071,6.0100
B0087_S1_060C10p_att00_Rq0_00042,42,16077,6.0000
B0087_S1_060C10p_att00_Rq0_00043,43,16083,5.9900
B0087_S1_060C10p_att00_Rq0_00044,44,16089,6.0000
B0087_S1_060C10p_att00_Rq0_00045,45,16094,6.0000
B0087_S1_060C10p_att00_Rq0_00046,46,16101,6.0000
B0087_S1_060C10p_att00_Rq0_00047,47,16107,6.0000
B0087_S1_060C10p_att00_Rq0_00048,48,16113,6.0000
B0087_S1_060C10p_att00_Rq0_00049,49,16118,6.0000
B0087_S1_060C10p_att00_Rq0_00050,50,16124,6.0000
B0088_S1_340C10p_att00_Rq0_00001,1,16138,6.1400
B0088_S1_340C10p_att00_Rq0_00002,2,16144,6.2400
B0088_S1_340C10p_att00_Rq0_00003,3,16150,6.3300
B0088_S1_340C10p_att00_Rq0_00004,4,16155,6.4300
B0088_S1_340C10p_att00_Rq0_00005,5,16161,6.5300
B0088_S1_340C10p_att00_Rq0_00006,6,16167,6.6100
B0088_S1_340C10p_att00_Rq0_00007,7,16172,6.7200
B0088_S1_340C10p_att00_Rq0_00008,8,16178,6.8000
B0088_S1_340C10p_att00_Rq0_00009,9,16184,6.8900
B0088_S1_340C10p_att00_Rq0_00010,10,16189,6.9900
B0088_S1_340C10p_att00_Rq0_00011,11,16199,7.1700
B0088_S1_340C10p_att00_Rq0_00012,12,16205,7.2700
B0088_S1_340C10p_att00_Rq0_00013,13,16211,7.3500
B0088_S1_340C10p_att00_Rq0_00014,14,16216,7.4600
B0088_S1_340C10p_att00_Rq0_00015,15,16222,7.5700
B0088_S1_340C10p_att00_Rq0_00016,16,16231,7.7100
B0088_S1_340C10p_att00_Rq0_00017,17,16237,7.8100
B0088_S1_340C10p_att00_Rq0_00018,18,16243,7.9100
B0088_S1_340C10p_att00_Rq0_00019,19,16248,7.9900
B0088_S1_340C10p_att00_Rq0_00020,20,16254,8.1700
B0088_S1_340C10p_att00_Rq0_00021,21,16266,8.3000
B0088_S1_340C10p_att00_Rq0_00022,22,16272,8.4000
B0088_S1_340C10p_att00_Rq0_00023,23,16278,8.4900
B0088_S1_340C10p_att00_Rq0_00024,24,16283,8.5600
B0088_S1_340C10p_att00_Rq0_00025,25,16289,8.6800
B0088_S1_340C10p_att00_Rq0_00026,26,16295,8.7700
B0088_S1_340C10p_att00_Rq0_00027,27,16301,8.8800
B0088_S1_340C10p_att00_Rq0_00028,28,16306,8.9600
B0088_S1_340C10p_att00_Rq0_00029,29,16312,9.0800
B0088_S1_340C10p_att00_Rq0_00030,30,16318,9.1600
B0088_S1_340C10p_att00_Rq0_00031,31,16328,9.3400
B0088_S1_340C10p_att00_Rq0_00032,32,16334,9.4300
B0088_S1_340C10p_att00_Rq0_00033,33,16340,9.5100
B0088_S1_340C10p_att00_Rq0_00034,34,16345,9.7000
B0088_S1_340C10p_att00_Rq0_00035,35,16357,9.8200
B0088_S1_340C10p_att00_Rq0_00036,36,16363,9.9300
B0088_S1_340C10p_att00_Rq0_00037,37,16369,10.0100
B0088_S1_340C10p_att00_Rq0_00038,38,16374,10.1100
B0088_S1_340C10p_att00_Rq0_00039,39,16380,10.1900
B0088_S1_340C10p_att00_Rq0_00040,40,16386,10.3000
B0088_S1_340C10p_att00_Rq0_00041,41,16394,10.4300
B0088_S1_340C10p_att00_Rq0_00042,42,16400,10.5200
B0088_S1_340C10p_att00_Rq0_00043,43,16405,10.6300
B0088_S1_340C10p_att00_Rq0_00044,44,16415,10.8600
B0088_S1_340C10p_att00_Rq0_00045,45,16425,10.9600
B0088_S1_340C10p_att00_Rq0_00046,46,16431,11.0700
B0088_S1_340C10p_att00_Rq0_00047,47,16437,11.1600
B0088_S1_340C10p_att00_Rq0_00048,48,16442,11.2600
B0088_S1_340C10p_att00_Rq0_00049,49,16448,11.3700
B0088_S1_340C10p_att00_Rq0_00050,50,16455,11.4700
B0088_S1_340C10p_att00_Rq0_00051,51,16461,11.5700
B0088_S1_340C10p_att00_Rq0_00052,52,16467,11.7400
B0088_S1_340C10p_att00_Rq0_00053,53,16477,11.8200
B0088_S1_340C10p_att00_Rq0_00054,54,16482,11.9400
B0088_S1_340C10p_att00_Rq0_00055,55,16488,12.0100
B0088_S1_340C10p_att00_Rq0_00056,56,16494,12.1100
B0088_S1_340C10p_att00_Rq0_00057,57,16499,12.2200
B0088_S1_340C10p_att00_Rq0_00058,58,16505,12.3100
B0088_S1_340C10p_att00_Rq0_00059,59,16511,12.4200
B0088_S1_340C10p_att00_Rq0_00060,60,16521,12.5700
B0088_S1_340C10p_att00_Rq0_00061,61,16529,12.7000
B0088_S1_340C10p_att00_Rq0_00062,62,16534,12.8000
B0088_S1_340C10p_att00_Rq0_00063,63,16540,12.9100
B0088_S1_340C10p_att00_Rq0_00064,64,16546,13.0000
B0088_S1_340C10p_att00_Rq0_00065,65,16552,13.0900
B0088_S1_340C10p_att00_Rq0_00066,66,16558,13.1900
B0088_S1_340C10p_att00_Rq0_00067,67,16563,13.2900
B0088_S1_340C10p_att00_Rq0_00068,68,16569,13.3900
B0088_S1_340C10p_att00_Rq0_00069,69,16575,13.4800
B0088_S1_340C10p_att00_Rq0_00070,70,16582,13.6100
B0088_S1_340C10p_att00_Rq0_00071,71,16588,13.7600
B0088_S1_340C10p_att00_Rq0_00072,72,16597,13.8600
B0088_S1_340C10p_att00_Rq0_00073,73,16603,13.9600
B0088_S1_340C10p_att00_Rq0_00074,74,16609,14.0800
B0088_S1_340C10p_att00_Rq0_00075,75,16616,14.1600
B0088_S1_340C10p_att00_Rq0_00076,76,16622,14.2700
B0088_S1_340C10p_att00_Rq0_00077,77,16627,14.3800
B0088_S1_340C10p_att00_Rq0_00078,78,16633,14.4600
B0088_S1_340C10p_att00_Rq0_00079,79,16639,14.5500
B0088_S1_340C10p_att00_Rq0_00080,80,16644,14.6500
B0088_S1_340C10p_att00_Rq0_00081,81,16652,14.7800
B0088_S1_340C10p_att00_Rq0_00082,82,16658,14.8900
B0088_S1_340C10p_att00_Rq0_00083,83,16664,14.9900
B0088_S1_340C10p_att00_Rq0_00084,84,16670,15.0800
B0088_S1_340C10p_att00_Rq0_00085,85,16676,15.1700
B0088_S1_340C10p_att00_Rq0_00086,86,16682,15.2700
B0088_S1_340C10p_att00_Rq0_00087,87,16687,15.3700
B0088_S1_340C10p_att00_Rq0_00088,88,16693,15.4700
B0088_S1_340C10p_att00_Rq0_00089,89,16699,15.5800
B0088_S1_340C10p_att00_Rq0_00090,90,16705,15.7500
B0088_S1_340C10p_att00_Rq0_00091,91,16717,15.8700
B0088_S1_340C10p_att00_Rq0_00092,92,16723,15.9700
B0088_S1_340C10p_att00_Rq0_00093,93,16728,16.0700
B0088_S1_340C10p_att00_Rq0_00094,94,16734,16.1600
B0088_S1_340C10p_att00_Rq0_00095,95,16740,16.2500
B0088_S1_340C10p_att00_Rq0_00096,96,16745,16.3500
B0088_S1_340C10p_att00_Rq0_00097,97,16751,16.4600
B0088_S1_340C10p_att00_Rq0_00098,98,16757,16.5400
B0088_S1_340C10p_att00_Rq0_00099,99,16762,16.6300
B0088_S1_340C10p_att00_Rq0_00100,100,16768,16.8400
B0088_S1_340C10p_att00_Rq0_00101,101,16782,16.9500
B0088_S1_340C10p_att00_Rq0_00102,102,16788,17.0500
B0088_S1_340C10p_att00_Rq0_00103,103,16793,17.1500
B0088_S1_340C10p_att00_Rq0_00104,104,16799,17.2500
B0088_S1_340C10p_att00_Rq0_00105,105,16805,17.3500
B0088_S1_340C10p_att00_Rq0_00106,106,16811,17.4400
B0088_S1_340C10p_att00_Rq0_00107,107,16816,17.5500
B0088_S1_340C10p_att00_Rq0_00108,108,16822,17.6400
B0088_S1_340C10p_att00_Rq0_00109,109,16828,17.7500
B0088_S1_340C10p_att00_Rq0_00110,110,16836,17.8600
B0088_S1_340C10p_att00_Rq0_00111,111,16841,17.9600
B0088_S1_340C10p_att00_Rq0_00112,112,16847,18.0700
B0088_S1_340C10p_att00_Rq0_00113,113,16853,18.1600
B0088_S1_340C10p_att00_Rq0_00114,114,16859,18.2700
B0088_S1_340C10p_att00_Rq0_00115,115,16864,18.3400
B0088_S1_340C10p_att00_Rq0_00116,116,16870,18.4600
B0088_S1_340C10p_att00_Rq0_00117,117,16876,18.5400
B0088_S1_340C10p_att00_Rq0_00118,118,16882,18.6400
B0088_S1_340C10p_att00_Rq0_00119,119,16887,18.7300
B0088_S1_340C10p_att00_Rq0_00120,120,16893,18.8300
B0088_S1_340C10p_att00_Rq0_00121,121,16901,18.9700
B0088_S1_340C10p_att00_Rq0_00122,122,16907,19.0700
B0088_S1_340C10p_att00_Rq0_00123,123,16912,19.1700
B0088_S1_340C10p_att00_Rq0_00124,124,16918,19.2600
B0088_S1_340C10p_att00_Rq0_00125,125,16924,19.3400
B0088_S1_340C10p_att00_Rq0_00126,126,16930,19.4800
B0088_S1_340C10p_att00_Rq0_00127,127,16938,19.5800
B0088_S1_340C10p_att00_Rq0_00128,128,16943,19.6700
B0088_S1_340C10p_att00_Rq0_00129,129,16949,19.8000
B0088_S1_340C10p_att00_Rq0_00130,130,16956,19.8800
B0088_S1_340C10p_att00_Rq0_00131,131,16962,19.9800
B0088_S1_340C10p_att00_Rq0_00132,132,16971,20.1500
B0088_S1_340C10p_att00_Rq0_00133,133,16977,20.2500
B0088_S1_340C10p_att00_Rq0_00134,134,16983,20.3700
B0088_S1_340C10p_att00_Rq0_00135,135,16989,20.4300
B0088_S1_340C10p_att00_Rq0_00136,136,16994,20.6000
B0088_S1_340C10p_att00_Rq0_00137,137,17005,20.7100
B0088_S1_340C10p_att00_Rq0_00138,138,17010,20.8300
B0088_S1_340C10p_att00_Rq0_00139,139,17017,20.9200
B0088_S1_340C10p_att00_Rq0_00140,140,17023,21.0200
B0088_S1_340C10p_att00_Rq0_00141,141,17031,21.1600
B0088_S1_340C10p_att00_Rq0_00142,142,17037,21.2400
B0088_S1_340C10p_att00_Rq0_00143,143,17042,21.3400
B0088_S1_340C10p_att00_Rq0_00144,144,17048,21.4500
B0088_S1_340C10p_att00_Rq0_00145,145,17054,21.5300
B0088_S1_340C10p_att00_Rq0_00146,146,17059,21.6600
B0088_S1_340C10p_att00_Rq0_00147,147,17067,21.7600
B0088_S1_340C10p_att00_Rq0_00148,148,17072,21.8500
B0088_S1_340C10p_att00_Rq0_00149,149,17078,21.9500
B0088_S1_340C10p_att00_Rq0_00150,150,17084,22.0300
B0088_S1_340C10p_att00_Rq0_00151,151,17089,22.1300
B0088_S1_340C10p_att00_Rq0_00152,152,17095,22.2200
B0088_S1_340C10p_att00_Rq0_00153,153,17101,22.3300
B0088_S1_340C10p_att00_Rq0_00154,154,17107,22.4200
B0088_S1_340C10p_att00_Rq0_00155,155,17112,22.5200
B0088_S1_340C10p_att00_Rq0_00156,156,17118,22.6300
B0088_S1_340C10p_att00_Rq0_00157,157,17124,22.8000
B0088_S1_340C10p_att00_Rq0_00158,158,17134,22.8900
B0088_S1_340C10p_att00_Rq0_00159,159,17140,22.9800
B0088_S1_340C10p_att00_Rq0_00160,160,17146,23.0800
B0088_S1_340C10p_att00_Rq0_00161,161,17154,23.2000
B0088_S1_340C10p_att00_Rq0_00162,162,17160,23.3000
B0088_S1_340C10p_att00_Rq0_00163,163,17165,23.4100
B0088_S1_340C10p_att00_Rq0_00164,164,17171,23.5100
B0088_S1_340C10p_att00_Rq0_00165,165,17177,23.6200
B0088_S1_340C10p_att00_Rq0_00166,166,17183,23.7000
B0088_S1_340C10p_att00_Rq0_00167,167,17188,23.8800
B0088_S1_340C10p_att00_Rq0_00168,168,17199,23.9700
B0088_S1_340C10p_att00_Rq0_00169,169,17204,24.0600
B0088_S1_340C10p_att00_Rq0_00170,170,17210,24.1600
B0088_S1_340C10p_att00_Rq0_00171,171,17216,24.2500
B0088_S1_340C10p_att00_Rq0_00172,172,17222,24.3600
B0088_S1_340C10p_att00_Rq0_00173,173,17228,24.4600
B0088_S1_340C10p_att00_Rq0_00174,174,17234,24.5500
B0088_S1_340C10p_att00_Rq0_00175,175,17239,24.6500
B0088_S1_340C10p_att00_Rq0_00176,176,17245,24.7500
B0088_S1_340C10p_att00_Rq0_00177,177,17251,24.9800
B0088_S1_340C10p_att00_Rq0_00178,178,17264,25.0800
B0088_S1_340C10p_att00_Rq0_00179,179,17270,25.1900
B0088_S1_340C10p_att00_Rq0_00180,180,17276,25.2900
B0088_S1_340C10p_att00_Rq0_00181,181,17284,25.4300
B0088_S1_340C10p_att00_Rq0_00182,182,17292,25.5500
B0088_S1_340C10p_att00_Rq0_00183,183,17298,25.6300
B0088_S1_340C10p_att00_Rq0_00184,184,17304,25.7300
B0088_S1_340C10p_att00_Rq0_00185,185,17309,25.8300
B0088_S1_340C10p_att00_Rq0_00186,186,17315,25.9300
B0088_S1_340C10p_att00_Rq0_00187,187,17321,26.0400
B0088_S1_340C10p_att00_Rq0_00188,188,17327,26.1100
B0088_S1_340C10p_att00_Rq0_00189,189,17333,26.2300
B0088_S1_340C10p_att00_Rq0_00190,190,17339,26.3200
B0088_S1_340C10p_att00_Rq0_00191,191,17344,26.4300
B0088_S1_340C10p_att00_Rq0_00192,192,17350,26.5400
B0088_S1_340C10p_att00_Rq0_00193,193,17357,26.6200
B0088_S1_340C10p_att00_Rq0_00194,194,17362,26.7300
B0088_S1_340C10p_att00_Rq0_00195,195,17368,26.8300
B0088_S1_340C10p_att00_Rq0_00196,196,17374,26.9400
B0088_S1_340C10p_att00_Rq0_00197,197,17380,27.0300
B0088_S1_340C10p_att00_Rq0_00198,198,17386,27.1000
B0088_S1_340C10p_att00_Rq0_00199,199,17392,27.2100
B0088_S1_340C10p_att00_Rq0_00200,200,17398,27.3100
B0088_S1_340C10p_att00_Rq0_00201,201,17405,27.4400
B0088_S1_340C10p_att00_Rq0_00202,202,17411,27.5400
B0088_S1_340C10p_att00_Rq0_00203,203,17417,27.6400
B0088_S1_340C10p_att00_Rq0_00204,204,17423,27.7400
B0088_S1_340C10p_att00_Rq0_00205,205,17428,27.8400
B0088_S1_340C10p_att00_Rq0_00206,206,17435,27.9400
B0088_S1_340C10p_att00_Rq0_00207,207,17440,28.0400
B0088_S1_340C10p_att00_Rq0_00208,208,17446,28.1900
B0088_S1_340C10p_att00_Rq0_00209,209,17455,28.2900
B0088_S1_340C10p_att00_Rq0_00210,210,17461,28.3900
B0088_S1_340C10p_att00_Rq0_00211,211,17467,28.4900
B0088_S1_340C10p_att00_Rq0_00212,212,17473,28.5800
B0088_S1_340C10p_att00_Rq0_00213,213,17478,28.7300
B0088_S1_340C10p_att00_Rq0_00214,214,17487,28.8100
B0088_S1_340C10p_att00_Rq0_00215,215,17492,28.9500
B0088_S1_340C10p_att00_Rq0_00216,216,17500,29.0400
B0088_S1_340C10p_att00_Rq0_00217,217,17506,29.1500
B0088_S1_340C10p_att00_Rq0_00218,218,17512,29.2500
B0088_S1_340C10p_att00_Rq0_00219,219,17518,29.3300
B0088_S1_340C10p_att00_Rq0_00220,220,17524,29.4300
B0088_S1_340C10p_att00_Rq0_00221,221,17532,29.5600
B0088_S1_340C10p_att00_Rq0_00222,222,17537,29.6600
B0088_S1_340C10p_att00_Rq0_00223,223,17543,29.8300
B0088_S1_340C10p_att00_Rq0_00224,224,17553,29.9500
B0088_S1_340C10p_att00_Rq0_00225,225,17560,30.0300
B0088_S1_340C10p_att00_Rq0_00226,226,17566,30.1300
B0088_S1_340C10p_att00_Rq0_00227,227,17571,30.2400
B0088_S1_340C10p_att00_Rq0_00228,228,17577,30.3400
B0088_S1_340C10p_att00_Rq0_00229,229,17583,30.4500
B0088_S1_340C10p_att00_Rq0_00230,230,17589,30.5200
B0088_S1_340C10p_att00_Rq0_00231,231,17594,30.6200
B0088_S1_340C10p_att00_Rq0_00232,232,17600,30.7300
B0088_S1_340C10p_att00_Rq0_00233,233,17606,30.8100
B0088_S1_340C10p_att00_Rq0_00234,234,17615,30.9800
B0088_S1_340C10p_att00_Rq0_00235,235,17621,31.0800
B0088_S1_340C10p_att00_Rq0_00236,236,17626,31.1600
B0088_S1_340C10p_att00_Rq0_00237,237,17632,31.2600
B0088_S1_340C10p_att00_Rq0_00238,238,17638,31.3700
B0088_S1_340C10p_att00_Rq0_00239,239,17647,31.5000
B0088_S1_340C10p_att00_Rq0_00240,240,17653,31.6100
B0088_S1_340C10p_att00_Rq0_00241,241,17661,31.7300
B0088_S1_340C10p_att00_Rq0_00242,242,17666,31.8500
B0088_S1_340C10p_att00_Rq0_00243,243,17672,31.9500
B0088_S1_340C10p_att00_Rq0_00244,244,17683,32.1100
B0088_S1_340C10p_att00_Rq0_00245,245,17689,32.2200
B0088_S1_340C10p_att00_Rq0_00246,246,17695,32.3100
B0088_S1_340C10p_att00_Rq0_00247,247,17701,32.4100
B0088_S1_340C10p_att00_Rq0_00248,248,17706,32.5200
B0088_S1_340C10p_att00_Rq0_00249,249,17712,32.5900
B0088_S1_340C10p_att00_Rq0_00250,250,17718,32.6900
B0088_S1_340C10p_att00_Rq0_00251,251,17723,32.7900
B0088_S1_340C10p_att00_Rq0_00252,252,17729,32.9000
B0088_S1_340C10p_att00_Rq0_00253,253,17735,33.0600
B0088_S1_340C10p_att00_Rq0_00254,254,17746,33.1700
B0088_S1_340C10p_att00_Rq0_00255,255,17751,33.2700
B0088_S1_340C10p_att00_Rq0_00256,256,17757,33.3700
B0088_S1_340C10p_att00_Rq0_00257,257,17763,33.4500
B0088_S1_340C10p_att00_Rq0_00258,258,17768,33.6200
B0088_S1_340C10p_att00_Rq0_00259,259,17779,33.7200
B0088_S1_340C10p_att00_Rq0_00260,260,17784,33.8200
B0088_S1_340C10p_att00_Rq0_00261,261,17792,33.9600
B0088_S1_340C10p_att00_Rq0_00262,262,17798,34.0200
B0088_S1_340C10p_att00_Rq0_00263,263,17804,34.0000
B0088_S1_340C10p_att00_Rq0_00264,264,17809,34.0100
B0088_S1_340C10p_att00_Rq0_00265,265,17815,34.0100
B0088_S1_340C10p_att00_Rq0_00266,266,17821,34.0000
B0088_S1_340C10p_att00_Rq0_00267,267,17827,34.0000
B0088_S1_340C10p_att00_Rq0_00268,268,17832,34.0000
B0088_S1_340C10p_att00_Rq0_00269,269,17841,33.9900
B0088_S1_340C10p_att00_Rq0_00270,270,17847,34.0000
B0089_S1_060C10p_att00_Rq0_00001,1,18819,6.0000
B0089_S1_060C10p_att00_Rq0_00002,2,18826,6.0000
B0089_S1_060C10p_att00_Rq0_00003,3,18834,6.0000
B0089_S1_060C10p_att00_Rq0_00004,4,18840,6.0000
B0089_S1_060C10p_att00_Rq0_00005,5,18845,6.0000
B0089_S1_060C10p_att00_Rq0_00006,6,18851,6.0000
B0089_S1_060C10p_att00_Rq0_00007,7,18857,6.0000
B0089_S1_060C10p_att00_Rq0_00008,8,18862,6.0000
B0089_S1_060C10p_att00_Rq0_00009,9,18868,6.0000
B0089_S1_060C10p_att00_Rq0_00010,10,18874,6.0000
B0089_S1_060C10p_att00_Rq0_00011,11,18882,6.0000
B0089_S1_060C10p_att00_Rq0_00012,12,18888,6.0000
B0089_S1_060C10p_att00_Rq0_00013,13,18893,6.0000
B0089_S1_060C10p_att00_Rq0_00014,14,18899,6.0000
B0089_S1_060C10p_att00_Rq0_00015,15,18905,6.0000
B0089_S1_060C10p_att00_Rq0_00016,16,18910,6.0000
B0089_S1_060C10p_att00_Rq0_00017,17,18916,6.0000
B0089_S1_060C10p_att00_Rq0_00018,18,18922,6.0000
B0089_S1_060C10p_att00_Rq0_00019,19,18930,6.0000
B0089_S1_060C10p_att00_Rq0_00020,20,18936,6.0000
B0089_S1_060C10p_att00_Rq0_00021,21,18941,6.0000
B0089_S1_060C10p_att00_Rq0_00022,22,18947,6.0000
B0089_S1_060C10p_att00_Rq0_00023,23,18953,6.0000
B0089_S1_060C10p_att00_Rq0_00024,24,18959,6.0000
B0089_S1_060C10p_att00_Rq0_00025,25,18964,6.0000
B0089_S1_060C10p_att00_Rq0_00026,26,18970,6.0000
B0089_S1_060C10p_att00_Rq0_00027,27,18976,6.0000
B0089_S1_060C10p_att00_Rq0_00028,28,18982,6.0000
B0089_S1_060C10p_att00_Rq0_00029,29,18987,6.0000
B0089_S1_060C10p_att00_Rq0_00030,30,18995,6.0000
B0089_S1_060C10p_att00_Rq0_00031,31,19003,6.0000
B0089_S1_060C10p_att00_Rq0_00032,32,19009,6.0000
B0089_S1_060C10p_att00_Rq0_00033,33,19015,6.0000
B0089_S1_060C10p_att00_Rq0_00034,34,19020,6.0100
B0089_S1_060C10p_att00_Rq0_00035,35,19027,6.0000
B0089_S1_060C10p_att00_Rq0_00036,36,19032,6.0000
B0089_S1_060C10p_att00_Rq0_00037,37,19038,6.0000
B0089_S1_060C10p_att00_Rq0_00038,38,19044,6.0000
B0089_S1_060C10p_att00_Rq0_00039,39,19049,6.0000
B0089_S1_060C10p_att00_Rq0_00040,40,19055,6.0000
B0089_S1_060C10p_att00_Rq0_00041,41,19061,6.0000
B0089_S1_060C10p_att00_Rq0_00042,42,19066,6.0000
B0089_S1_060C10p_att00_Rq0_00043,43,19076,6.0000
B0089_S1_060C10p_att00_Rq0_00044,44,19082,6.0000
B0089_S1_060C10p_att00_Rq0_00045,45,19088,6.0000
B0089_S1_060C10p_att00_Rq0_00046,46,19093,6.0000
B0089_S1_060C10p_att00_Rq0_00047,47,19099,6.0000
B0089_S1_060C10p_att00_Rq0_00048,48,19105,6.0000
B0089_S1_060C10p_att00_Rq0_00049,49,19111,6.0000
B0089_S1_060C10p_att00_Rq0_00050,50,19116,6.0000
B0090_S1_340C10p_att00_Rq0_00001,1,19132,6.1200
B0090_S1_340C10p_att00_Rq0_00002,2,19138,6.2200
B0090_S1_340C10p_att00_Rq0_00003,3,19143,6.3300
B0090_S1_340C10p_att00_Rq0_00004,4,19149,6.4300
B0090_S1_340C10p_att00_Rq0_00005,5,19155,6.5300
B0090_S1_340C10p_att00_Rq0_00006,6,19161,6.6200
B0090_S1_340C10p_att00_Rq0_00007,7,19167,6.7200
B0090_S1_340C10p_att00_Rq0_00008,8,19172,6.8200
B0090_S1_340C10p_att00_Rq0_00009,9,19178,6.9000
B0090_S1_340C10p_att00_Rq0_00010,10,19184,6.9900
B0090_S1_340C10p_att00_Rq0_00011,11,19189,7.1000
B0090_S1_340C10p_att00_Rq0_00012,12,19195,7.2000
B0090_S1_340C10p_att00_Rq0_00013,13,19201,7.3000
B0090_S1_340C10p_att00_Rq0_00014,14,19207,7.4100
B0090_S1_340C10p_att00_Rq0_00015,15,19212,7.5400
B0090_S1_340C10p_att00_Rq0_00016,16,19221,7.6300
B0090_S1_340C10p_att00_Rq0_00017,17,19227,7.7400
B0090_S1_340C10p_att00_Rq0_00018,18,19232,7.8400
B0090_S1_340C10p_att00_Rq0_00019,19,19238,7.9200
B0090_S1_340C10p_att00_Rq0_00020,20,19244,8.0400
B0090_S1_340C10p_att00_Rq0_00021,21,19254,8.1700
B0090_S1_340C10p_att00_Rq0_00022,22,19260,8.2800
B0090_S1_340C10p_att00_Rq0_00023,23,19266,8.3800
B0090_S1_340C10p_att00_Rq0_00024,24,19271,8.4900
B0090_S1_340C10p_att00_Rq0_00025,25,19277,8.7500
B0090_S1_340C10p_att00_Rq0_00026,26,19293,8.8300
B0090_S1_340C10p_att00_Rq0_00027,27,19298,8.9400
B0090_S1_340C10p_att00_Rq0_00028,28,19304,9.0500
B0090_S1_340C10p_att00_Rq0_00029,29,19310,9.1500
B0090_S1_340C10p_att00_Rq0_00030,30,19316,9.2400
B0090_S1_340C10p_att00_Rq0_00031,31,19322,9.3500
B0090_S1_340C10p_att00_Rq0_00032,32,19328,9.4500
B0090_S1_340C10p_att00_Rq0_00033,33,19334,9.5200
B0090_S1_340C10p_att00_Rq0_00034,34,19339,9.6200
B0090_S1_340C10p_att00_Rq0_00035,35,19347,9.7600
B0090_S1_340C10p_att00_Rq0_00036,36,19353,9.8500
B0090_S1_340C10p_att00_Rq0_00037,37,19358,9.9500
B0090_S1_340C10p_att00_Rq0_00038,38,19364,10.0400
B0090_S1_340C10p_att00_Rq0_00039,39,19370,10.1300
B0090_S1_340C10p_att00_Rq0_00040,40,19376,10.2300
B0090_S1_340C10p_att00_Rq0_00041,41,19384,10.3600
B0090_S1_340C10p_att00_Rq0_00042,42,19389,10.4500
B0090_S1_340C10p_att00_Rq0_00043,43,19395,10.5700
B0090_S1_340C10p_att00_Rq0_00044,44,19401,10.6600
B0090_S1_340C10p_att00_Rq0_00045,45,19407,10.7700
B0090_S1_340C10p_att00_Rq0_00046,46,19413,10.8700
B0090_S1_340C10p_att00_Rq0_00047,47,19419,10.9600
B0090_S1_340C10p_att00_Rq0_00048,48,19424,11.0500
B0090_S1_340C10p_att00_Rq0_00049,49,19430,11.1500
B0090_S1_340C10p_att00_Rq0_00050,50,19436,11.2400
B0090_S1_340C10p_att00_Rq0_00051,51,19442,11.3400
B0090_S1_340C10p_att00_Rq0_00052,52,19447,11.4400
B0090_S1_340C10p_att00_Rq0_00053,53,19453,11.5400
B0090_S1_340C10p_att00_Rq0_00054,54,19459,11.6300
B0090_S1_340C10p_att00_Rq0_00055,55,19464,11.7300
B0090_S1_340C10p_att00_Rq0_00056,56,19470,11.8400
B0090_S1_340C10p_att00_Rq0_00057,57,19477,11.9500
B0090_S1_340C10p_att00_Rq0_00058,58,19483,12.0400
B0090_S1_340C10p_att00_Rq0_00059,59,19489,12.1800
B0090_S1_340C10p_att00_Rq0_00060,60,19497,12.2800
B0090_S1_340C10p_att00_Rq0_00061,61,19505,12.4200
B0090_S1_340C10p_att00_Rq0_00062,62,19511,12.5100
B0090_S1_340C10p_att00_Rq0_00063,63,19517,12.6200
B0090_S1_340C10p_att00_Rq0_00064,64,19523,12.7200
B0090_S1_340C10p_att00_Rq0_00065,65,19528,12.8100
B0090_S1_340C10p_att00_Rq0_00066,66,19534,12.9800
B0090_S1_340C10p_att00_Rq0_00067,67,19545,13.0900
B0090_S1_340C10p_att00_Rq0_00068,68,19551,13.2000
B0090_S1_340C10p_att00_Rq0_00069,69,19558,13.2900
B0090_S1_340C10p_att00_Rq0_00070,70,19563,13.4000
B0090_S1_340C10p_att00_Rq0_00071,71,19569,13.4900
B0090_S1_340C10p_att00_Rq0_00072,72,19575,13.5800
B0090_S1_340C10p_att00_Rq0_00073,73,19580,13.6800
B0090_S1_340C10p_att00_Rq0_00074,74,19586,13.7800
B0090_S1_340C10p_att00_Rq0_00075,75,19592,13.8600
B0090_S1_340C10p_att00_Rq0_00076,76,19598,13.9600
B0090_S1_340C10p_att00_Rq0_00077,77,19607,14.1300
B0090_S1_340C10p_att00_Rq0_00078,78,19613,14.2100
B0090_S1_340C10p_att00_Rq0_00079,79,19618,14.3200
B0090_S1_340C10p_att00_Rq0_00080,80,19624,14.4100
B0090_S1_340C10p_att00_Rq0_00081,81,19632,14.5700
B0090_S1_340C10p_att00_Rq0_00082,82,19639,14.6500
B0090_S1_340C10p_att00_Rq0_00083,83,19644,14.7600
B0090_S1_340C10p_att00_Rq0_00084,84,19650,14.8600
B0090_S1_340C10p_att00_Rq0_00085,85,19656,14.9300
B0090_S1_340C10p_att00_Rq0_00086,86,19662,15.0300
B0090_S1_340C10p_att00_Rq0_00087,87,19668,15.1600
B0090_S1_340C10p_att00_Rq0_00088,88,19674,15.2400
B0090_S1_340C10p_att00_Rq0_00089,89,19680,15.3400
B0090_S1_340C10p_att00_Rq0_00090,90,19685,15.4400
B0090_S1_340C10p_att00_Rq0_00091,91,19691,15.5400
B0090_S1_340C10p_att00_Rq0_00092,92,19697,15.6400
B0090_S1_340C10p_att00_Rq0_00093,93,19703,15.7500
B0090_S1_340C10p_att00_Rq0_00094,94,19709,15.8300
B0090_S1_340C10p_att00_Rq0_00095,95,19714,15.9400
B0090_S1_340C10p_att00_Rq0_00096,96,19720,16.0300
B0090_S1_340C10p_att00_Rq0_00097,97,19726,16.1100
B0090_S1_340C10p_att00_Rq0_00098,98,19732,16.2300
B0090_S1_340C10p_att00_Rq0_00099,99,19738,16.3400
B0090_S1_340C10p_att00_Rq0_00100,100,19744,16.4400
B0090_S1_340C10p_att00_Rq0_00101,101,19752,16.5600
B0090_S1_340C10p_att00_Rq0_00102,102,19758,16.6500
B0090_S1_340C10p_att00_Rq0_00103,103,19763,16.7500
B0090_S1_340C10p_att00_Rq0_00104,104,19769,16.8500
B0090_S1_340C10p_att00_Rq0_00105,105,19775,16.9600
B0090_S1_340C10p_att00_Rq0_00106,106,19781,17.0600
B0090_S1_340C10p_att00_Rq0_00107,107,19787,17.1500
B0090_S1_340C10p_att00_Rq0_00108,108,19792,17.2800
B0090_S1_340C10p_att00_Rq0_00109,109,19800,17.3700
B0090_S1_340C10p_att00_Rq0_00110,110,19806,17.4700
B0090_S1_340C10p_att00_Rq0_00111,111,19812,17.5500
B0090_S1_340C10p_att00_Rq0_00112,112,19817,17.6600
B0090_S1_340C10p_att00_Rq0_00113,113,19823,17.7700
B0090_S1_340C10p_att00_Rq0_00114,114,19830,17.8800
B0090_S1_340C10p_att00_Rq0_00115,115,19836,17.9600
B0090_S1_340C10p_att00_Rq0_00116,116,19841,18.0600
B0090_S1_340C10p_att00_Rq0_00117,117,19847,18.1700
B0090_S1_340C10p_att00_Rq0_00118,118,19853,18.2700
B0090_S1_340C10p_att00_Rq0_00119,119,19859,18.3600
B0090_S1_340C10p_att00_Rq0_00120,120,19865,18.4700
B0090_S1_340C10p_att00_Rq0_00121,121,19873,18.5900
B0090_S1_340C10p_att00_Rq0_00122,122,19879,18.6800
B0090_S1_340C10p_att00_Rq0_00123,123,19884,18.7900
B0090_S1_340C10p_att00_Rq0_00124,124,19890,18.8900
B0090_S1_340C10p_att00_Rq0_00125,125,19896,18.9900
B0090_S1_340C10p_att00_Rq0_00126,126,19902,19.0700
B0090_S1_340C10p_att00_Rq0_00127,127,19908,19.1700
B0090_S1_340C10p_att00_Rq0_00128,128,19913,19.2800
B0090_S1_340C10p_att00_Rq0_00129,129,19919,19.3700
B0090_S1_340C10p_att00_Rq0_00130,130,19925,19.4800
B0090_S1_340C10p_att00_Rq0_00131,131,19931,19.5600
B0090_S1_340C10p_att00_Rq0_00132,132,19936,19.6600
B0090_S1_340C10p_att00_Rq0_00133,133,19942,19.7700
B0090_S1_340C10p_att00_Rq0_00134,134,19948,19.8400
B0090_S1_340C10p_att00_Rq0_00135,135,19954,19.9800
B0090_S1_340C10p_att00_Rq0_00136,136,19961,20.0900
B0090_S1_340C10p_att00_Rq0_00137,137,19967,20.2000
B0090_S1_340C10p_att00_Rq0_00138,138,19973,20.3000
B0090_S1_340C10p_att00_Rq0_00139,139,19980,20.3800
B0090_S1_340C10p_att00_Rq0_00140,140,19985,20.5500
B0090_S1_340C10p_att00_Rq0_00141,141,19997,20.6900
B0090_S1_340C10p_att00_Rq0_00142,142,20003,20.7900
B0090_S1_340C10p_att00_Rq0_00143,143,20009,20.8700
B0090_S1_340C10p_att00_Rq0_00144,144,20015,20.9800
B0090_S1_340C10p_att00_Rq0_00145,145,20020,21.0800
B0090_S1_340C10p_att00_Rq0_00146,146,20026,21.1600
B0090_S1_340C10p_att00_Rq0_00147,147,20032,21.2500
B0090_S1_340C10p_att00_Rq0_00148,148,20041,21.4300
B0090_S1_340C10p_att00_Rq0_00149,149,20047,21.5300
B0090_S1_340C10p_att00_Rq0_00150,150,20052,21.6100
B0090_S1_340C10p_att00_Rq0_00151,151,20058,21.7100
B0090_S1_340C10p_att00_Rq0_00152,152,20064,21.8200
B0090_S1_340C10p_att00_Rq0_00153,153,20070,21.9000
B0090_S1_340C10p_att00_Rq0_00154,154,20076,22.0000
B0090_S1_340C10p_att00_Rq0_00155,155,20081,22.1700
B0090_S1_340C10p_att00_Rq0_00156,156,20092,22.3000
B0090_S1_340C10p_att00_Rq0_00157,157,20101,22.4200
B0090_S1_340C10p_att00_Rq0_00158,158,20106,22.5300
B0090_S1_340C10p_att00_Rq0_00159,159,20112,22.6200
B0090_S1_340C10p_att00_Rq0_00160,160,20118,22.7200
B0090_S1_340C10p_att00_Rq0_00161,161,20126,22.8600
B0090_S1_340C10p_att00_Rq0_00162,162,20132,22.9400
B0090_S1_340C10p_att00_Rq0_00163,163,20137,23.0400
B0090_S1_340C10p_att00_Rq0_00164,164,20143,23.1500
B0090_S1_340C10p_att00_Rq0_00165,165,20149,23.2400
B0090_S1_340C10p_att00_Rq0_00166,166,20155,23.3400
B0090_S1_340C10p_att00_Rq0_00167,167,20161,23.4300
B0090_S1_340C10p_att00_Rq0_00168,168,20166,23.5300
B0090_S1_340C10p_att00_Rq0_00169,169,20172,23.6300
B0090_S1_340C10p_att00_Rq0_00170,170,20178,23.7800
B0090_S1_340C10p_att00_Rq0_00171,171,20187,23.8800
B0090_S1_340C10p_att00_Rq0_00172,172,20193,23.9800
B0090_S1_340C10p_att00_Rq0_00173,173,20199,24.0900
B0090_S1_340C10p_att00_Rq0_00174,174,20205,24.1600
B0090_S1_340C10p_att00_Rq0_00175,175,20211,24.3100
B0090_S1_340C10p_att00_Rq0_00176,176,20218,24.3800
B0090_S1_340C10p_att00_Rq0_00177,177,20224,24.4800
B0090_S1_340C10p_att00_Rq0_00178,178,20229,24.5800
B0090_S1_340C10p_att00_Rq0_00179,179,20235,24.6900
B0090_S1_340C10p_att00_Rq0_00180,180,20241,24.7900
B0090_S1_340C10p_att00_Rq0_00181,181,20249,24.9300
B0090_S1_340C10p_att00_Rq0_00182,182,20255,25.0100
B0090_S1_340C10p_att00_Rq0_00183,183,20260,25.1000
B0090_S1_340C10p_att00_Rq0_00184,184,20266,25.2200
B0090_S1_340C10p_att00_Rq0_00185,185,20272,25.3000
B0090_S1_340C10p_att00_Rq0_00186,186,20277,25.3900
B0090_S1_340C10p_att00_Rq0_00187,187,20283,25.5000
B0090_S1_340C10p_att00_Rq0_00188,188,20289,25.6000
B0090_S1_340C10p_att00_Rq0_00189,189,20294,25.6800
B0090_S1_340C10p_att00_Rq0_00190,190,20300,25.7800
B0090_S1_340C10p_att00_Rq0_00191,191,20306,25.8600
B0090_S1_340C10p_att00_Rq0_00192,192,20312,25.9700
B0090_S1_340C10p_att00_Rq0_00193,193,20317,26.0700
B0090_S1_340C10p_att00_Rq0_00194,194,20323,26.1700
B0090_S1_340C10p_att00_Rq0_00195,195,20329,26.2600
B0090_S1_340C10p_att00_Rq0_00196,196,20335,26.3700
B0090_S1_340C10p_att00_Rq0_00197,197,20341,26.4700
B0090_S1_340C10p_att00_Rq0_00198,198,20347,26.5700
B0090_S1_340C10p_att00_Rq0_00199,199,20353,26.6700
B0090_S1_340C10p_att00_Rq0_00200,200,20359,26.7800
B0090_S1_340C10p_att00_Rq0_00201,201,20367,26.9100
B0090_S1_340C10p_att00_Rq0_00202,202,20373,27.0300
B0090_S1_340C10p_att00_Rq0_00203,203,20380,27.1000
B0090_S1_340C10p_att00_Rq0_00204,204,20386,27.2100
B0090_S1_340C10p_att00_Rq0_00205,205,20391,27.3100
B0090_S1_340C10p_att00_Rq0_00206,206,20397,27.4100
B0090_S1_340C10p_att00_Rq0_00207,207,20403,27.5100
B0090_S1_340C10p_att00_Rq0_00208,208,20410,27.6100
B0090_S1_340C10p_att00_Rq0_00209,209,20415,27.7100
B0090_S1_340C10p_att00_Rq0_00210,210,20421,27.8100
B0090_S1_340C10p_att00_Rq0_00211,211,20427,27.9100
B0090_S1_340C10p_att00_Rq0_00212,212,20433,28.0100
B0090_S1_340C10p_att00_Rq0_00213,213,20438,28.1000
B0090_S1_340C10p_att00_Rq0_00214,214,20444,28.2000
B0090_S1_340C10p_att00_Rq0_00215,215,20450,28.3100
B0090_S1_340C10p_att00_Rq0_00216,216,20456,28.4600
B0090_S1_340C10p_att00_Rq0_00217,217,20466,28.5500
B0090_S1_340C10p_att00_Rq0_00218,218,20471,28.6600
B0090_S1_340C10p_att00_Rq0_00219,219,20477,28.7700
B0090_S1_340C10p_att00_Rq0_00220,220,20483,28.8400
B0090_S1_340C10p_att00_Rq0_00221,221,20490,28.9800
B0090_S1_340C10p_att00_Rq0_00222,222,20496,29.0500
B0090_S1_340C10p_att00_Rq0_00223,223,20502,29.2200
B0090_S1_340C10p_att00_Rq0_00224,224,20510,29.3100
B0090_S1_340C10p_att00_Rq0_00225,225,20516,29.4900
B0090_S1_340C10p_att00_Rq0_00226,226,20526,29.5600
B0090_S1_340C10p_att00_Rq0_00227,227,20531,29.6600
B0090_S1_340C10p_att00_Rq0_00228,228,20537,29.7600
B0090_S1_340C10p_att00_Rq0_00229,229,20543,29.8600
B0090_S1_340C10p_att00_Rq0_00230,230,20549,29.9600
B0090_S1_340C10p_att00_Rq0_00231,231,20554,30.0500
B0090_S1_340C10p_att00_Rq0_00232,232,20560,30.1500
B0090_S1_340C10p_att00_Rq0_00233,233,20566,30.2900
B0090_S1_340C10p_att00_Rq0_00234,234,20574,30.3900
B0090_S1_340C10p_att00_Rq0_00235,235,20580,30.4900
B0090_S1_340C10p_att00_Rq0_00236,236,20586,30.5700
B0090_S1_340C10p_att00_Rq0_00237,237,20592,30.6700
B0090_S1_340C10p_att00_Rq0_00238,238,20597,30.8400
B0090_S1_340C10p_att00_Rq0_00239,239,20607,30.9500
B0090_S1_340C10p_att00_Rq0_00240,240,20613,31.0400
B0090_S1_340C10p_att00_Rq0_00241,241,20621,31.1800
B0090_S1_340C10p_att00_Rq0_00242,242,20627,31.2600
B0090_S1_340C10p_att00_Rq0_00243,243,20632,31.3600
B0090_S1_340C10p_att00_Rq0_00244,244,20638,31.4700
B0090_S1_340C10p_att00_Rq0_00245,245,20644,31.5700
B0090_S1_340C10p_att00_Rq0_00246,246,20650,31.6500
B0090_S1_340C10p_att00_Rq0_00247,247,20655,31.7500
B0090_S1_340C10p_att00_Rq0_00248,248,20661,31.9300
B0090_S1_340C10p_att00_Rq0_00249,249,20672,32.0500
B0090_S1_340C10p_att00_Rq0_00250,250,20678,32.1400
B0090_S1_340C10p_att00_Rq0_00251,251,20684,32.2500
B0090_S1_340C10p_att00_Rq0_00252,252,20690,32.3300
B0090_S1_340C10p_att00_Rq0_00253,253,20696,32.4300
B0090_S1_340C10p_att00_Rq0_00254,254,20704,32.5700
B0090_S1_340C10p_att00_Rq0_00255,255,20709,32.6600
B0090_S1_340C10p_att00_Rq0_00256,256,20715,32.7600
B0090_S1_340C10p_att00_Rq0_00257,257,20721,32.8600
B0090_S1_340C10p_att00_Rq0_00258,258,20727,33.0300
B0090_S1_340C10p_att00_Rq0_00259,259,20737,33.1300
B0090_S1_340C10p_att00_Rq0_00260,260,20743,33.2300
B0090_S1_340C10p_att00_Rq0_00261,261,20751,33.3500
B0090_S1_340C10p_att00_Rq0_00262,262,20756,33.4500
B0090_S1_340C10p_att00_Rq0_00263,263,20765,33.6000
B0090_S1_340C10p_att00_Rq0_00264,264,20770,33.6900
B0090_S1_340C10p_att00_Rq0_00265,265,20776,33.7800
B0090_S1_340C10p_att00_Rq0_00266,266,20782,33.8700
B0090_S1_340C10p_att00_Rq0_00267,267,20787,33.9700
B0090_S1_340C10p_att00_Rq0_00268,268,20793,34.0100
B0090_S1_340C10p_att00_Rq0_00269,269,20799,34.0000
B0090_S1_340C10p_att00_Rq0_00270,270,20804,34.0000
