scan,acquisition,start_time,I0Monitor,qnw3_set,fields_not_recorded,error
H0401_D8_060C10p_att00_Rq0,H0401_D8_060C10p_att00_Rq0_00001,2021-10-17 11:01:38,845949,6.00,,
H0401_D8_060C10p_att00_Rq0,H0401_D8_060C10p_att00_Rq0_00002,2021-10-17 11:01:45,846514,6.00,,
H0401_D8_060C10p_att00_Rq0,H0401_D8_060C10p_att00_Rq0_00003,2021-10-17 11:01:50,845739,6.00,,
H0401_D8_060C10p_att00_Rq0,H0401_D8_060C10p_att00_Rq0_00004,2021-10-17 11:01:56,846212,6.00,,
H0401_D8_060C10p_att00_Rq0,H0401_D8_060C10p_att00_Rq0_00005,2021-10-17 11:02:02,855664,6.00,,
H0401_D8_060C10p_att00_Rq0,H0401_D8_060C10p_att00_Rq0_00006,2021-10-17 11:02:07,844190,6.00,,
H0401_D8_060C10p_att00_Rq0,H0401_D8_060C10p_att00_Rq0_00007,2021-10-17 11:02:13,849160,6.00,,
H0401_D8_060C10p_att00_Rq0,H0401_D8_060C10p_att00_Rq0_00008,2021-10-17 11:02:18,844703,6.00,,
H0401_D8_060C10p_att00_Rq0,H0401_D8_060C10p_att00_Rq0_00009,2021-10-17 11:02:24,848062,6.00,,
H0401_D8_060C10p_att00_Rq0,H0401_D8_060C10p_att00_Rq0_00010,2021-10-17 11:02:30,854577,6.00,,
H0401_D8_060C10p_att00_Rq0,H0401_D8_060C10p_att00_Rq0_00011,2021-10-17 11:02:35,844383,6.00,,
H0401_D8_060C10p_att00_Rq0,H0401_D8_060C10p_att00_Rq0_00012,,,,,no Data Exchange metadata
H0402_D8_060C10p_att00_Rq0,H0402_D8_060C10p_att00_Rq0_00001,2021-10-17 11:10:15,830943,6.00,,
H0402_D8_060C10p_att00_Rq0,H0402_D8_060C10p_att00_Rq0_00002,2021-10-17 11:10:22,837228,6.00,,
H0402_D8_060C10p_att00_Rq0,H0402_D8_060C10p_att00_Rq0_00003,2021-10-17 11:10:28,832574,6.00,,
H0402_D8_060C10p_att00_Rq0,H0402_D8_060C10p_att00_Rq0_00004,2021-10-17 11:10:33,841708,6.00,,
H0402_D8_060C10p_att00_Rq0,H0402_D8_060C10p_att00_Rq0_00005,2021-10-17 11:10:39,829168,6.00,,
H0402_D8_060C10p_att00_Rq0,H0402_D8_060C10p_att00_Rq0_00006,2021-10-17 11:10:45,832252,6.00,,
H0402_D8_060C10p_att00_Rq0,H0402_D8_060C10p_att00_Rq0_00007,2021-10-17 11:10:50,829619,6.00,,
H0402_D8_060C10p_att00_Rq0,H0402_D8_060C10p_att00_Rq0_00008,2021-10-17 11:10:56,832620,6.00,,
H0402_D8_060C10p_att00_Rq0,H0402_D8_060C10p_att00_Rq0_00009,2021-10-17 11:11:01,835822,6.00,,
H0402_D8_060C10p_att00_Rq0,H0402_D8_060C10p_att00_Rq0_00010,2021-10-17 11:11:07,828479,6.00,,
H0402_D8_060C10p_att00_Rq0,H0402_D8_060C10p_att00_Rq0_00011,2021-10-17 11:11:13,831597,6.00,,
H0402_D8_060C10p_att00_Rq0,H0402_D8_060C10p_att00_Rq0_00012,2021-10-17 11:11:18,828931,6.00,,
H0402_D8_060C10p_att00_Rq0,H0402_D8_060C10p_att00_Rq0_00013,2021-10-17 11:11:24,832227,6.00,,
H0402_D8_060C10p_att00_Rq0,H0402_D8_060C10p_att00_Rq0_00014,2021-10-17 11:11:30,832391,6.00,,
H0402_D8_060C10p_att00_Rq0,H0402_D8_060C10p_att00_Rq0_00015,2021-10-17 11:11:35,836408,6.00,,
H0402_D8_060C10p_att00_Rq0,H0402_D8_060C10p_att00_Rq0_00016,2021-10-17 11:11:41,831543,6.00,,
H0402_D8_060C10p_att00_Rq0,H0402_D8_060C10p_att00_Rq0_00017,2021-10-17 11:11:46,831462,6.00,,
H0402_D8_060C10p_att00_Rq0,H0402_D8_060C10p_att00_Rq0_00018,2021-10-17 11:11:52,835066,6.00,,
H0402_D8_060C10p_att00_Rq0,H0402_D8_060C10p_att00_Rq0_00019,2021-10-17 11:11:57,828316,6.00,,
H0402_D8_060C10p_att00_Rq0,H0402_D8_060C10p_att00_Rq0_00020,2021-10-17 11:12:03,830597,6.00,,
H0402_D8_280C10p_att00_Rq0,H0402_D8_280C10p_att00_Rq0_00001,2021-10-17 11:28:17,812754,28.00,,
H0402_D8_280C10p_att00_Rq0,H0402_D8_280C10p_att00_Rq0_00002,2021-10-17 11:28:24,808410,28.00,,
H0402_D8_280C10p_att00_Rq0,H0402_D8_280C10p_att00_Rq0_00003,2021-10-17 11:28:30,810867,28.00,,
H0402_D8_280C10p_att00_Rq0,H0402_D8_280C10p_att00_Rq0_00004,2021-10-17 11:28:35,810935,28.00,,
H0402_D8_280C10p_att00_Rq0,H0402_D8_280C10p_att00_Rq0_00005,2021-10-17 11:28:41,812455,28.00,,
H0402_D8_280C10p_att00_Rq0,H0402_D8_280C10p_att00_Rq0_00006,2021-10-17 11:28:46,806891,28.00,,
H0402_D8_280C10p_att00_Rq0,H0402_D8_280C10p_att00_Rq0_00007,2021-10-17 11:28:52,810952,28.00,,
H0402_D8_280C10p_att00_Rq0,H0402_D8_280C10p_att00_Rq0_00008,2021-10-17 11:28:58,816086,28.00,,
H0402_D8_280C10p_att00_Rq0,H0402_D8_280C10p_att00_Rq0_00009,2021-10-17 11:29:04,806929,28.00,,
H0402_D8_280C10p_att00_Rq0,H0402_D8_280C10p_att00_Rq0_00010,2021-10-17 11:29:10,805747,28.00,,
H0402_D8_280C10p_att00_Rq0,H0402_D8_280C10p_att00_Rq0_00011,2021-10-17 11:29:16,806663,28.00,,
H0402_D8_280C10p_att00_Rq0,H0402_D8_280C10p_att00_Rq0_00012,2021-10-17 11:29:21,809381,28.00,,
H0402_D8_280C10p_att00_Rq0,H0402_D8_280C10p_att00_Rq0_00013,2021-10-17 11:29:31,820135,28.00,,
H0402_D8_280C10p_att00_Rq0,H0402_D8_280C10p_att00_Rq0_00014,2021-10-17 11:29:37,802872,28.00,,
H0402_D8_280C10p_att00_Rq0,H0402_D8_280C10p_att00_Rq0_00015,2021-10-17 11:29:42,805994,28.00,,
H0402_D8_280C10p_att00_Rq0,H0402_D8_280C10p_att00_Rq0_00016,2021-10-17 11:29:48,808842,28.00,,
H0402_D8_280C10p_att00_Rq0,H0402_D8_280C10p_att00_Rq0_00017,2021-10-17 11:29:54,809231,28.00,,
H0402_D8_280C10p_att00_Rq0,H0402_D8_280C10p_att00_Rq0_00018,2021-10-17 11:29:59,804773,28.00,,
H0402_D8_280C10p_att00_Rq0,H0402_D8_280C10p_att00_Rq0_00019,2021-10-17 11:30:05,809473,28.00,,
H0402_D8_280C10p_att00_Rq0,H0402_D8_280C10p_att00_Rq0_00020,2021-10-17 11:30:11,813642,28.00,,
H0402_D8_280C10p_att00_Rq0,H0402_D8_280C10p_att00_Rq0_00021,2021-10-17 11:30:19,812908,28.00,,
H0402_D8_280C10p_att00_Rq0,H0402_D8_280C10p_att00_Rq0_00022,2021-10-17 11:30:25,808855,28.00,,
H0402_D8_280C10p_att00_Rq0,H0402_D8_280C10p_att00_Rq0_00023,2021-10-17 11:30:30,803978,28.00,,
H0402_D8_280C10p_att00_Rq0,H0402_D8_280C10p_att00_Rq0_00024,2021-10-17 11:30:36,816947,28.00,,
H0402_D8_280C10p_att00_Rq0,H0402_D8_280C10p_att00_Rq0_00025,2021-10-17 11:30:42,814877,28.00,,
H0402_D8_280C10p_att00_Rq0,H0402_D8_280C10p_att00_Rq0_00026,2021-10-17 11:30:47,804869,28.00,,
H0402_D8_280C10p_att00_Rq0,H0402_D8_280C10p_att00_Rq0_00027,2021-10-17 11:30:53,804433,28.00,,
H0402_D8_280C10p_att00_Rq0,H0402_D8_280C10p_att00_Rq0_00028,2021-10-17 11:30:59,804114,28.00,,
H0402_D8_280C10p_att00_Rq0,H0402_D8_280C10p_att00_Rq0_00029,2021-10-17 11:31:04,807508,28.00,,
H0402_D8_280C10p_att00_Rq0,H0402_D8_280C10p_att00_Rq0_00030,2021-10-17 11:31:10,806932,28.00,,
H0402_D8_280C10p_att00_Rq0,H0402_D8_280C10p_att00_Rq0_00031,2021-10-17 11:31:16,812094,28.00,,
H0402_D8_280C10p_att00_Rq0,H0402_D8_280C10p_att00_Rq0_00032,2021-10-17 11:31:21,806483,28.00,,
H0402_D8_280C10p_att00_Rq0,H0402_D8_280C10p_att00_Rq0_00033,2021-10-17 11:31:27,803194,28.00,,
H0402_D8_280C10p_att00_Rq0,H0402_D8_280C10p_att00_Rq0_00034,2021-10-17 11:31:33,807609,28.00,,
H0402_D8_280C10p_att00_Rq0,H0402_D8_280C10p_att00_Rq0_00035,2021-10-17 11:31:39,803374,28.00,,
H0402_D8_280C10p_att00_Rq0,H0402_D8_280C10p_att00_Rq0_00036,2021-10-17 11:31:45,809417,28.00,,
H0402_D8_280C10p_att00_Rq0,H0402_D8_280C10p_att00_Rq0_00037,2021-10-17 11:31:51,803784,28.00,,
H0402_D8_280C10p_att00_Rq0,H0402_D8_280C10p_att00_Rq0_00038,2021-10-17 11:31:56,807256,28.00,,
H0402_D8_280C10p_att00_Rq0,H0402_D8_280C10p_att00_Rq0_00039,2021-10-17 11:32:02,811642,28.00,,
H0402_D8_280C10p_att00_Rq0,H0402_D8_280C10p_att00_Rq0_00040,2021-10-17 11:32:08,803289,28.00,,
H0402_D8_280C10p_att00_Rq0,H0402_D8_280C10p_att00_Rq0_00041,2021-10-17 11:32:16,810766,28.00,,
H0402_D8_280C10p_att00_Rq0,H0402_D8_280C10p_att00_Rq0_00042,2021-10-17 11:32:22,805796,28.00,,
H0402_D8_280C10p_att00_Rq0,H0402_D8_280C10p_att00_Rq0_00043,2021-10-17 11:32:27,802656,28.00,,
H0402_D8_280C10p_att00_Rq0,H0402_D8_280C10p_att00_Rq0_00044,2021-10-17 11:32:33,804928,28.00,,
H0402_D8_280C10p_att00_Rq0,H0402_D8_280C10p_att00_Rq0_00045,2021-10-17 11:32:38,804929,28.00,,
H0402_D8_280C10p_att00_Rq0,H0402_D8_280C10p_att00_Rq0_00046,2021-10-17 11:32:44,804808,28.00,,
H0402_D8_280C10p_att00_Rq0,H0402_D8_280C10p_att00_Rq0_00047,2021-10-17 11:32:54,801042,28.00,,
H0402_D8_280C10p_att00_Rq0,H0402_D8_280C10p_att00_Rq0_00048,2021-10-17 11:33:00,805459,28.00,,
H0402_D8_280C10p_att00_Rq0,H0402_D8_280C10p_att00_Rq0_00049,2021-10-17 11:33:05,804678,28.00,,
H0402_D8_280C10p_att00_Rq0,H0402_D8_280C10p_att00_Rq0_00050,2021-10-17 11:33:11,801925,28.00,,
H0402_D8_280C10p_att00_Rq0,H0402_D8_280C10p_att00_Rq0_00051,2021-10-17 11:33:19,812244,28.00,,
H0402_D8_280C10p_att00_Rq0,H0402_D8_280C10p_att00_Rq0_00052,2021-10-17 11:33:24,801516,28.00,,
H0402_D8_280C10p_att00_Rq0,H0402_D8_280C10p_att00_Rq0_00053,2021-10-17 11:33:30,801991,28.00,,
H0402_D8_280C10p_att00_Rq0,H0402_D8_280C10p_att00_Rq0_00054,2021-10-17 11:33:36,804795,28.00,,
H0402_D8_280C10p_att00_Rq0,H0402_D8_280C10p_att00_Rq0_00055,2021-10-17 11:33:41,802280,28.00,,
H0402_D8_280C10p_att00_Rq0,H0402_D8_280C10p_att00_Rq0_00056,2021-10-17 11:33:47,813719,28.00,,
H0402_D8_280C10p_att00_Rq0,H0402_D8_280C10p_att00_Rq0_00057,2021-10-17 11:33:53,801527,28.00,,
H0402_D8_280C10p_att00_Rq0,H0402_D8_280C10p_att00_Rq0_00058,2021-10-17 11:33:58,810285,28.00,,
H0402_D8_280C10p_att00_Rq0,H0402_D8_280C10p_att00_Rq0_00059,2021-10-17 11:34:04,804000,28.00,,
H0402_D8_280C10p_att00_Rq0,H0402_D8_280C10p_att00_Rq0_00060,2021-10-17 11:34:10,804043,28.00,,
H0402_D8_280C10p_att00_Rq0,H0402_D8_280C10p_att00_Rq0_00061,2021-10-17 11:34:18,802844,28.00,,
H0402_D8_280C10p_att00_Rq0,H0402_D8_280C10p_att00_Rq0_00062,2021-10-17 11:34:23,803748,28.00,,
H0402_D8_280C10p_att00_Rq0,H0402_D8_280C10p_att00_Rq0_00063,2021-10-17 11:34:29,801581,28.00,,
H0402_D8_280C10p_att00_Rq0,H0402_D8_280C10p_att00_Rq0_00064,2021-10-17 11:34:38,806100,28.00,,
H0402_D8_280C10p_att00_Rq0,H0402_D8_280C10p_att00_Rq0_00065,2021-10-17 11:34:44,984159,28.00,,
H0402_D8_280C10p_att00_Rq0,H0402_D8_280C10p_att00_Rq0_00066,2021-10-17 11:34:50,800759,28.00,,
H0402_D8_280C10p_att00_Rq0,H0402_D8_280C10p_att00_Rq0_00067,2021-10-17 11:34:56,804589,28.00,,
H0402_D8_280C10p_att00_Rq0,H0402_D8_280C10p_att00_Rq0_00068,2021-10-17 11:35:03,803553,28.00,,
H0402_D8_280C10p_att00_Rq0,H0402_D8_280C10p_att00_Rq0_00069,2021-10-17 11:35:08,802754,28.00,,
H0402_D8_280C10p_att00_Rq0,H0402_D8_280C10p_att00_Rq0_00070,2021-10-17 11:35:14,802767,28.00,,
H0402_D8_280C10p_att00_Rq0,H0402_D8_280C10p_att00_Rq0_00071,2021-10-17 11:35:19,831245,28.00,,
H0402_D8_280C10p_att00_Rq0,H0402_D8_280C10p_att00_Rq0_00072,2021-10-17 11:35:25,812219,28.00,,
H0402_D8_280C10p_att00_Rq0,H0402_D8_280C10p_att00_Rq0_00073,2021-10-17 11:35:31,802570,28.00,,
H0402_D8_280C10p_att00_Rq0,H0402_D8_280C10p_att00_Rq0_00074,2021-10-17 11:35:37,802812,28.00,,
H0402_D8_280C10p_att00_Rq0,H0402_D8_280C10p_att00_Rq0_00075,2021-10-17 11:35:42,799398,28.00,,
H0402_D8_280C10p_att00_Rq0,H0402_D8_280C10p_att00_Rq0_00076,2021-10-17 11:35:48,802278,28.00,,
H0402_D8_280C10p_att00_Rq0,H0402_D8_280C10p_att00_Rq0_00077,2021-10-17 11:35:54,799100,28.00,,
H0402_D8_280C10p_att00_Rq0,H0402_D8_280C10p_att00_Rq0_00078,2021-10-17 11:35:59,802937,28.00,,
H0402_D8_280C10p_att00_Rq0,H0402_D8_280C10p_att00_Rq0_00079,2021-10-17 11:36:05,801940,28.00,,
H0402_D8_280C10p_att00_Rq0,H0402_D8_280C10p_att00_Rq0_00080,2021-10-17 11:36:10,802506,28.00,,
H0402_D8_280C10p_att00_Rq0,H0402_D8_280C10p_att00_Rq0_00081,2021-10-17 11:36:22,802015,28.00,,
H0402_D8_280C10p_att00_Rq0,H0402_D8_280C10p_att00_Rq0_00082,2021-10-17 11:36:27,797300,28.00,,
H0402_D8_280C10p_att00_Rq0,H0402_D8_280C10p_att00_Rq0_00083,2021-10-17 11:36:33,798004,28.00,,
H0402_D8_280C10p_att00_Rq0,H0402_D8_280C10p_att00_Rq0_00084,2021-10-17 11:36:38,806723,28.00,,
H0402_D8_280C10p_att00_Rq0,H0402_D8_280C10p_att00_Rq0_00085,2021-10-17 11:36:44,794705,28.00,,
H0402_D8_280C10p_att00_Rq0,H0402_D8_280C10p_att00_Rq0_00086,2021-10-17 11:36:50,800900,28.00,,
H0402_D8_280C10p_att00_Rq0,H0402_D8_280C10p_att00_Rq0_00087,2021-10-17 11:36:56,801649,28.00,,
H0402_D8_280C10p_att00_Rq0,H0402_D8_280C10p_att00_Rq0_00088,2021-10-17 11:37:01,803105,28.00,,
H0402_D8_280C10p_att00_Rq0,H0402_D8_280C10p_att00_Rq0_00089,2021-10-17 11:37:07,797786,28.00,,
H0402_D8_280C10p_att00_Rq0,H0402_D8_280C10p_att00_Rq0_00090,2021-10-17 11:37:13,800386,28.00,,
H0402_D8_280C10p_att00_Rq0,H0402_D8_280C10p_att00_Rq0_00091,2021-10-17 11:37:18,802691,28.00,,
H0402_D8_280C10p_att00_Rq0,H0402_D8_280C10p_att00_Rq0_00092,2021-10-17 11:37:24,796253,28.00,,
H0402_D8_280C10p_att00_Rq0,H0402_D8_280C10p_att00_Rq0_00093,2021-10-17 11:37:30,800412,28.00,,
H0402_D8_280C10p_att00_Rq0,H0402_D8_280C10p_att00_Rq0_00094,2021-10-17 11:37:35,796866,28.00,,
H0402_D8_280C10p_att00_Rq0,H0402_D8_280C10p_att00_Rq0_00095,2021-10-17 11:37:41,796973,28.00,,
H0402_D8_280C10p_att00_Rq0,H0402_D8_280C10p_att00_Rq0_00096,2021-10-17 11:37:47,796693,28.00,,
H0402_D8_280C10p_att00_Rq0,H0402_D8_280C10p_att00_Rq0_00097,2021-10-17 11:37:52,804291,28.00,,
H0402_D8_280C10p_att00_Rq0,H0402_D8_280C10p_att00_Rq0_00098,2021-10-17 11:38:01,799611,28.00,,
H0402_D8_280C10p_att00_Rq0,H0402_D8_280C10p_att00_Rq0_00099,2021-10-17 11:38:07,799316,28.00,,
H0402_D8_280C10p_att00_Rq0,H0402_D8_280C10p_att00_Rq0_00100,2021-10-17 11:38:13,795464,28.00,,
H0402_D8_280C10p_att00_Rq0,H0402_D8_280C10p_att00_Rq0_00101,2021-10-17 11:38:21,802775,28.00,,
H0402_D8_280C10p_att00_Rq0,H0402_D8_280C10p_att00_Rq0_00102,2021-10-17 11:38:27,805211,28.00,,
H0402_D8_280C10p_att00_Rq0,H0402_D8_280C10p_att00_Rq0_00103,2021-10-17 11:38:33,798223,28.00,,
H0402_D8_280C10p_att00_Rq0,H0402_D8_280C10p_att00_Rq0_00104,2021-10-17 11:38:38,795249,28.00,,
H0402_D8_280C10p_att00_Rq0,H0402_D8_280C10p_att00_Rq0_00105,2021-10-17 11:38:44,802023,28.00,,
H0402_D8_280C10p_att00_Rq0,H0402_D8_280C10p_att00_Rq0_00106,2021-10-17 11:38:50,798086,28.00,,
H0402_D8_280C10p_att00_Rq0,H0402_D8_280C10p_att00_Rq0_00107,2021-10-17 11:38:56,806088,28.00,,
H0402_D8_280C10p_att00_Rq0,H0402_D8_280C10p_att00_Rq0_00108,2021-10-17 11:39:01,801293,28.00,,
H0402_D8_280C10p_att00_Rq0,H0402_D8_280C10p_att00_Rq0_00109,2021-10-17 11:39:07,797995,28.00,,
H0402_D8_280C10p_att00_Rq0,H0402_D8_280C10p_att00_Rq0_00110,2021-10-17 11:39:13,794527,28.00,,
H0402_D8_280C10p_att00_Rq0,H0402_D8_280C10p_att00_Rq0_00111,2021-10-17 11:39:18,794131,28.00,,
H0402_D8_280C10p_att00_Rq0,H0402_D8_280C10p_att00_Rq0_00112,2021-10-17 11:39:24,793591,28.00,,
H0402_D8_280C10p_att00_Rq0,H0402_D8_280C10p_att00_Rq0_00113,2021-10-17 11:39:30,796762,28.00,,
H0402_D8_280C10p_att00_Rq0,H0402_D8_280C10p_att00_Rq0_00114,2021-10-17 11:39:36,803532,28.00,,
H0402_D8_280C10p_att00_Rq0,H0402_D8_280C10p_att00_Rq0_00115,2021-10-17 11:39:42,799166,28.00,,
H0402_D8_280C10p_att00_Rq0,H0402_D8_280C10p_att00_Rq0_00116,2021-10-17 11:39:47,796368,28.00,,
H0402_D8_280C10p_att00_Rq0,H0402_D8_280C10p_att00_Rq0_00117,2021-10-17 11:39:53,803499,28.00,,
H0402_D8_280C10p_att00_Rq0,H0402_D8_280C10p_att00_Rq0_00118,2021-10-17 11:39:59,796510,28.00,,
H0402_D8_280C10p_att00_Rq0,H0402_D8_280C10p_att00_Rq0_00119,2021-10-17 11:40:04,800790,28.00,,
H0402_D8_280C10p_att00_Rq0,H0402_D8_280C10p_att00_Rq0_00120,2021-10-17 11:40:10,798014,28.00,,
H0402_D8_280C10p_att00_Rq0,H0402_D8_280C10p_att00_Rq0_00121,2021-10-17 11:40:18,794910,28.00,,
H0402_D8_280C10p_att00_Rq0,H0402_D8_280C10p_att00_Rq0_00122,2021-10-17 11:40:23,798957,28.00,,
H0402_D8_280C10p_att00_Rq0,H0402_D8_280C10p_att00_Rq0_00123,2021-10-17 11:40:29,804628,28.00,,
H0402_D8_280C10p_att00_Rq0,H0402_D8_280C10p_att00_Rq0_00124,2021-10-17 11:40:35,795808,28.00,,
H0402_D8_280C10p_att00_Rq0,H0402_D8_280C10p_att00_Rq0_00125,2021-10-17 11:40:40,797651,28.00,,
H0402_D8_280C10p_att00_Rq0,H0402_D8_280C10p_att00_Rq0_00126,2021-10-17 11:40:46,795634,28.00,,
H0402_D8_280C10p_att00_Rq0,H0402_D8_280C10p_att00_Rq0_00127,2021-10-17 11:40:52,795535,28.00,,
H0402_D8_280C10p_att00_Rq0,H0402_D8_280C10p_att00_Rq0_00128,2021-10-17 11:40:57,790628,28.00,,
H0402_D8_280C10p_att00_Rq0,H0402_D8_280C10p_att00_Rq0_00129,2021-10-17 11:41:03,791774,28.00,,
H0402_D8_280C10p_att00_Rq0,H0402_D8_280C10p_att00_Rq0_00130,2021-10-17 11:41:09,797847,28.00,,
H0402_D8_280C10p_att00_Rq0,H0402_D8_280C10p_att00_Rq0_00131,2021-10-17 11:41:14,798863,28.00,,
H0402_D8_280C10p_att00_Rq0,H0402_D8_280C10p_att00_Rq0_00132,2021-10-17 11:41:24,789570,28.00,,
H0402_D8_280C10p_att00_Rq0,H0402_D8_280C10p_att00_Rq0_00133,2021-10-17 11:41:29,793933,28.00,,
H0402_D8_280C10p_att00_Rq0,H0402_D8_280C10p_att00_Rq0_00134,2021-10-17 11:41:35,794696,28.00,,
H0402_D8_280C10p_att00_Rq0,H0402_D8_280C10p_att00_Rq0_00135,2021-10-17 11:41:40,794720,28.00,,
H0402_D8_280C10p_att00_Rq0,H0402_D8_280C10p_att00_Rq0_00136,2021-10-17 11:41:51,798202,28.00,,
H0402_D8_280C10p_att00_Rq0,H0402_D8_280C10p_att00_Rq0_00137,2021-10-17 11:41:57,794317,28.00,,
H0402_D8_280C10p_att00_Rq0,H0402_D8_280C10p_att00_Rq0_00138,2021-10-17 11:42:03,794328,28.00,,
H0402_D8_280C10p_att00_Rq0,H0402_D8_280C10p_att00_Rq0_00139,2021-10-17 11:42:08,792983,28.00,,
H0402_D8_280C10p_att00_Rq0,H0402_D8_280C10p_att00_Rq0_00140,2021-10-17 11:42:14,797397,28.00,,
H0402_D8_280C10p_att00_Rq0,H0402_D8_280C10p_att00_Rq0_00141,2021-10-17 11:42:22,796404,28.00,,
H0402_D8_280C10p_att00_Rq0,H0402_D8_280C10p_att00_Rq0_00142,2021-10-17 11:42:28,790369,28.00,,
H0402_D8_280C10p_att00_Rq0,H0402_D8_280C10p_att00_Rq0_00143,2021-10-17 11:42:33,789980,28.00,,
H0402_D8_280C10p_att00_Rq0,H0402_D8_280C10p_att00_Rq0_00144,2021-10-17 11:42:39,792940,28.00,,
H0402_D8_280C10p_att00_Rq0,H0402_D8_280C10p_att00_Rq0_00145,2021-10-17 11:42:44,790194,28.00,,
H0402_D8_280C10p_att00_Rq0,H0402_D8_280C10p_att00_Rq0_00146,2021-10-17 11:42:50,789909,28.00,,
H0402_D8_280C10p_att00_Rq0,H0402_D8_280C10p_att00_Rq0_00147,2021-10-17 11:42:56,792731,28.00,,
H0402_D8_280C10p_att00_Rq0,H0402_D8_280C10p_att00_Rq0_00148,2021-10-17 11:43:07,791752,28.00,,
H0402_D8_280C10p_att00_Rq0,H0402_D8_280C10p_att00_Rq0_00149,2021-10-17 11:43:12,790853,28.00,,
H0402_D8_280C10p_att00_Rq0,H0402_D8_280C10p_att00_Rq0_00150,2021-10-17 11:43:18,793173,28.00,,
H0402_D8_280C10p_att00_Rq0,H0402_D8_280C10p_att00_Rq0_00151,2021-10-17 11:43:24,791744,28.00,,
H0402_D8_280C10p_att00_Rq0,H0402_D8_280C10p_att00_Rq0_00152,2021-10-17 11:43:32,793371,28.00,,
H0402_D8_280C10p_att00_Rq0,H0402_D8_280C10p_att00_Rq0_00153,2021-10-17 11:43:38,788174,28.00,,
H0402_D8_280C10p_att00_Rq0,H0402_D8_280C10p_att00_Rq0_00154,2021-10-17 11:43:44,788875,28.00,,
H0402_D8_280C10p_att00_Rq0,H0402_D8_280C10p_att00_Rq0_00155,2021-10-17 11:43:49,792439,28.00,,
H0402_D8_280C10p_att00_Rq0,H0402_D8_280C10p_att00_Rq0_00156,2021-10-17 11:43:55,795450,28.00,,
H0402_D8_280C10p_att00_Rq0,H0402_D8_280C10p_att00_Rq0_00157,2021-10-17 11:44:01,788815,28.00,,
H0402_D8_280C10p_att00_Rq0,H0402_D8_280C10p_att00_Rq0_00158,2021-10-17 11:44:06,793998,28.00,,
H0402_D8_280C10p_att00_Rq0,H0402_D8_280C10p_att00_Rq0_00159,2021-10-17 11:44:12,787668,28.00,,
H0402_D8_280C10p_att00_Rq0,H0402_D8_280C10p_att00_Rq0_00160,2021-10-17 11:44:18,791723,28.00,,
H0402_D8_280C10p_att00_Rq0,H0402_D8_280C10p_att00_Rq0_00161,2021-10-17 11:44:26,800997,28.00,,
H0402_D8_280C10p_att00_Rq0,H0402_D8_280C10p_att00_Rq0_00162,2021-10-17 11:44:31,788166,28.00,,
H0402_D8_280C10p_att00_Rq0,H0402_D8_280C10p_att00_Rq0_00163,2021-10-17 11:44:37,795968,28.00,,
H0402_D8_280C10p_att00_Rq0,H0402_D8_280C10p_att00_Rq0_00164,2021-10-17 11:44:43,791784,28.00,,
H0402_D8_280C10p_att00_Rq0,H0402_D8_280C10p_att00_Rq0_00165,2021-10-17 11:44:48,792083,28.00,,
H0402_D8_280C10p_att00_Rq0,H0402_D8_280C10p_att00_Rq0_00166,2021-10-17 11:44:54,788628,28.00,,
H0402_D8_280C10p_att00_Rq0,H0402_D8_280C10p_att00_Rq0_00167,2021-10-17 11:45:00,797566,28.00,,
H0402_D8_280C10p_att00_Rq0,H0402_D8_280C10p_att00_Rq0_00168,2021-10-17 11:45:06,799692,28.00,,
H0402_D8_280C10p_att00_Rq0,H0402_D8_280C10p_att00_Rq0_00169,2021-10-17 11:45:11,799506,28.00,,
H0402_D8_280C10p_att00_Rq0,H0402_D8_280C10p_att00_Rq0_00170,2021-10-17 11:45:17,788198,28.00,,
H0402_D8_280C10p_att00_Rq0,H0402_D8_280C10p_att00_Rq0_00171,2021-10-17 11:45:23,790612,28.00,,
H0402_D8_280C10p_att00_Rq0,H0402_D8_280C10p_att00_Rq0_00172,2021-10-17 11:45:28,785880,28.00,,
H0402_D8_280C10p_att00_Rq0,H0402_D8_280C10p_att00_Rq0_00173,2021-10-17 11:45:34,793672,28.00,,
H0402_D8_280C10p_att00_Rq0,H0402_D8_280C10p_att00_Rq0_00174,2021-10-17 11:45:40,791196,28.00,,
H0402_D8_280C10p_att00_Rq0,H0402_D8_280C10p_att00_Rq0_00175,2021-10-17 11:45:45,786715,28.00,,
H0402_D8_280C10p_att00_Rq0,H0402_D8_280C10p_att00_Rq0_00176,2021-10-17 11:45:51,790271,28.00,,
H0402_D8_280C10p_att00_Rq0,H0402_D8_280C10p_att00_Rq0_00177,2021-10-17 11:45:56,788379,28.00,,
H0402_D8_280C10p_att00_Rq0,H0402_D8_280C10p_att00_Rq0_00178,2021-10-17 11:46:02,788618,28.00,,
H0402_D8_280C10p_att00_Rq0,H0402_D8_280C10p_att00_Rq0_00179,2021-10-17 11:46:08,786177,28.00,,
H0402_D8_280C10p_att00_Rq0,H0402_D8_280C10p_att00_Rq0_00180,2021-10-17 11:46:13,785837,28.00,,
H0402_D8_280C10p_att00_Rq0,H0402_D8_280C10p_att00_Rq0_00181,2021-10-17 11:46:22,791874,28.00,,
H0402_D8_280C10p_att00_Rq0,H0402_D8_280C10p_att00_Rq0_00182,2021-10-17 11:46:28,788657,28.00,,
H0402_D8_280C10p_att00_Rq0,H0402_D8_280C10p_att00_Rq0_00183,2021-10-17 11:46:33,789315,28.00,,
H0402_D8_280C10p_att00_Rq0,H0402_D8_280C10p_att00_Rq0_00184,2021-10-17 11:46:39,784581,28.00,,
H0402_D8_280C10p_att00_Rq0,H0402_D8_280C10p_att00_Rq0_00185,2021-10-17 11:46:44,792658,28.00,,
H0402_D8_280C10p_att00_Rq0,H0402_D8_280C10p_att00_Rq0_00186,2021-10-17 11:46:51,788559,28.00,,
H0402_D8_280C10p_att00_Rq0,H0402_D8_280C10p_att00_Rq0_00187,2021-10-17 11:46:57,793898,28.00,,
H0402_D8_280C10p_att00_Rq0,H0402_D8_280C10p_att00_Rq0_00188,2021-10-17 11:47:03,794384,28.00,,
H0402_D8_280C10p_att00_Rq0,H0402_D8_280C10p_att00_Rq0_00189,2021-10-17 11:47:08,785715,28.00,,
H0402_D8_280C10p_att00_Rq0,H0402_D8_280C10p_att00_Rq0_00190,2021-10-17 11:47:14,789468,28.00,,
H0402_D8_280C10p_att00_Rq0,H0402_D8_280C10p_att00_Rq0_00191,2021-10-17 11:47:20,788891,28.00,,
H0402_D8_280C10p_att00_Rq0,H0402_D8_280C10p_att00_Rq0_00192,2021-10-17 11:47:25,797173,28.00,,
H0402_D8_280C10p_att00_Rq0,H0402_D8_280C10p_att00_Rq0_00193,2021-10-17 11:47:31,786408,28.00,,
H0402_D8_280C10p_att00_Rq0,H0402_D8_280C10p_att00_Rq0_00194,2021-10-17 11:47:37,796723,28.00,,
H0402_D8_280C10p_att00_Rq0,H0402_D8_280C10p_att00_Rq0_00195,2021-10-17 11:47:42,788767,28.00,,
H0402_D8_280C10p_att00_Rq0,H0402_D8_280C10p_att00_Rq0_00196,2021-10-17 11:47:48,788790,28.00,,
H0402_D8_280C10p_att00_Rq0,H0402_D8_280C10p_att00_Rq0_00197,2021-10-17 11:47:54,787933,28.00,,
H0402_D8_280C10p_att00_Rq0,H0402_D8_280C10p_att00_Rq0_00198,2021-10-17 11:47:59,784631,28.00,,
H0402_D8_280C10p_att00_Rq0,H0402_D8_280C10p_att00_Rq0_00199,2021-10-17 11:48:07,787746,28.00,,
H0402_D8_280C10p_att00_Rq0,H0402_D8_280C10p_att00_Rq0_00200,2021-10-17 11:48:12,787432,28.00,,
H0402_D8_280C10p_att00_Rq0,H0402_D8_280C10p_att00_Rq0_00201,2021-10-17 11:48:20,790787,28.00,,
H0402_D8_280C10p_att00_Rq0,H0402_D8_280C10p_att00_Rq0_00202,2021-10-17 11:48:26,794234,28.00,,
H0402_D8_280C10p_att00_Rq0,H0402_D8_280C10p_att00_Rq0_00203,2021-10-17 11:48:37,795940,28.00,,
H0402_D8_280C10p_att00_Rq0,H0402_D8_280C10p_att00_Rq0_00204,2021-10-17 11:48:42,783873,28.00,,
H0402_D8_280C10p_att00_Rq0,H0402_D8_280C10p_att00_Rq0_00205,2021-10-17 11:48:48,786269,28.00,,
H0402_D8_280C10p_att00_Rq0,H0402_D8_280C10p_att00_Rq0_00206,2021-10-17 11:48:54,783740,28.00,,
H0402_D8_280C10p_att00_Rq0,H0402_D8_280C10p_att00_Rq0_00207,2021-10-17 11:48:59,783188,28.00,,
H0402_D8_280C10p_att00_Rq0,H0402_D8_280C10p_att00_Rq0_00208,2021-10-17 11:49:05,783311,28.00,,
H0402_D8_280C10p_att00_Rq0,H0402_D8_280C10p_att00_Rq0_00209,2021-10-17 11:49:11,789254,28.00,,
H0402_D8_280C10p_att00_Rq0,H0402_D8_280C10p_att00_Rq0_00210,2021-10-17 11:49:16,783466,28.00,,
H0402_D8_280C10p_att00_Rq0,H0402_D8_280C10p_att00_Rq0_00211,2021-10-17 11:49:22,785658,28.00,,
H0402_D8_280C10p_att00_Rq0,H0402_D8_280C10p_att00_Rq0_00212,2021-10-17 11:49:28,785964,28.00,,
H0402_D8_280C10p_att00_Rq0,H0402_D8_280C10p_att00_Rq0_00213,2021-10-17 11:49:34,786322,28.00,,
H0402_D8_280C10p_att00_Rq0,H0402_D8_280C10p_att00_Rq0_00214,2021-10-17 11:49:39,787420,28.00,,
H0402_D8_280C10p_att00_Rq0,H0402_D8_280C10p_att00_Rq0_00215,2021-10-17 11:49:47,788975,28.00,,
H0402_D8_280C10p_att00_Rq0,H0402_D8_280C10p_att00_Rq0_00216,2021-10-17 11:49:52,781536,28.00,,
H0402_D8_280C10p_att00_Rq0,H0402_D8_280C10p_att00_Rq0_00217,2021-10-17 11:49:58,791565,28.00,,
H0402_D8_280C10p_att00_Rq0,H0402_D8_280C10p_att00_Rq0_00218,2021-10-17 11:50:04,785594,28.00,,
H0402_D8_280C10p_att00_Rq0,H0402_D8_280C10p_att00_Rq0_00219,2021-10-17 11:50:09,786137,28.00,,
H0402_D8_280C10p_att00_Rq0,H0402_D8_280C10p_att00_Rq0_00220,2021-10-17 11:50:15,783296,28.00,,
H0402_D8_280C10p_att00_Rq0,H0402_D8_280C10p_att00_Rq0_00221,2021-10-17 11:50:23,789071,28.00,,
H0402_D8_280C10p_att00_Rq0,H0402_D8_280C10p_att00_Rq0_00222,2021-10-17 11:50:28,782122,28.00,,
H0402_D8_280C10p_att00_Rq0,H0402_D8_280C10p_att00_Rq0_00223,2021-10-17 11:50:34,790222,28.00,,
H0402_D8_280C10p_att00_Rq0,H0402_D8_280C10p_att00_Rq0_00224,2021-10-17 11:50:40,785225,28.00,,
H0402_D8_280C10p_att00_Rq0,H0402_D8_280C10p_att00_Rq0_00225,2021-10-17 11:50:46,786704,28.00,,
H0402_D8_280C10p_att00_Rq0,H0402_D8_280C10p_att00_Rq0_00226,2021-10-17 11:50:51,785162,28.00,,
H0402_D8_280C10p_att00_Rq0,H0402_D8_280C10p_att00_Rq0_00227,2021-10-17 11:50:57,784059,28.00,,
H0402_D8_280C10p_att00_Rq0,H0402_D8_280C10p_att00_Rq0_00228,2021-10-17 11:51:03,784221,28.00,,
H0402_D8_280C10p_att00_Rq0,H0402_D8_280C10p_att00_Rq0_00229,2021-10-17 11:51:08,781103,28.00,,
H0402_D8_280C10p_att00_Rq0,H0402_D8_280C10p_att00_Rq0_00230,2021-10-17 11:51:14,784353,28.00,,
H0402_D8_280C10p_att00_Rq0,H0402_D8_280C10p_att00_Rq0_00231,2021-10-17 11:51:20,788291,28.00,,
H0402_D8_280C10p_att00_Rq0,H0402_D8_280C10p_att00_Rq0_00232,2021-10-17 11:51:29,785092,28.00,,
H0402_D8_280C10p_att00_Rq0,H0402_D8_280C10p_att00_Rq0_00233,2021-10-17 11:51:34,788172,28.00,,
H0402_D8_280C10p_att00_Rq0,H0402_D8_280C10p_att00_Rq0_00234,2021-10-17 11:51:40,789350,28.00,,
H0402_D8_280C10p_att00_Rq0,H0402_D8_280C10p_att00_Rq0_00235,2021-10-17 11:51:45,778871,28.00,,
H0402_D8_280C10p_att00_Rq0,H0402_D8_280C10p_att00_Rq0_00236,2021-10-17 11:51:51,784049,28.00,,
H0402_D8_280C10p_att00_Rq0,H0402_D8_280C10p_att00_Rq0_00237,2021-10-17 11:51:57,779678,28.00,,
H0402_D8_280C10p_att00_Rq0,H0402_D8_280C10p_att00_Rq0_00238,2021-10-17 11:52:03,780855,28.00,,
H0402_D8_280C10p_att00_Rq0,H0402_D8_280C10p_att00_Rq0_00239,2021-10-17 11:52:09,780467,28.00,,
H0402_D8_280C10p_att00_Rq0,H0402_D8_280C10p_att00_Rq0_00240,2021-10-17 11:52:14,785217,28.00,,
H0402_D8_280C10p_att00_Rq0,H0402_D8_280C10p_att00_Rq0_00241,2021-10-17 11:52:22,780199,28.00,,
H0402_D8_280C10p_att00_Rq0,H0402_D8_280C10p_att00_Rq0_00242,2021-10-17 11:52:28,782885,28.00,,
H0402_D8_280C10p_att00_Rq0,H0402_D8_280C10p_att00_Rq0_00243,2021-10-17 11:52:33,780681,28.00,,
H0402_D8_280C10p_att00_Rq0,H0402_D8_280C10p_att00_Rq0_00244,2021-10-17 11:52:39,779227,28.00,,
H0402_D8_280C10p_att00_Rq0,H0402_D8_280C10p_att00_Rq0_00245,2021-10-17 11:52:45,783598,28.00,,
H0402_D8_280C10p_att00_Rq0,H0402_D8_280C10p_att00_Rq0_00246,2021-10-17 11:52:50,780220,28.00,,
H0402_D8_280C10p_att00_Rq0,H0402_D8_280C10p_att00_Rq0_00247,2021-10-17 11:52:56,783028,28.00,,
H0402_D8_280C10p_att00_Rq0,H0402_D8_280C10p_att00_Rq0_00248,2021-10-17 11:53:02,779916,28.00,,
H0402_D8_280C10p_att00_Rq0,H0402_D8_280C10p_att00_Rq0_00249,2021-10-17 11:53:07,785938,28.00,,
H0402_D8_280C10p_att00_Rq0,H0402_D8_280C10p_att00_Rq0_00250,2021-10-17 11:53:13,782236,28.00,,
H0402_D8_280C10p_att00_Rq0,H0402_D8_280C10p_att00_Rq0_00251,2021-10-17 11:53:18,777961,28.00,,
H0402_D8_280C10p_att00_Rq0,H0402_D8_280C10p_att00_Rq0_00252,2021-10-17 11:53:24,778547,28.00,,
H0402_D8_280C10p_att00_Rq0,H0402_D8_280C10p_att00_Rq0_00253,2021-10-17 11:53:30,787485,28.00,,
H0402_D8_280C10p_att00_Rq0,H0402_D8_280C10p_att00_Rq0_00254,2021-10-17 11:53:36,781208,28.00,,
H0402_D8_280C10p_att00_Rq0,H0402_D8_280C10p_att00_Rq0_00255,2021-10-17 11:53:41,781416,28.00,,
H0402_D8_280C10p_att00_Rq0,H0402_D8_280C10p_att00_Rq0_00256,2021-10-17 11:53:47,781021,28.00,,
H0402_D8_280C10p_att00_Rq0,H0402_D8_280C10p_att00_Rq0_00257,2021-10-17 11:53:53,781739,28.00,,
H0402_D8_280C10p_att00_Rq0,H0402_D8_280C10p_att00_Rq0_00258,2021-10-17 11:53:59,781963,28.00,,
H0402_D8_280C10p_att00_Rq0,H0402_D8_280C10p_att00_Rq0_00259,2021-10-17 11:54:05,783195,28.00,,
H0402_D8_280C10p_att00_Rq0,H0402_D8_280C10p_att00_Rq0_00260,2021-10-17 11:54:10,780899,28.00,,
H0402_D8_280C10p_att00_Rq0,H0402_D8_280C10p_att00_Rq0_00261,2021-10-17 11:54:18,779111,28.00,,
H0402_D8_280C10p_att00_Rq0,H0402_D8_280C10p_att00_Rq0_00262,2021-10-17 11:54:24,788039,28.00,,
H0402_D8_280C10p_att00_Rq0,H0402_D8_280C10p_att00_Rq0_00263,2021-10-17 11:54:29,781117,28.00,,
H0402_D8_280C10p_att00_Rq0,H0402_D8_280C10p_att00_Rq0_00264,2021-10-17 11:54:35,780752,28.00,,
H0402_D8_280C10p_att00_Rq0,H0402_D8_280C10p_att00_Rq0_00265,2021-10-17 11:54:41,780609,28.00,,
H0402_D8_280C10p_att00_Rq0,H0402_D8_280C10p_att00_Rq0_00266,2021-10-17 11:54:50,776990,28.00,,
H0402_D8_280C10p_att00_Rq0,H0402_D8_280C10p_att00_Rq0_00267,2021-10-17 11:54:56,776094,28.00,,
H0402_D8_280C10p_att00_Rq0,H0402_D8_280C10p_att00_Rq0_00268,2021-10-17 11:55:01,775898,28.00,,
H0402_D8_280C10p_att00_Rq0,H0402_D8_280C10p_att00_Rq0_00269,2021-10-17 11:55:07,788001,28.00,,
H0402_D8_280C10p_att00_Rq0,H0402_D8_280C10p_att00_Rq0_00270,2021-10-17 11:55:14,779724,28.00,,
H0402_D8_280C10p_att00_Rq0,H0402_D8_280C10p_att00_Rq0_00271,2021-10-17 11:55:19,781031,28.00,,
H0402_D8_280C10p_att00_Rq0,H0402_D8_280C10p_att00_Rq0_00272,2021-10-17 11:55:25,778737,28.00,,
H0402_D8_280C10p_att00_Rq0,H0402_D8_280C10p_att00_Rq0_00273,2021-10-17 11:55:30,776366,28.00,,
H0402_D8_280C10p_att00_Rq0,H0402_D8_280C10p_att00_Rq0_00274,2021-10-17 11:55:36,779846,28.00,,
H0402_D8_280C10p_att00_Rq0,H0402_D8_280C10p_att00_Rq0_00275,2021-10-17 11:55:42,776699,28.00,,
H0402_D8_280C10p_att00_Rq0,H0402_D8_280C10p_att00_Rq0_00276,2021-10-17 11:55:48,780428,28.00,,
H0402_D8_280C10p_att00_Rq0,H0402_D8_280C10p_att00_Rq0_00277,2021-10-17 11:55:53,785693,28.00,,
H0402_D8_280C10p_att00_Rq0,H0402_D8_280C10p_att00_Rq0_00278,2021-10-17 11:55:59,785942,28.00,,
H0402_D8_280C10p_att00_Rq0,H0402_D8_280C10p_att00_Rq0_00279,2021-10-17 11:56:05,785105,28.00,,
H0402_D8_280C10p_att00_Rq0,H0402_D8_280C10p_att00_Rq0_00280,2021-10-17 11:56:10,775268,28.00,,
H0402_D8_280C10p_att00_Rq0,H0402_D8_280C10p_att00_Rq0_00281,2021-10-17 11:56:18,778255,28.00,,
H0402_D8_280C10p_att00_Rq0,H0402_D8_280C10p_att00_Rq0_00282,2021-10-17 11:56:25,775592,28.00,,
H0402_D8_280C10p_att00_Rq0,H0402_D8_280C10p_att00_Rq0_00283,2021-10-17 11:56:31,778606,28.00,,
H0402_D8_280C10p_att00_Rq0,H0402_D8_280C10p_att00_Rq0_00284,2021-10-17 11:56:37,779035,28.00,,
H0402_D8_280C10p_att00_Rq0,H0402_D8_280C10p_att00_Rq0_00285,2021-10-17 11:56:42,784187,28.00,,
H0402_D8_280C10p_att00_Rq0,H0402_D8_280C10p_att00_Rq0_00286,2021-10-17 11:56:48,783753,28.00,,
H0402_D8_280C10p_att00_Rq0,H0402_D8_280C10p_att00_Rq0_00287,2021-10-17 11:56:54,781800,28.00,,
H0402_D8_280C10p_att00_Rq0,H0402_D8_280C10p_att00_Rq0_00288,2021-10-17 11:56:59,774964,28.00,,
H0402_D8_280C10p_att00_Rq0,H0402_D8_280C10p_att00_Rq0_00289,2021-10-17 11:57:05,781454,28.00,,
H0402_D8_280C10p_att00_Rq0,H0402_D8_280C10p_att00_Rq0_00290,2021-10-17 11:57:11,777152,28.00,,
H0402_D8_280C10p_att00_Rq0,H0402_D8_280C10p_att00_Rq0_00291,2021-10-17 11:57:16,784587,28.00,,
H0402_D8_280C10p_att00_Rq0,H0402_D8_280C10p_att00_Rq0_00292,2021-10-17 11:57:22,778375,28.00,,
H0402_D8_280C10p_att00_Rq0,H0402_D8_280C10p_att00_Rq0_00293,2021-10-17 11:57:28,778305,28.00,,
H0402_D8_280C10p_att00_Rq0,H0402_D8_280C10p_att00_Rq0_00294,2021-10-17 11:57:33,774421,28.00,,
H0402_D8_280C10p_att00_Rq0,H0402_D8_280C10p_att00_Rq0_00295,2021-10-17 11:57:39,773989,28.00,,
H0402_D8_280C10p_att00_Rq0,H0402_D8_280C10p_att00_Rq0_00296,2021-10-17 11:57:45,782259,28.00,,
H0402_D8_280C10p_att00_Rq0,H0402_D8_280C10p_att00_Rq0_00297,2021-10-17 11:57:50,774098,28.00,,
H0402_D8_280C10p_att00_Rq0,H0402_D8_280C10p_att00_Rq0_00298,2021-10-17 11:57:56,773724,28.00,,
H0402_D8_280C10p_att00_Rq0,H0402_D8_280C10p_att00_Rq0_00299,2021-10-17 11:58:02,777356,28.00,,
H0402_D8_280C10p_att00_Rq0,H0402_D8_280C10p_att00_Rq0_00300,2021-10-17 11:58:07,777207,28.00,,
H0402_D8_280C10p_att00_Rq0,H0402_D8_280C10p_att00_Rq0_00301,2021-10-17 11:58:15,778929,28.00,,
H0402_D8_280C10p_att00_Rq0,H0402_D8_280C10p_att00_Rq0_00302,2021-10-17 11:58:21,780961,28.00,,
H0402_D8_280C10p_att00_Rq0,H0402_D8_280C10p_att00_Rq0_00303,2021-10-17 11:58:27,783697,28.00,,
H0402_D8_280C10p_att00_Rq0,H0402_D8_280C10p_att00_Rq0_00304,2021-10-17 11:58:37,781805,28.00,,
H0402_D8_280C10p_att00_Rq0,H0402_D8_280C10p_att00_Rq0_00305,2021-10-17 11:58:43,772335,28.00,,
H0402_D8_280C10p_att00_Rq0,H0402_D8_280C10p_att00_Rq0_00306,2021-10-17 11:58:49,775862,28.00,,
H0402_D8_280C10p_att00_Rq0,H0402_D8_280C10p_att00_Rq0_00307,2021-10-17 11:58:55,783177,28.00,,
H0402_D8_280C10p_att00_Rq0,H0402_D8_280C10p_att00_Rq0_00308,2021-10-17 11:59:00,775084,28.00,,
H0402_D8_280C10p_att00_Rq0,H0402_D8_280C10p_att00_Rq0_00309,2021-10-17 11:59:06,783188,28.00,,
H0402_D8_280C10p_att00_Rq0,H0402_D8_280C10p_att00_Rq0_00310,2021-10-17 11:59:12,768336,28.00,,
H0402_D8_280C10p_att00_Rq0,H0402_D8_280C10p_att00_Rq0_00311,2021-10-17 11:59:18,775164,28.00,,
H0402_D8_280C10p_att00_Rq0,H0402_D8_280C10p_att00_Rq0_00312,2021-10-17 11:59:23,775736,28.00,,
H0402_D8_280C10p_att00_Rq0,H0402_D8_280C10p_att00_Rq0_00313,2021-10-17 11:59:29,776488,28.00,,
H0402_D8_280C10p_att00_Rq0,H0402_D8_280C10p_att00_Rq0_00314,2021-10-17 11:59:35,773503,28.00,,
H0402_D8_280C10p_att00_Rq0,H0402_D8_280C10p_att00_Rq0_00315,2021-10-17 11:59:41,782081,28.00,,
H0402_D8_280C10p_att00_Rq0,H0402_D8_280C10p_att00_Rq0_00316,2021-10-17 11:59:46,885745,28.00,,
H0402_D8_280C10p_att00_Rq0,H0402_D8_280C10p_att00_Rq0_00317,2021-10-17 11:59:52,774788,28.00,,
H0402_D8_280C10p_att00_Rq0,H0402_D8_280C10p_att00_Rq0_00318,2021-10-17 11:59:58,771588,28.00,,
H0402_D8_280C10p_att00_Rq0,H0402_D8_280C10p_att00_Rq0_00319,2021-10-17 12:00:04,773522,28.00,,
H0402_D8_280C10p_att00_Rq0,H0402_D8_280C10p_att00_Rq0_00320,2021-10-17 12:00:10,773712,28.00,,
H0402_D8_280C10p_att00_Rq0,H0402_D8_280C10p_att00_Rq0_00321,2021-10-17 12:00:19,779391,28.00,,
H0402_D8_280C10p_att00_Rq0,H0402_D8_280C10p_att00_Rq0_00322,2021-10-17 12:00:25,773966,28.00,,
H0402_D8_280C10p_att00_Rq0,H0402_D8_280C10p_att00_Rq0_00323,2021-10-17 12:00:31,783075,28.00,,
H0402_D8_280C10p_att00_Rq0,H0402_D8_280C10p_att00_Rq0_00324,2021-10-17 12:00:36,770024,28.00,,
H0402_D8_280C10p_att00_Rq0,H0402_D8_280C10p_att00_Rq0_00325,2021-10-17 12:00:42,770688,28.00,,
H0402_D8_280C10p_att00_Rq0,H0402_D8_280C10p_att00_Rq0_00326,2021-10-17 12:00:48,777163,28.00,,
H0402_D8_280C10p_att00_Rq0,H0402_D8_280C10p_att00_Rq0_00327,2021-10-17 12:00:54,769644,28.00,,
H0402_D8_280C10p_att00_Rq0,H0402_D8_280C10p_att00_Rq0_00328,2021-10-17 12:00:59,769547,28.00,,
H0402_D8_280C10p_att00_Rq0,H0402_D8_280C10p_att00_Rq0_00329,2021-10-17 12:01:05,779968,28.00,,
H0402_D8_280C10p_att00_Rq0,H0402_D8_280C10p_att00_Rq0_00330,2021-10-17 12:01:11,769948,28.00,,
H0402_D8_280C10p_att00_Rq0,H0402_D8_280C10p_att00_Rq0_00331,2021-10-17 12:01:16,772465,28.00,,
H0402_D8_280C10p_att00_Rq0,H0402_D8_280C10p_att00_Rq0_00332,2021-10-17 12:01:22,775964,28.00,,
H0402_D8_280C10p_att00_Rq0,H0402_D8_280C10p_att00_Rq0_00333,2021-10-17 12:01:28,773301,28.00,,
H0402_D8_280C10p_att00_Rq0,H0402_D8_280C10p_att00_Rq0_00334,2021-10-17 12:01:33,773068,28.00,,
H0402_D8_280C10p_att00_Rq0,H0402_D8_280C10p_att00_Rq0_00335,2021-10-17 12:01:39,771513,28.00,,
H0402_D8_280C10p_att00_Rq0,H0402_D8_280C10p_att00_Rq0_00336,2021-10-17 12:01:44,772637,28.00,,
H0402_D8_280C10p_att00_Rq0,H0402_D8_280C10p_att00_Rq0_00337,2021-10-17 12:01:50,774436,28.00,,
H0402_D8_280C10p_att00_Rq0,H0402_D8_280C10p_att00_Rq0_00338,2021-10-17 12:02:01,769176,28.00,,
H0402_D8_280C10p_att00_Rq0,H0402_D8_280C10p_att00_Rq0_00339,2021-10-17 12:02:06,774793,28.00,,
H0402_D8_280C10p_att00_Rq0,H0402_D8_280C10p_att00_Rq0_00340,2021-10-17 12:02:12,769407,28.00,,
H0402_D8_280C10p_att00_Rq0,H0402_D8_280C10p_att00_Rq0_00341,2021-10-17 12:02:20,770165,28.00,,
H0402_D8_280C10p_att00_Rq0,H0402_D8_280C10p_att00_Rq0_00342,2021-10-17 12:02:25,776828,28.00,,
H0402_D8_280C10p_att00_Rq0,H0402_D8_280C10p_att00_Rq0_00343,2021-10-17 12:02:31,775895,28.00,,
H0402_D8_280C10p_att00_Rq0,H0402_D8_280C10p_att00_Rq0_00344,2021-10-17 12:02:37,771489,28.00,,
H0402_D8_280C10p_att00_Rq0,H0402_D8_280C10p_att00_Rq0_00345,2021-10-17 12:02:43,767913,28.00,,
H0402_D8_280C10p_att00_Rq0,H0402_D8_280C10p_att00_Rq0_00346,2021-10-17 12:02:48,774294,28.00,,
H0402_D8_280C10p_att00_Rq0,H0402_D8_280C10p_att00_Rq0_00347,2021-10-17 12:02:54,1027269,28.00,,
H0402_D8_280C10p_att00_Rq0,H0402_D8_280C10p_att00_Rq0_00348,2021-10-17 12:03:00,767513,28.00,,
H0402_D8_280C10p_att00_Rq0,H0402_D8_280C10p_att00_Rq0_00349,2021-10-17 12:03:06,767574,28.00,,
H0402_D8_280C10p_att00_Rq0,H0402_D8_280C10p_att00_Rq0_00350,2021-10-17 12:03:12,770154,28.00,,
H0402_D8_280C10p_att00_Rq0,H0402_D8_280C10p_att00_Rq0_00351,2021-10-17 12:03:17,766907,28.00,,
H0402_D8_280C10p_att00_Rq0,H0402_D8_280C10p_att00_Rq0_00352,2021-10-17 12:03:23,766469,28.00,,
H0402_D8_280C10p_att00_Rq0,H0402_D8_280C10p_att00_Rq0_00353,2021-10-17 12:03:28,766852,28.00,,
H0402_D8_280C10p_att00_Rq0,H0402_D8_280C10p_att00_Rq0_00354,2021-10-17 12:03:34,768361,28.00,,
H0402_D8_280C10p_att00_Rq0,H0402_D8_280C10p_att00_Rq0_00355,2021-10-17 12:03:40,770610,28.00,,
H0402_D8_280C10p_att00_Rq0,H0402_D8_280C10p_att00_Rq0_00356,2021-10-17 12:03:45,770433,28.00,,
H0402_D8_280C10p_att00_Rq0,H0402_D8_280C10p_att00_Rq0_00357,2021-10-17 12:03:51,770143,28.00,,
H0402_D8_280C10p_att00_Rq0,H0402_D8_280C10p_att00_Rq0_00358,2021-10-17 12:03:57,765652,28.00,,
H0402_D8_280C10p_att00_Rq0,H0402_D8_280C10p_att00_Rq0_00359,2021-10-17 12:04:02,771343,28.00,,
H0402_D8_280C10p_att00_Rq0,H0402_D8_280C10p_att00_Rq0_00360,2021-10-17 12:04:08,773417,28.00,,
H0402_D8_280C10p_att00_Rq0,H0402_D8_280C10p_att00_Rq0_00361,2021-10-17 12:04:16,769166,28.00,,
H0402_D8_280C10p_att00_Rq0,H0402_D8_280C10p_att00_Rq0_00362,2021-10-17 12:04:21,772853,28.00,,
H0402_D8_280C10p_att00_Rq0,H0402_D8_280C10p_att00_Rq0_00363,2021-10-17 12:04:27,769696,28.00,,
H0402_D8_280C10p_att00_Rq0,H0402_D8_280C10p_att00_Rq0_00364,2021-10-17 12:04:33,771403,28.00,,
H0402_D8_280C10p_att00_Rq0,H0402_D8_280C10p_att00_Rq0_00365,2021-10-17 12:04:38,769328,28.00,,
H0402_D8_280C10p_att00_Rq0,H0402_D8_280C10p_att00_Rq0_00366,2021-10-17 12:04:44,768436,28.00,,
H0402_D8_280C10p_att00_Rq0,H0402_D8_280C10p_att00_Rq0_00367,2021-10-17 12:04:51,769888,28.00,,
H0402_D8_280C10p_att00_Rq0,H0402_D8_280C10p_att00_Rq0_00368,2021-10-17 12:04:56,765863,28.00,,
H0402_D8_280C10p_att00_Rq0,H0402_D8_280C10p_att00_Rq0_00369,2021-10-17 12:05:02,778190,28.00,,
H0402_D8_280C10p_att00_Rq0,H0402_D8_280C10p_att00_Rq0_00370,2021-10-17 12:05:08,768881,28.00,,
H0402_D8_280C10p_att00_Rq0,H0402_D8_280C10p_att00_Rq0_00371,2021-10-17 12:05:14,769096,28.00,,
H0402_D8_280C10p_att00_Rq0,H0402_D8_280C10p_att00_Rq0_00372,2021-10-17 12:05:20,773864,28.00,,
H0402_D8_280C10p_att00_Rq0,H0402_D8_280C10p_att00_Rq0_00373,2021-10-17 12:05:25,770306,28.00,,
H0402_D8_280C10p_att00_Rq0,H0402_D8_280C10p_att00_Rq0_00374,2021-10-17 12:05:31,773669,28.00,,
H0402_D8_280C10p_att00_Rq0,H0402_D8_280C10p_att00_Rq0_00375,2021-10-17 12:05:37,776296,28.00,,
H0402_D8_280C10p_att00_Rq0,H0402_D8_280C10p_att00_Rq0_00376,2021-10-17 12:05:43,766742,28.00,,
H0402_D8_280C10p_att00_Rq0,H0402_D8_280C10p_att00_Rq0_00377,2021-10-17 12:05:48,765304,28.00,,
H0402_D8_280C10p_att00_Rq0,H0402_D8_280C10p_att00_Rq0_00378,2021-10-17 12:05:54,764214,28.00,,
H0402_D8_280C10p_att00_Rq0,H0402_D8_280C10p_att00_Rq0_00379,2021-10-17 12:06:00,768303,28.00,,
H0402_D8_280C10p_att00_Rq0,H0402_D8_280C10p_att00_Rq0_00380,2021-10-17 12:06:05,769923,28.00,,
H0402_D8_280C10p_att00_Rq0,H0402_D8_280C10p_att00_Rq0_00381,2021-10-17 12:06:15,768568,28.00,,
H0402_D8_280C10p_att00_Rq0,H0402_D8_280C10p_att00_Rq0_00382,2021-10-17 12:06:21,767319,28.00,,
H0402_D8_280C10p_att00_Rq0,H0402_D8_280C10p_att00_Rq0_00383,2021-10-17 12:06:26,767563,28.00,,
H0402_D8_280C10p_att00_Rq0,H0402_D8_280C10p_att00_Rq0_00384,2021-10-17 12:06:32,767369,28.00,,
H0402_D8_280C10p_att00_Rq0,H0402_D8_280C10p_att00_Rq0_00385,2021-10-17 12:06:37,767714,28.00,,
H0402_D8_280C10p_att00_Rq0,H0402_D8_280C10p_att00_Rq0_00386,2021-10-17 12:06:43,766108,28.00,,
H0402_D8_280C10p_att00_Rq0,H0402_D8_280C10p_att00_Rq0_00387,2021-10-17 12:06:49,763087,28.00,,
H0402_D8_280C10p_att00_Rq0,H0402_D8_280C10p_att00_Rq0_00388,2021-10-17 12:06:54,763091,28.00,,
H0402_D8_280C10p_att00_Rq0,H0402_D8_280C10p_att00_Rq0_00389,2021-10-17 12:07:00,766670,28.00,,
H0402_D8_280C10p_att00_Rq0,H0402_D8_280C10p_att00_Rq0_00390,2021-10-17 12:07:06,767086,28.00,,
H0402_D8_280C10p_att00_Rq0,H0402_D8_280C10p_att00_Rq0_00391,2021-10-17 12:07:11,763037,28.00,,
H0402_D8_280C10p_att00_Rq0,H0402_D8_280C10p_att00_Rq0_00392,2021-10-17 12:07:17,769788,28.00,,
H0402_D8_280C10p_att00_Rq0,H0402_D8_280C10p_att00_Rq0_00393,2021-10-17 12:07:23,766458,28.00,,
H0402_D8_280C10p_att00_Rq0,H0402_D8_280C10p_att00_Rq0_00394,2021-10-17 12:07:28,763512,28.00,,
H0402_D8_280C10p_att00_Rq0,H0402_D8_280C10p_att00_Rq0_00395,2021-10-17 12:07:34,767241,28.00,,
H0402_D8_280C10p_att00_Rq0,H0402_D8_280C10p_att00_Rq0_00396,2021-10-17 12:07:39,763436,28.00,,
H0402_D8_280C10p_att00_Rq0,H0402_D8_280C10p_att00_Rq0_00397,2021-10-17 12:07:45,766759,28.00,,
H0402_D8_280C10p_att00_Rq0,H0402_D8_280C10p_att00_Rq0_00398,2021-10-17 12:07:51,762857,28.00,,
H0402_D8_280C10p_att00_Rq0,H0402_D8_280C10p_att00_Rq0_00399,2021-10-17 12:07:57,766814,28.00,,
H0402_D8_280C10p_att00_Rq0,H0402_D8_280C10p_att00_Rq0_00400,2021-10-17 12:08:02,765620,28.00,,
H0402_D8_280C10p_att00_Rq0,H0402_D8_280C10p_att00_Rq0_00401,2021-10-17 12:08:10,758578,28.00,,
H0402_D8_280C10p_att00_Rq0,H0402_D8_280C10p_att00_Rq0_00402,2021-10-17 12:08:16,764345,28.00,,
H0402_D8_280C10p_att00_Rq0,H0402_D8_280C10p_att00_Rq0_00403,2021-10-17 12:08:21,762432,28.00,,
H0402_D8_280C10p_att00_Rq0,H0402_D8_280C10p_att00_Rq0_00404,2021-10-17 12:08:27,766198,28.00,,
H0402_D8_280C10p_att00_Rq0,H0402_D8_280C10p_att00_Rq0_00405,2021-10-17 12:08:33,766333,28.00,,
H0402_D8_280C10p_att00_Rq0,H0402_D8_280C10p_att00_Rq0_00406,2021-10-17 12:08:38,765751,28.00,,
H0402_D8_280C10p_att00_Rq0,H0402_D8_280C10p_att00_Rq0_00407,2021-10-17 12:08:44,764271,28.00,,
H0402_D8_280C10p_att00_Rq0,H0402_D8_280C10p_att00_Rq0_00408,2021-10-17 12:08:50,764914,28.00,,
H0402_D8_280C10p_att00_Rq0,H0402_D8_280C10p_att00_Rq0_00409,2021-10-17 12:08:55,762419,28.00,,
H0402_D8_280C10p_att00_Rq0,H0402_D8_280C10p_att00_Rq0_00410,2021-10-17 12:09:01,765084,28.00,,
H0402_D8_280C10p_att00_Rq0,H0402_D8_280C10p_att00_Rq0_00411,2021-10-17 12:09:07,761834,28.00,,
H0402_D8_280C10p_att00_Rq0,H0402_D8_280C10p_att00_Rq0_00412,2021-10-17 12:09:12,768363,28.00,,
H0402_D8_280C10p_att00_Rq0,H0402_D8_280C10p_att00_Rq0_00413,2021-10-17 12:09:18,764539,28.00,,
H0402_D8_280C10p_att00_Rq0,H0402_D8_280C10p_att00_Rq0_00414,2021-10-17 12:09:23,764968,28.00,,
H0402_D8_280C10p_att00_Rq0,H0402_D8_280C10p_att00_Rq0_00415,2021-10-17 12:09:29,761152,28.00,,
H0402_D8_280C10p_att00_Rq0,H0402_D8_280C10p_att00_Rq0_00416,2021-10-17 12:09:35,764393,28.00,,
H0402_D8_280C10p_att00_Rq0,H0402_D8_280C10p_att00_Rq0_00417,2021-10-17 12:09:40,760987,28.00,,
H0402_D8_280C10p_att00_Rq0,H0402_D8_280C10p_att00_Rq0_00418,2021-10-17 12:09:46,772137,28.00,,
H0402_D8_280C10p_att00_Rq0,H0402_D8_280C10p_att00_Rq0_00419,2021-10-17 12:09:52,761105,28.00,,
H0402_D8_280C10p_att00_Rq0,H0402_D8_280C10p_att00_Rq0_00420,2021-10-17 12:09:57,760525,28.00,,
H0402_D8_280C10p_att00_Rq0,H0402_D8_280C10p_att00_Rq0_00421,2021-10-17 12:10:05,766093,28.00,,
H0402_D8_280C10p_att00_Rq0,H0402_D8_280C10p_att00_Rq0_00422,2021-10-17 12:10:11,769013,28.00,,
H0402_D8_280C10p_att00_Rq0,H0402_D8_280C10p_att00_Rq0_00423,2021-10-17 12:10:17,763394,28.00,,
H0402_D8_280C10p_att00_Rq0,H0402_D8_280C10p_att00_Rq0_00424,2021-10-17 12:10:23,761427,28.00,,
H0402_D8_280C10p_att00_Rq0,H0402_D8_280C10p_att00_Rq0_00425,2021-10-17 12:10:29,763225,28.00,,
H0402_D8_280C10p_att00_Rq0,H0402_D8_280C10p_att00_Rq0_00426,2021-10-17 12:10:35,768359,28.00,,
H0402_D8_280C10p_att00_Rq0,H0402_D8_280C10p_att00_Rq0_00427,2021-10-17 12:10:40,763407,28.00,,
H0402_D8_280C10p_att00_Rq0,H0402_D8_280C10p_att00_Rq0_00428,2021-10-17 12:10:46,763718,28.00,,
H0402_D8_280C10p_att00_Rq0,H0402_D8_280C10p_att00_Rq0_00429,2021-10-17 12:10:51,759579,28.00,,
H0402_D8_280C10p_att00_Rq0,H0402_D8_280C10p_att00_Rq0_00430,2021-10-17 12:10:57,762960,28.00,,
H0402_D8_280C10p_att00_Rq0,H0402_D8_280C10p_att00_Rq0_00431,2021-10-17 12:11:03,763269,28.00,,
H0402_D8_280C10p_att00_Rq0,H0402_D8_280C10p_att00_Rq0_00432,2021-10-17 12:11:09,763687,28.00,,
H0402_D8_280C10p_att00_Rq0,H0402_D8_280C10p_att00_Rq0_00433,2021-10-17 12:11:14,767298,28.00,,
H0402_D8_280C10p_att00_Rq0,H0402_D8_280C10p_att00_Rq0_00434,2021-10-17 12:11:20,770022,28.00,,
H0402_D8_280C10p_att00_Rq0,H0402_D8_280C10p_att00_Rq0_00435,2021-10-17 12:11:30,762616,28.00,,
H0402_D8_280C10p_att00_Rq0,H0402_D8_280C10p_att00_Rq0_00436,2021-10-17 12:11:36,758813,28.00,,
H0402_D8_280C10p_att00_Rq0,H0402_D8_280C10p_att00_Rq0_00437,2021-10-17 12:11:41,756391,28.00,,
H0402_D8_280C10p_att00_Rq0,H0402_D8_280C10p_att00_Rq0_00438,2021-10-17 12:11:47,761603,28.00,,
H0402_D8_280C10p_att00_Rq0,H0402_D8_280C10p_att00_Rq0_00439,2021-10-17 12:11:56,759161,28.00,,
H0402_D8_280C10p_att00_Rq0,H0402_D8_280C10p_att00_Rq0_00440,2021-10-17 12:12:02,759216,28.00,,
H0402_D8_280C10p_att00_Rq0,H0402_D8_280C10p_att00_Rq0_00441,2021-10-17 12:12:10,766643,28.00,,
H0402_D8_280C10p_att00_Rq0,H0402_D8_280C10p_att00_Rq0_00442,2021-10-17 12:12:16,761613,28.00,,
H0402_D8_280C10p_att00_Rq0,H0402_D8_280C10p_att00_Rq0_00443,2021-10-17 12:12:21,759396,28.00,,
H0402_D8_280C10p_att00_Rq0,H0402_D8_280C10p_att00_Rq0_00444,2021-10-17 12:12:27,757936,28.00,,
H0402_D8_280C10p_att00_Rq0,H0402_D8_280C10p_att00_Rq0_00445,2021-10-17 12:12:33,762584,28.00,,
H0402_D8_280C10p_att00_Rq0,H0402_D8_280C10p_att00_Rq0_00446,2021-10-17 12:12:38,764249,28.00,,
H0402_D8_280C10p_att00_Rq0,H0402_D8_280C10p_att00_Rq0_00447,2021-10-17 12:12:44,758643,28.00,,
H0402_D8_280C10p_att00_Rq0,H0402_D8_280C10p_att00_Rq0_00448,2021-10-17 12:12:50,758733,28.00,,
H0402_D8_280C10p_att00_Rq0,H0402_D8_280C10p_att00_Rq0_00449,2021-10-17 12:12:55,758070,28.00,,
H0402_D8_280C10p_att00_Rq0,H0402_D8_280C10p_att00_Rq0_00450,2021-10-17 12:13:01,758463,28.00,,
H0402_D8_280C10p_att00_Rq0,H0402_D8_280C10p_att00_Rq0_00451,2021-10-17 12:13:11,765064,28.00,,
H0402_D8_280C10p_att00_Rq0,H0402_D8_280C10p_att00_Rq0_00452,2021-10-17 12:13:17,758340,28.00,,
H0402_D8_280C10p_att00_Rq0,H0402_D8_280C10p_att00_Rq0_00453,2021-10-17 12:13:22,760807,28.00,,
H0402_D8_280C10p_att00_Rq0,H0402_D8_280C10p_att00_Rq0_00454,2021-10-17 12:13:28,757454,28.00,,
H0402_D8_280C10p_att00_Rq0,H0402_D8_280C10p_att00_Rq0_00455,2021-10-17 12:13:35,758007,28.00,,
H0402_D8_280C10p_att00_Rq0,H0402_D8_280C10p_att00_Rq0_00456,2021-10-17 12:13:41,759740,28.00,,
H0402_D8_280C10p_att00_Rq0,H0402_D8_280C10p_att00_Rq0_00457,2021-10-17 12:13:46,757874,28.00,,
H0402_D8_280C10p_att00_Rq0,H0402_D8_280C10p_att00_Rq0_00458,2021-10-17 12:13:52,763754,28.00,,
H0402_D8_280C10p_att00_Rq0,H0402_D8_280C10p_att00_Rq0_00459,2021-10-17 12:13:58,763988,28.00,,
H0402_D8_280C10p_att00_Rq0,H0402_D8_280C10p_att00_Rq0_00460,2021-10-17 12:14:03,759504,28.00,,
H0402_D8_280C10p_att00_Rq0,H0402_D8_280C10p_att00_Rq0_00461,2021-10-17 12:14:11,756952,28.00,,
H0402_D8_280C10p_att00_Rq0,H0402_D8_280C10p_att00_Rq0_00462,2021-10-17 12:14:17,760430,28.00,,
H0402_D8_280C10p_att00_Rq0,H0402_D8_280C10p_att00_Rq0_00463,2021-10-17 12:14:22,758708,28.00,,
H0402_D8_280C10p_att00_Rq0,H0402_D8_280C10p_att00_Rq0_00464,2021-10-17 12:14:28,764438,28.00,,
H0402_D8_280C10p_att00_Rq0,H0402_D8_280C10p_att00_Rq0_00465,2021-10-17 12:14:33,760264,28.00,,
H0402_D8_280C10p_att00_Rq0,H0402_D8_280C10p_att00_Rq0_00466,2021-10-17 12:14:39,756588,28.00,,
H0402_D8_280C10p_att00_Rq0,H0402_D8_280C10p_att00_Rq0_00467,2021-10-17 12:14:45,756550,28.00,,
H0402_D8_280C10p_att00_Rq0,H0402_D8_280C10p_att00_Rq0_00468,2021-10-17 12:14:51,756257,28.00,,
H0402_D8_280C10p_att00_Rq0,H0402_D8_280C10p_att00_Rq0_00469,2021-10-17 12:14:56,759959,28.00,,
H0402_D8_280C10p_att00_Rq0,H0402_D8_280C10p_att00_Rq0_00470,2021-10-17 12:15:02,759561,28.00,,
H0402_D8_280C10p_att00_Rq0,H0402_D8_280C10p_att00_Rq0_00471,2021-10-17 12:15:08,758814,28.00,,
H0402_D8_280C10p_att00_Rq0,H0402_D8_280C10p_att00_Rq0_00472,2021-10-17 12:15:15,755303,28.00,,
H0402_D8_280C10p_att00_Rq0,H0402_D8_280C10p_att00_Rq0_00473,2021-10-17 12:15:20,755042,28.00,,
H0402_D8_280C10p_att00_Rq0,H0402_D8_280C10p_att00_Rq0_00474,2021-10-17 12:15:26,759055,28.00,,
H0402_D8_280C10p_att00_Rq0,H0402_D8_280C10p_att00_Rq0_00475,2021-10-17 12:15:32,766243,28.00,,
H0402_D8_280C10p_att00_Rq0,H0402_D8_280C10p_att00_Rq0_00476,2021-10-17 12:15:38,761230,28.00,,
H0402_D8_280C10p_att00_Rq0,H0402_D8_280C10p_att00_Rq0_00477,2021-10-17 12:15:43,757332,28.00,,
H0402_D8_280C10p_att00_Rq0,H0402_D8_280C10p_att00_Rq0_00478,2021-10-17 12:15:49,757764,28.00,,
H0402_D8_280C10p_att00_Rq0,H0402_D8_280C10p_att00_Rq0_00479,2021-10-17 12:15:55,756094,28.00,,
H0402_D8_280C10p_att00_Rq0,H0402_D8_280C10p_att00_Rq0_00480,2021-10-17 12:16:00,754999,28.00,,
H0402_D8_280C10p_att00_Rq0,H0402_D8_280C10p_att00_Rq0_00481,2021-10-17 12:16:08,751623,28.00,,
H0402_D8_280C10p_att00_Rq0,H0402_D8_280C10p_att00_Rq0_00482,2021-10-17 12:16:13,755817,28.00,,
H0402_D8_280C10p_att00_Rq0,H0402_D8_280C10p_att00_Rq0_00483,2021-10-17 12:16:19,757838,28.00,,
H0402_D8_280C10p_att00_Rq0,H0402_D8_280C10p_att00_Rq0_00484,2021-10-17 12:16:25,754327,28.00,,
H0402_D8_280C10p_att00_Rq0,H0402_D8_280C10p_att00_Rq0_00485,2021-10-17 12:16:30,757568,28.00,,
H0402_D8_280C10p_att00_Rq0,H0402_D8_280C10p_att00_Rq0_00486,2021-10-17 12:16:36,757011,28.00,,
H0402_D8_280C10p_att00_Rq0,H0402_D8_280C10p_att00_Rq0_00487,2021-10-17 12:16:42,758059,28.00,,
H0402_D8_280C10p_att00_Rq0,H0402_D8_280C10p_att00_Rq0_00488,2021-10-17 12:16:47,753597,28.00,,
H0402_D8_280C10p_att00_Rq0,H0402_D8_280C10p_att00_Rq0_00489,2021-10-17 12:16:53,756243,28.00,,
H0402_D8_280C10p_att00_Rq0,H0402_D8_280C10p_att00_Rq0_00490,2021-10-17 12:16:59,758217,28.00,,
H0402_D8_280C10p_att00_Rq0,H0402_D8_280C10p_att00_Rq0_00491,2021-10-17 12:17:04,760060,28.00,,
H0402_D8_280C10p_att00_Rq0,H0402_D8_280C10p_att00_Rq0_00492,2021-10-17 12:17:10,757136,28.00,,
H0402_D8_280C10p_att00_Rq0,H0402_D8_280C10p_att00_Rq0_00493,2021-10-17 12:17:16,758694,28.00,,
H0402_D8_280C10p_att00_Rq0,H0402_D8_280C10p_att00_Rq0_00494,2021-10-17 12:17:21,756652,28.00,,
H0402_D8_280C10p_att00_Rq0,H0402_D8_280C10p_att00_Rq0_00495,2021-10-17 12:17:27,752665,28.00,,
H0402_D8_280C10p_att00_Rq0,H0402_D8_280C10p_att00_Rq0_00496,2021-10-17 12:17:32,756675,28.00,,
H0402_D8_280C10p_att00_Rq0,H0402_D8_280C10p_att00_Rq0_00497,2021-10-17 12:17:38,759108,28.00,,
H0402_D8_280C10p_att00_Rq0,H0402_D8_280C10p_att00_Rq0_00498,2021-10-17 12:17:44,758684,28.00,,
H0402_D8_280C10p_att00_Rq0,H0402_D8_280C10p_att00_Rq0_00499,2021-10-17 12:17:50,755404,28.00,,
H0402_D8_280C10p_att00_Rq0,H0402_D8_280C10p_att00_Rq0_00500,2021-10-17 12:17:55,757738,28.00,,
H0402_D8_280C10p_att00_Rq0,H0402_D8_280C10p_att00_Rq0_00501,2021-10-17 12:18:03,760169,28.00,,
H0402_D8_280C10p_att00_Rq0,H0402_D8_280C10p_att00_Rq0_00502,2021-10-17 12:18:10,757095,28.00,,
H0402_D8_280C10p_att00_Rq0,H0402_D8_280C10p_att00_Rq0_00503,2021-10-17 12:18:16,758671,28.00,,
H0402_D8_280C10p_att00_Rq0,H0402_D8_280C10p_att00_Rq0_00504,2021-10-17 12:18:21,751854,28.00,,
H0402_D8_280C10p_att00_Rq0,H0402_D8_280C10p_att00_Rq0_00505,2021-10-17 12:18:27,754895,28.00,,
H0402_D8_280C10p_att00_Rq0,H0402_D8_280C10p_att00_Rq0_00506,2021-10-17 12:18:32,754926,28.00,,
H0402_D8_280C10p_att00_Rq0,H0402_D8_280C10p_att00_Rq0_00507,2021-10-17 12:18:38,753001,28.00,,
H0402_D8_280C10p_att00_Rq0,H0402_D8_280C10p_att00_Rq0_00508,2021-10-17 12:18:44,755059,28.00,,
H0402_D8_280C10p_att00_Rq0,H0402_D8_280C10p_att00_Rq0_00509,2021-10-17 12:18:49,755338,28.00,,
H0402_D8_280C10p_att00_Rq0,H0402_D8_280C10p_att00_Rq0_00510,2021-10-17 12:18:55,755385,28.00,,
H0402_D8_280C10p_att00_Rq0,H0402_D8_280C10p_att00_Rq0_00511,2021-10-17 12:19:00,754891,28.00,,
H0402_D8_280C10p_att00_Rq0,H0402_D8_280C10p_att00_Rq0_00512,2021-10-17 12:19:06,754823,28.00,,
H0402_D8_280C10p_att00_Rq0,H0402_D8_280C10p_att00_Rq0_00513,2021-10-17 12:19:12,754960,28.00,,
H0402_D8_280C10p_att00_Rq0,H0402_D8_280C10p_att00_Rq0_00514,2021-10-17 12:19:18,752273,28.00,,
H0402_D8_280C10p_att00_Rq0,H0402_D8_280C10p_att00_Rq0_00515,2021-10-17 12:19:23,750935,28.00,,
H0402_D8_280C10p_att00_Rq0,H0402_D8_280C10p_att00_Rq0_00516,2021-10-17 12:19:29,755137,28.00,,
H0402_D8_280C10p_att00_Rq0,H0402_D8_280C10p_att00_Rq0_00517,2021-10-17 12:19:34,754509,28.00,,
H0402_D8_280C10p_att00_Rq0,H0402_D8_280C10p_att00_Rq0_00518,2021-10-17 12:19:40,754748,28.00,,
H0402_D8_280C10p_att00_Rq0,H0402_D8_280C10p_att00_Rq0_00519,2021-10-17 12:19:45,755077,28.00,,
H0402_D8_280C10p_att00_Rq0,H0402_D8_280C10p_att00_Rq0_00520,2021-10-17 12:19:51,751304,28.00,,
H0402_D8_280C10p_att00_Rq0,H0402_D8_280C10p_att00_Rq0_00521,2021-10-17 12:19:59,754079,28.00,,
H0402_D8_280C10p_att00_Rq0,H0402_D8_280C10p_att00_Rq0_00522,2021-10-17 12:20:05,749968,28.00,,
H0402_D8_280C10p_att00_Rq0,H0402_D8_280C10p_att00_Rq0_00523,2021-10-17 12:20:10,755969,28.00,,
H0402_D8_280C10p_att00_Rq0,H0402_D8_280C10p_att00_Rq0_00524,2021-10-17 12:20:16,752617,28.00,,
H0402_D8_280C10p_att00_Rq0,H0402_D8_280C10p_att00_Rq0_00525,2021-10-17 12:20:22,750214,28.00,,
H0402_D8_280C10p_att00_Rq0,H0402_D8_280C10p_att00_Rq0_00526,2021-10-17 12:20:28,750214,28.00,,
H0402_D8_280C10p_att00_Rq0,H0402_D8_280C10p_att00_Rq0_00527,2021-10-17 12:20:33,752291,28.00,,
H0402_D8_280C10p_att00_Rq0,H0402_D8_280C10p_att00_Rq0_00528,2021-10-17 12:20:39,751771,28.00,,
H0402_D8_280C10p_att00_Rq0,H0402_D8_280C10p_att00_Rq0_00529,2021-10-17 12:20:45,750016,28.00,,
H0402_D8_280C10p_att00_Rq0,H0402_D8_280C10p_att00_Rq0_00530,2021-10-17 12:20:50,752179,28.00,,
H0402_D8_280C10p_att00_Rq0,H0402_D8_280C10p_att00_Rq0_00531,2021-10-17 12:20:56,749419,28.00,,
H0402_D8_280C10p_att00_Rq0,H0402_D8_280C10p_att00_Rq0_00532,2021-10-17 12:21:01,752390,28.00,,
H0402_D8_280C10p_att00_Rq0,H0402_D8_280C10p_att00_Rq0_00533,2021-10-17 12:21:07,751202,28.00,,
H0402_D8_280C10p_att00_Rq0,H0402_D8_280C10p_att00_Rq0_00534,2021-10-17 12:21:13,751582,28.00,,
H0402_D8_280C10p_att00_Rq0,H0402_D8_280C10p_att00_Rq0_00535,2021-10-17 12:21:18,794893,28.00,,
H0402_D8_280C10p_att00_Rq0,H0402_D8_280C10p_att00_Rq0_00536,2021-10-17 12:21:24,752762,28.00,,
H0402_D8_280C10p_att00_Rq0,H0402_D8_280C10p_att00_Rq0_00537,2021-10-17 12:21:30,752269,28.00,,
H0402_D8_280C10p_att00_Rq0,H0402_D8_280C10p_att00_Rq0_00538,2021-10-17 12:21:35,751558,28.00,,
H0402_D8_280C10p_att00_Rq0,H0402_D8_280C10p_att00_Rq0_00539,2021-10-17 12:21:41,748533,28.00,,
H0402_D8_280C10p_att00_Rq0,H0402_D8_280C10p_att00_Rq0_00540,2021-10-17 12:21:46,751199,28.00,,
H0402_D8_280C10p_att00_Rq0,H0402_D8_280C10p_att00_Rq0_00541,2021-10-17 12:21:54,753169,28.00,,
H0402_D8_280C10p_att00_Rq0,H0402_D8_280C10p_att00_Rq0_00542,2021-10-17 12:22:00,750409,28.00,,
H0402_D8_280C10p_att00_Rq0,H0402_D8_280C10p_att00_Rq0_00543,2021-10-17 12:22:06,748067,28.00,,
H0402_D8_280C10p_att00_Rq0,H0402_D8_280C10p_att00_Rq0_00544,2021-10-17 12:22:12,748204,28.00,,
H0402_D8_280C10p_att00_Rq0,H0402_D8_280C10p_att00_Rq0_00545,2021-10-17 12:22:17,750922,28.00,,
H0402_D8_280C10p_att00_Rq0,H0402_D8_280C10p_att00_Rq0_00546,2021-10-17 12:22:23,751957,28.00,,
H0402_D8_280C10p_att00_Rq0,H0402_D8_280C10p_att00_Rq0_00547,2021-10-17 12:22:28,751318,28.00,,
H0402_D8_280C10p_att00_Rq0,H0402_D8_280C10p_att00_Rq0_00548,2021-10-17 12:22:34,751288,28.00,,
H0402_D8_280C10p_att00_Rq0,H0402_D8_280C10p_att00_Rq0_00549,2021-10-17 12:22:40,750035,28.00,,
H0402_D8_280C10p_att00_Rq0,H0402_D8_280C10p_att00_Rq0_00550,2021-10-17 12:22:45,750924,28.00,,
H0402_D8_280C10p_att00_Rq0,H0402_D8_280C10p_att00_Rq0_00551,2021-10-17 12:22:51,751639,28.00,,
H0402_D8_280C10p_att00_Rq0,H0402_D8_280C10p_att00_Rq0_00552,2021-10-17 12:22:56,750633,28.00,,
H0402_D8_280C10p_att00_Rq0,H0402_D8_280C10p_att00_Rq0_00553,2021-10-17 12:23:02,750719,28.00,,
H0402_D8_280C10p_att00_Rq0,H0402_D8_280C10p_att00_Rq0_00554,2021-10-17 12:23:09,746053,28.00,,
H0402_D8_280C10p_att00_Rq0,H0402_D8_280C10p_att00_Rq0_00555,2021-10-17 12:23:15,753875,28.00,,
H0402_D8_280C10p_att00_Rq0,H0402_D8_280C10p_att00_Rq0_00556,2021-10-17 12:23:20,749993,28.00,,
H0402_D8_280C10p_att00_Rq0,H0402_D8_280C10p_att00_Rq0_00557,2021-10-17 12:23:26,752929,28.00,,
H0402_D8_280C10p_att00_Rq0,H0402_D8_280C10p_att00_Rq0_00558,2021-10-17 12:23:31,747240,28.00,,
H0402_D8_280C10p_att00_Rq0,H0402_D8_280C10p_att00_Rq0_00559,2021-10-17 12:23:38,746599,28.00,,
H0402_D8_280C10p_att00_Rq0,H0402_D8_280C10p_att00_Rq0_00560,2021-10-17 12:23:43,746920,28.00,,
H0402_D8_280C10p_att00_Rq0,H0402_D8_280C10p_att00_Rq0_00561,2021-10-17 12:23:51,748952,28.00,,
H0402_D8_280C10p_att00_Rq0,H0402_D8_280C10p_att00_Rq0_00562,2021-10-17 12:23:57,746828,28.00,,
H0402_D8_280C10p_att00_Rq0,H0402_D8_280C10p_att00_Rq0_00563,2021-10-17 12:24:02,747323,28.00,,
H0402_D8_280C10p_att00_Rq0,H0402_D8_280C10p_att00_Rq0_00564,2021-10-17 12:24:08,746371,28.00,,
H0402_D8_280C10p_att00_Rq0,H0402_D8_280C10p_att00_Rq0_00565,2021-10-17 12:24:14,750319,28.00,,
H0402_D8_280C10p_att00_Rq0,H0402_D8_280C10p_att00_Rq0_00566,2021-10-17 12:24:20,749785,28.00,,
H0402_D8_280C10p_att00_Rq0,H0402_D8_280C10p_att00_Rq0_00567,2021-10-17 12:24:25,746627,28.00,,
H0402_D8_280C10p_att00_Rq0,H0402_D8_280C10p_att00_Rq0_00568,2021-10-17 12:24:31,749589,28.00,,
H0402_D8_280C10p_att00_Rq0,H0402_D8_280C10p_att00_Rq0_00569,2021-10-17 12:24:37,745776,28.00,,
H0402_D8_280C10p_att00_Rq0,H0402_D8_280C10p_att00_Rq0_00570,2021-10-17 12:24:42,754372,28.00,,
H0402_D8_280C10p_att00_Rq0,H0402_D8_280C10p_att00_Rq0_00571,2021-10-17 12:24:48,745922,28.00,,
H0402_D8_280C10p_att00_Rq0,H0402_D8_280C10p_att00_Rq0_00572,2021-10-17 12:24:54,745994,28.00,,
H0402_D8_280C10p_att00_Rq0,H0402_D8_280C10p_att00_Rq0_00573,2021-10-17 12:24:59,746198,28.00,,
H0402_D8_280C10p_att00_Rq0,H0402_D8_280C10p_att00_Rq0_00574,2021-10-17 12:25:05,746481,28.00,,
H0402_D8_280C10p_att00_Rq0,H0402_D8_280C10p_att00_Rq0_00575,2021-10-17 12:25:10,749355,28.00,,
H0402_D8_280C10p_att00_Rq0,H0402_D8_280C10p_att00_Rq0_00576,2021-10-17 12:25:18,751911,28.00,,
H0402_D8_280C10p_att00_Rq0,H0402_D8_280C10p_att00_Rq0_00577,2021-10-17 12:25:24,747881,28.00,,
H0402_D8_280C10p_att00_Rq0,H0402_D8_280C10p_att00_Rq0_00578,2021-10-17 12:25:29,748887,28.00,,
H0402_D8_280C10p_att00_Rq0,H0402_D8_280C10p_att00_Rq0_00579,2021-10-17 12:25:35,745206,28.00,,
H0402_D8_280C10p_att00_Rq0,H0402_D8_280C10p_att00_Rq0_00580,2021-10-17 12:25:41,744464,28.00,,
H0402_D8_280C10p_att00_Rq0,H0402_D8_280C10p_att00_Rq0_00581,2021-10-17 12:25:48,748062,28.00,,
H0402_D8_280C10p_att00_Rq0,H0402_D8_280C10p_att00_Rq0_00582,2021-10-17 12:25:54,747494,28.00,,
H0402_D8_280C10p_att00_Rq0,H0402_D8_280C10p_att00_Rq0_00583,2021-10-17 12:26:00,744946,28.00,,
H0402_D8_280C10p_att00_Rq0,H0402_D8_280C10p_att00_Rq0_00584,2021-10-17 12:26:05,746262,28.00,,
H0402_D8_280C10p_att00_Rq0,H0402_D8_280C10p_att00_Rq0_00585,2021-10-17 12:26:11,743989,28.00,,
H0402_D8_280C10p_att00_Rq0,H0402_D8_280C10p_att00_Rq0_00586,2021-10-17 12:26:17,747324,28.00,,
H0402_D8_280C10p_att00_Rq0,H0402_D8_280C10p_att00_Rq0_00587,2021-10-17 12:26:23,746722,28.00,,
H0402_D8_280C10p_att00_Rq0,H0402_D8_280C10p_att00_Rq0_00588,2021-10-17 12:26:32,747325,28.00,,
H0402_D8_280C10p_att00_Rq0,H0402_D8_280C10p_att00_Rq0_00589,2021-10-17 12:26:37,745350,28.00,,
H0402_D8_280C10p_att00_Rq0,H0402_D8_280C10p_att00_Rq0_00590,2021-10-17 12:26:43,746553,28.00,,
H0402_D8_280C10p_att00_Rq0,H0402_D8_280C10p_att00_Rq0_00591,2021-10-17 12:26:49,748614,28.00,,
H0402_D8_280C10p_att00_Rq0,H0402_D8_280C10p_att00_Rq0_00592,2021-10-17 12:26:54,745072,28.00,,
H0402_D8_280C10p_att00_Rq0,H0402_D8_280C10p_att00_Rq0_00593,2021-10-17 12:27:00,747075,28.00,,
H0402_D8_280C10p_att00_Rq0,H0402_D8_280C10p_att00_Rq0_00594,2021-10-17 12:27:05,743359,28.00,,
H0402_D8_280C10p_att00_Rq0,H0402_D8_280C10p_att00_Rq0_00595,2021-10-17 12:27:11,746502,28.00,,
H0402_D8_280C10p_att00_Rq0,H0402_D8_280C10p_att00_Rq0_00596,2021-10-17 12:27:17,746429,28.00,,
H0402_D8_280C10p_att00_Rq0,H0402_D8_280C10p_att00_Rq0_00597,2021-10-17 12:27:22,747393,28.00,,
H0402_D8_280C10p_att00_Rq0,H0402_D8_280C10p_att00_Rq0_00598,2021-10-17 12:27:28,746749,28.00,,
H0402_D8_280C10p_att00_Rq0,H0402_D8_280C10p_att00_Rq0_00599,2021-10-17 12:27:34,745981,28.00,,
H0402_D8_280C10p_att00_Rq0,H0402_D8_280C10p_att00_Rq0_00600,2021-10-17 12:27:39,745463,28.00,,
H0402_D8_280C10p_att00_Rq0,H0402_D8_280C10p_att00_Rq0_00601,2021-10-17 12:27:47,750319,28.00,,
H0402_D8_280C10p_att00_Rq0,H0402_D8_280C10p_att00_Rq0_00602,2021-10-17 12:27:53,743654,28.00,,
H0402_D8_280C10p_att00_Rq0,H0402_D8_280C10p_att00_Rq0_00603,2021-10-17 12:27:58,746378,28.00,,
H0402_D8_280C10p_att00_Rq0,H0402_D8_280C10p_att00_Rq0_00604,2021-10-17 12:28:04,754656,28.00,,
H0402_D8_280C10p_att00_Rq0,H0402_D8_280C10p_att00_Rq0_00605,2021-10-17 12:28:14,745571,28.00,,
H0402_D8_280C10p_att00_Rq0,H0402_D8_280C10p_att00_Rq0_00606,2021-10-17 12:28:19,742317,28.00,,
H0402_D8_280C10p_att00_Rq0,H0402_D8_280C10p_att00_Rq0_00607,2021-10-17 12:28:25,751102,28.00,,
H0402_D8_280C10p_att00_Rq0,H0402_D8_280C10p_att00_Rq0_00608,2021-10-17 12:28:31,745052,28.00,,
H0402_D8_280C10p_att00_Rq0,H0402_D8_280C10p_att00_Rq0_00609,2021-10-17 12:28:39,742300,28.00,,
H0402_D8_280C10p_att00_Rq0,H0402_D8_280C10p_att00_Rq0_00610,2021-10-17 12:28:45,752256,28.00,,
H0402_D8_280C10p_att00_Rq0,H0402_D8_280C10p_att00_Rq0_00611,2021-10-17 12:28:50,741303,28.00,,
H0402_D8_280C10p_att00_Rq0,H0402_D8_280C10p_att00_Rq0_00612,2021-10-17 12:28:56,744730,28.00,,
H0402_D8_280C10p_att00_Rq0,H0402_D8_280C10p_att00_Rq0_00613,2021-10-17 12:29:02,742503,28.00,,
H0402_D8_280C10p_att00_Rq0,H0402_D8_280C10p_att00_Rq0_00614,2021-10-17 12:29:07,744880,28.00,,
H0402_D8_280C10p_att00_Rq0,H0402_D8_280C10p_att00_Rq0_00615,2021-10-17 12:29:13,741463,28.00,,
H0402_D8_280C10p_att00_Rq0,H0402_D8_280C10p_att00_Rq0_00616,2021-10-17 12:29:19,744816,28.00,,
H0402_D8_280C10p_att00_Rq0,H0402_D8_280C10p_att00_Rq0_00617,2021-10-17 12:29:24,744470,28.00,,
H0402_D8_280C10p_att00_Rq0,H0402_D8_280C10p_att00_Rq0_00618,2021-10-17 12:29:30,747658,28.00,,
H0402_D8_280C10p_att00_Rq0,H0402_D8_280C10p_att00_Rq0_00619,2021-10-17 12:29:36,743433,28.00,,
H0402_D8_280C10p_att00_Rq0,H0402_D8_280C10p_att00_Rq0_00620,2021-10-17 12:29:41,743566,28.00,,
H0402_D8_280C10p_att00_Rq0,H0402_D8_280C10p_att00_Rq0_00621,2021-10-17 12:29:49,740995,28.00,,
H0402_D8_280C10p_att00_Rq0,H0402_D8_280C10p_att00_Rq0_00622,2021-10-17 12:29:55,749218,28.00,,
H0402_D8_280C10p_att00_Rq0,H0402_D8_280C10p_att00_Rq0_00623,2021-10-17 12:30:00,740794,28.00,,
H0402_D8_280C10p_att00_Rq0,H0402_D8_280C10p_att00_Rq0_00624,2021-10-17 12:30:06,740299,28.00,,
H0402_D8_280C10p_att00_Rq0,H0402_D8_280C10p_att00_Rq0_00625,2021-10-17 12:30:12,741083,28.00,,
H0402_D8_280C10p_att00_Rq0,H0402_D8_280C10p_att00_Rq0_00626,2021-10-17 12:30:21,742719,28.00,,
H0402_D8_280C10p_att00_Rq0,H0402_D8_280C10p_att00_Rq0_00627,2021-10-17 12:30:27,743540,28.00,,
H0402_D8_280C10p_att00_Rq0,H0402_D8_280C10p_att00_Rq0_00628,2021-10-17 12:30:33,742888,28.00,,
H0402_D8_280C10p_att00_Rq0,H0402_D8_280C10p_att00_Rq0_00629,2021-10-17 12:30:38,746750,28.00,,
H0402_D8_280C10p_att00_Rq0,H0402_D8_280C10p_att00_Rq0_00630,2021-10-17 12:30:44,743564,28.00,,
H0402_D8_280C10p_att00_Rq0,H0402_D8_280C10p_att00_Rq0_00631,2021-10-17 12:30:50,743260,28.00,,
H0402_D8_280C10p_att00_Rq0,H0402_D8_280C10p_att00_Rq0_00632,2021-10-17 12:30:55,751977,28.00,,
H0402_D8_280C10p_att00_Rq0,H0402_D8_280C10p_att00_Rq0_00633,2021-10-17 12:31:01,739660,28.00,,
H0402_D8_280C10p_att00_Rq0,H0402_D8_280C10p_att00_Rq0_00634,2021-10-17 12:31:07,742734,28.00,,
H0402_D8_280C10p_att00_Rq0,H0402_D8_280C10p_att00_Rq0_00635,2021-10-17 12:31:12,739468,28.00,,
H0402_D8_280C10p_att00_Rq0,H0402_D8_280C10p_att00_Rq0_00636,2021-10-17 12:31:18,739859,28.00,,
H0402_D8_280C10p_att00_Rq0,H0402_D8_280C10p_att00_Rq0_00637,2021-10-17 12:31:24,743359,28.00,,
H0402_D8_280C10p_att00_Rq0,H0402_D8_280C10p_att00_Rq0_00638,2021-10-17 12:31:29,740062,28.00,,
H0402_D8_280C10p_att00_Rq0,H0402_D8_280C10p_att00_Rq0_00639,2021-10-17 12:31:35,743293,28.00,,
H0402_D8_280C10p_att00_Rq0,H0402_D8_280C10p_att00_Rq0_00640,2021-10-17 12:31:40,742958,28.00,,
H0402_D8_280C10p_att00_Rq0,H0402_D8_280C10p_att00_Rq0_00641,2021-10-17 12:31:48,739101,28.00,,
H0402_D8_280C10p_att00_Rq0,H0402_D8_280C10p_att00_Rq0_00642,2021-10-17 12:31:54,758770,28.00,,
H0402_D8_280C10p_att00_Rq0,H0402_D8_280C10p_att00_Rq0_00643,2021-10-17 12:32:05,750405,28.00,,
H0402_D8_280C10p_att00_Rq0,H0402_D8_280C10p_att00_Rq0_00644,2021-10-17 12:32:10,741295,28.00,,
H0402_D8_280C10p_att00_Rq0,H0402_D8_280C10p_att00_Rq0_00645,2021-10-17 12:32:16,742287,28.00,,
H0402_D8_280C10p_att00_Rq0,H0402_D8_280C10p_att00_Rq0_00646,2021-10-17 12:32:22,741601,28.00,,
H0402_D8_280C10p_att00_Rq0,H0402_D8_280C10p_att00_Rq0_00647,2021-10-17 12:32:27,743138,28.00,,
H0402_D8_280C10p_att00_Rq0,H0402_D8_280C10p_att00_Rq0_00648,2021-10-17 12:32:33,744142,28.00,,
H0402_D8_280C10p_att00_Rq0,H0402_D8_280C10p_att00_Rq0_00649,2021-10-17 12:32:39,749084,28.00,,
H0402_D8_280C10p_att00_Rq0,H0402_D8_280C10p_att00_Rq0_00650,2021-10-17 12:32:44,741679,28.00,,
H0402_D8_280C10p_att00_Rq0,H0402_D8_280C10p_att00_Rq0_00651,2021-10-17 12:32:50,744679,28.00,,
H0402_D8_280C10p_att00_Rq0,H0402_D8_280C10p_att00_Rq0_00652,2021-10-17 12:32:56,737864,28.00,,
H0402_D8_280C10p_att00_Rq0,H0402_D8_280C10p_att00_Rq0_00653,2021-10-17 12:33:02,742257,28.00,,
H0402_D8_280C10p_att00_Rq0,H0402_D8_280C10p_att00_Rq0_00654,2021-10-17 12:33:07,740639,28.00,,
H0402_D8_280C10p_att00_Rq0,H0402_D8_280C10p_att00_Rq0_00655,2021-10-17 12:33:14,740920,28.00,,
H0402_D8_280C10p_att00_Rq0,H0402_D8_280C10p_att00_Rq0_00656,2021-10-17 12:33:20,740454,28.00,,
H0402_D8_280C10p_att00_Rq0,H0402_D8_280C10p_att00_Rq0_00657,2021-10-17 12:33:26,757583,28.00,,
H0402_D8_280C10p_att00_Rq0,H0402_D8_280C10p_att00_Rq0_00658,2021-10-17 12:33:31,741648,28.00,,
H0402_D8_280C10p_att00_Rq0,H0402_D8_280C10p_att00_Rq0_00659,2021-10-17 12:33:37,746686,28.00,,
H0402_D8_280C10p_att00_Rq0,H0402_D8_280C10p_att00_Rq0_00660,2021-10-17 12:33:43,740332,28.00,,
H0402_D8_280C10p_att00_Rq0,H0402_D8_280C10p_att00_Rq0_00661,2021-10-17 12:33:51,740284,28.00,,
H0402_D8_280C10p_att00_Rq0,H0402_D8_280C10p_att00_Rq0_00662,2021-10-17 12:33:56,737023,28.00,,
H0402_D8_280C10p_att00_Rq0,H0402_D8_280C10p_att00_Rq0_00663,2021-10-17 12:34:02,739378,28.00,,
H0402_D8_280C10p_att00_Rq0,H0402_D8_280C10p_att00_Rq0_00664,2021-10-17 12:34:08,745013,28.00,,
H0402_D8_280C10p_att00_Rq0,H0402_D8_280C10p_att00_Rq0_00665,2021-10-17 12:34:14,739142,28.00,,
H0402_D8_280C10p_att00_Rq0,H0402_D8_280C10p_att00_Rq0_00666,2021-10-17 12:34:19,740624,28.00,,
H0402_D8_280C10p_att00_Rq0,H0402_D8_280C10p_att00_Rq0_00667,2021-10-17 12:34:25,736646,28.00,,
H0402_D8_280C10p_att00_Rq0,H0402_D8_280C10p_att00_Rq0_00668,2021-10-17 12:34:30,736931,28.00,,
H0402_D8_280C10p_att00_Rq0,H0402_D8_280C10p_att00_Rq0_00669,2021-10-17 12:34:36,739900,28.00,,
H0402_D8_280C10p_att00_Rq0,H0402_D8_280C10p_att00_Rq0_00670,2021-10-17 12:34:41,905596,28.00,,
H0402_D8_280C10p_att00_Rq0,H0402_D8_280C10p_att00_Rq0_00671,2021-10-17 12:34:48,736814,28.00,,
H0402_D8_280C10p_att00_Rq0,H0402_D8_280C10p_att00_Rq0_00672,2021-10-17 12:34:54,739690,28.00,,
H0402_D8_280C10p_att00_Rq0,H0402_D8_280C10p_att00_Rq0_00673,2021-10-17 12:34:59,736239,28.00,,
H0402_D8_280C10p_att00_Rq0,H0402_D8_280C10p_att00_Rq0_00674,2021-10-17 12:35:05,734503,28.00,,
H0402_D8_280C10p_att00_Rq0,H0402_D8_280C10p_att00_Rq0_00675,2021-10-17 12:35:10,738682,28.00,,
H0402_D8_280C10p_att00_Rq0,H0402_D8_280C10p_att00_Rq0_00676,2021-10-17 12:35:16,738715,28.00,,
H0402_D8_280C10p_att00_Rq0,H0402_D8_280C10p_att00_Rq0_00677,2021-10-17 12:35:22,739419,28.00,,
H0402_D8_280C10p_att00_Rq0,H0402_D8_280C10p_att00_Rq0_00678,2021-10-17 12:35:27,735731,28.00,,
H0402_D8_280C10p_att00_Rq0,H0402_D8_280C10p_att00_Rq0_00679,2021-10-17 12:35:33,738670,28.00,,
H0402_D8_280C10p_att00_Rq0,H0402_D8_280C10p_att00_Rq0_00680,2021-10-17 12:35:39,746116,28.00,,
H0402_D8_280C10p_att00_Rq0,H0402_D8_280C10p_att00_Rq0_00681,2021-10-17 12:35:47,738795,28.00,,
H0402_D8_280C10p_att00_Rq0,H0402_D8_280C10p_att00_Rq0_00682,2021-10-17 12:35:52,738178,28.00,,
H0402_D8_280C10p_att00_Rq0,H0402_D8_280C10p_att00_Rq0_00683,2021-10-17 12:35:58,735031,28.00,,
H0402_D8_280C10p_att00_Rq0,H0402_D8_280C10p_att00_Rq0_00684,2021-10-17 12:36:04,738791,28.00,,
H0402_D8_280C10p_att00_Rq0,H0402_D8_280C10p_att00_Rq0_00685,2021-10-17 12:36:09,733543,28.00,,
H0402_D8_280C10p_att00_Rq0,H0402_D8_280C10p_att00_Rq0_00686,2021-10-17 12:36:15,738918,28.00,,
H0402_D8_280C10p_att00_Rq0,H0402_D8_280C10p_att00_Rq0_00687,2021-10-17 12:36:20,738068,28.00,,
H0402_D8_280C10p_att00_Rq0,H0402_D8_280C10p_att00_Rq0_00688,2021-10-17 12:36:26,744836,28.00,,
H0402_D8_280C10p_att00_Rq0,H0402_D8_280C10p_att00_Rq0_00689,2021-10-17 12:36:32,737415,28.00,,
H0402_D8_280C10p_att00_Rq0,H0402_D8_280C10p_att00_Rq0_00690,2021-10-17 12:36:37,735263,28.00,,
H0402_D8_280C10p_att00_Rq0,H0402_D8_280C10p_att00_Rq0_00691,2021-10-17 12:36:43,737367,28.00,,
H0402_D8_280C10p_att00_Rq0,H0402_D8_280C10p_att00_Rq0_00692,2021-10-17 12:36:49,744475,28.00,,
H0402_D8_280C10p_att00_Rq0,H0402_D8_280C10p_att00_Rq0_00693,2021-10-17 12:36:54,734952,28.00,,
H0402_D8_280C10p_att00_Rq0,H0402_D8_280C10p_att00_Rq0_00694,2021-10-17 12:37:02,738034,28.00,,
H0402_D8_280C10p_att00_Rq0,H0402_D8_280C10p_att00_Rq0_00695,2021-10-17 12:37:08,741148,28.00,,
H0402_D8_280C10p_att00_Rq0,H0402_D8_280C10p_att00_Rq0_00696,2021-10-17 12:37:14,740710,28.00,,
H0402_D8_280C10p_att00_Rq0,H0402_D8_280C10p_att00_Rq0_00697,2021-10-17 12:37:19,736777,28.00,,
H0402_D8_280C10p_att00_Rq0,H0402_D8_280C10p_att00_Rq0_00698,2021-10-17 12:37:25,733875,28.00,,
H0402_D8_280C10p_att00_Rq0,H0402_D8_280C10p_att00_Rq0_00699,2021-10-17 12:37:31,735369,28.00,,
H0402_D8_280C10p_att00_Rq0,H0402_D8_280C10p_att00_Rq0_00700,2021-10-17 12:37:36,736393,28.00,,
H0402_D8_280C10p_att00_Rq0,H0402_D8_280C10p_att00_Rq0_00701,2021-10-17 12:37:44,736505,28.00,,
H0402_D8_280C10p_att00_Rq0,H0402_D8_280C10p_att00_Rq0_00702,2021-10-17 12:37:50,736572,28.00,,
H0402_D8_280C10p_att00_Rq0,H0402_D8_280C10p_att00_Rq0_00703,2021-10-17 12:37:56,737323,28.00,,
H0402_D8_280C10p_att00_Rq0,H0402_D8_280C10p_att00_Rq0_00704,2021-10-17 12:38:01,732357,28.00,,
H0402_D8_280C10p_att00_Rq0,H0402_D8_280C10p_att00_Rq0_00705,2021-10-17 12:38:07,734189,28.00,,
H0402_D8_280C10p_att00_Rq0,H0402_D8_280C10p_att00_Rq0_00706,2021-10-17 12:38:18,742442,28.00,,
H0402_D8_280C10p_att00_Rq0,H0402_D8_280C10p_att00_Rq0_00707,2021-10-17 12:38:23,731889,28.00,,
H0402_D8_280C10p_att00_Rq0,H0402_D8_280C10p_att00_Rq0_00708,2021-10-17 12:38:29,737201,28.00,,
H0402_D8_280C10p_att00_Rq0,H0402_D8_280C10p_att00_Rq0_00709,2021-10-17 12:38:34,739412,28.00,,
H0402_D8_280C10p_att00_Rq0,H0402_D8_280C10p_att00_Rq0_00710,2021-10-17 12:38:43,736398,28.00,,
H0402_D8_280C10p_att00_Rq0,H0402_D8_280C10p_att00_Rq0_00711,2021-10-17 12:38:49,842379,28.00,,
H0402_D8_280C10p_att00_Rq0,H0402_D8_280C10p_att00_Rq0_00712,2021-10-17 12:38:55,735859,28.00,,
H0402_D8_280C10p_att00_Rq0,H0402_D8_280C10p_att00_Rq0_00713,2021-10-17 12:39:00,731736,28.00,,
H0402_D8_280C10p_att00_Rq0,H0402_D8_280C10p_att00_Rq0_00714,2021-10-17 12:39:06,739752,28.00,,
H0402_D8_280C10p_att00_Rq0,H0402_D8_280C10p_att00_Rq0_00715,2021-10-17 12:39:12,733750,28.00,,
H0402_D8_280C10p_att00_Rq0,H0402_D8_280C10p_att00_Rq0_00716,2021-10-17 12:39:18,736113,28.00,,
H0402_D8_280C10p_att00_Rq0,H0402_D8_280C10p_att00_Rq0_00717,2021-10-17 12:39:23,733280,28.00,,
H0402_D8_280C10p_att00_Rq0,H0402_D8_280C10p_att00_Rq0_00718,2021-10-17 12:39:29,735054,28.00,,
H0402_D8_280C10p_att00_Rq0,H0402_D8_280C10p_att00_Rq0_00719,2021-10-17 12:39:34,735000,28.00,,
H0402_D8_280C10p_att00_Rq0,H0402_D8_280C10p_att00_Rq0_00720,2021-10-17 12:39:40,735510,28.00,,
H0402_D8_280C10p_att00_Rq0,H0402_D8_280C10p_att00_Rq0_00721,2021-10-17 12:39:48,734836,28.00,,
H0402_D8_280C10p_att00_Rq0,H0402_D8_280C10p_att00_Rq0_00722,2021-10-17 12:39:55,735381,28.00,,
H0402_D8_280C10p_att00_Rq0,H0402_D8_280C10p_att00_Rq0_00723,2021-10-17 12:40:01,734621,28.00,,
H0402_D8_280C10p_att00_Rq0,H0402_D8_280C10p_att00_Rq0_00724,2021-10-17 12:40:07,741223,28.00,,
H0402_D8_280C10p_att00_Rq0,H0402_D8_280C10p_att00_Rq0_00725,2021-10-17 12:40:12,731606,28.00,,
H0402_D8_280C10p_att00_Rq0,H0402_D8_280C10p_att00_Rq0_00726,2021-10-17 12:40:18,734328,28.00,,
H0402_D8_280C10p_att00_Rq0,H0402_D8_280C10p_att00_Rq0_00727,2021-10-17 12:40:24,731088,28.00,,
H0402_D8_280C10p_att00_Rq0,H0402_D8_280C10p_att00_Rq0_00728,2021-10-17 12:40:29,733183,28.00,,
H0402_D8_280C10p_att00_Rq0,H0402_D8_280C10p_att00_Rq0_00729,2021-10-17 12:40:35,733750,28.00,,
H0402_D8_280C10p_att00_Rq0,H0402_D8_280C10p_att00_Rq0_00730,2021-10-17 12:40:40,736077,28.00,,
H0402_D8_280C10p_att00_Rq0,H0402_D8_280C10p_att00_Rq0_00731,2021-10-17 12:40:46,734881,28.00,,
H0402_D8_280C10p_att00_Rq0,H0402_D8_280C10p_att00_Rq0_00732,2021-10-17 12:40:52,734183,28.00,,
H0402_D8_280C10p_att00_Rq0,H0402_D8_280C10p_att00_Rq0_00733,2021-10-17 12:40:57,733881,28.00,,
H0402_D8_280C10p_att00_Rq0,H0402_D8_280C10p_att00_Rq0_00734,2021-10-17 12:41:03,735964,28.00,,
H0402_D8_280C10p_att00_Rq0,H0402_D8_280C10p_att00_Rq0_00735,2021-10-17 12:41:09,734502,28.00,,
H0402_D8_280C10p_att00_Rq0,H0402_D8_280C10p_att00_Rq0_00736,2021-10-17 12:41:14,730428,28.00,,
H0402_D8_280C10p_att00_Rq0,H0402_D8_280C10p_att00_Rq0_00737,2021-10-17 12:41:20,734085,28.00,,
H0402_D8_280C10p_att00_Rq0,H0402_D8_280C10p_att00_Rq0_00738,2021-10-17 12:41:26,730864,28.00,,
H0402_D8_280C10p_att00_Rq0,H0402_D8_280C10p_att00_Rq0_00739,2021-10-17 12:41:35,730421,28.00,,
H0402_D8_280C10p_att00_Rq0,H0402_D8_280C10p_att00_Rq0_00740,2021-10-17 12:41:41,738515,28.00,,
H0402_D8_280C10p_att00_Rq0,H0402_D8_280C10p_att00_Rq0_00741,2021-10-17 12:41:49,733630,28.00,,
H0402_D8_280C10p_att00_Rq0,H0402_D8_280C10p_att00_Rq0_00742,2021-10-17 12:41:54,734253,28.00,,
H0402_D8_280C10p_att00_Rq0,H0402_D8_280C10p_att00_Rq0_00743,2021-10-17 12:42:02,729700,28.00,,
H0402_D8_280C10p_att00_Rq0,H0402_D8_280C10p_att00_Rq0_00744,2021-10-17 12:42:07,730203,28.00,,
H0402_D8_280C10p_att00_Rq0,H0402_D8_280C10p_att00_Rq0_00745,2021-10-17 12:42:13,729657,28.00,,
H0402_D8_280C10p_att00_Rq0,H0402_D8_280C10p_att00_Rq0_00746,2021-10-17 12:42:19,732580,28.00,,
H0402_D8_280C10p_att00_Rq0,H0402_D8_280C10p_att00_Rq0_00747,2021-10-17 12:42:24,730259,28.00,,
H0402_D8_280C10p_att00_Rq0,H0402_D8_280C10p_att00_Rq0_00748,2021-10-17 12:42:30,736073,28.00,,
H0402_D8_280C10p_att00_Rq0,H0402_D8_280C10p_att00_Rq0_00749,2021-10-17 12:42:35,732550,28.00,,
H0402_D8_280C10p_att00_Rq0,H0402_D8_280C10p_att00_Rq0_00750,2021-10-17 12:42:41,729660,28.00,,
H0402_D8_280C10p_att00_Rq0,H0402_D8_280C10p_att00_Rq0_00751,2021-10-17 12:42:47,732989,28.00,,
H0402_D8_280C10p_att00_Rq0,H0402_D8_280C10p_att00_Rq0_00752,2021-10-17 12:42:52,729723,28.00,,
H0402_D8_280C10p_att00_Rq0,H0402_D8_280C10p_att00_Rq0_00753,2021-10-17 12:42:58,733342,28.00,,
H0402_D8_280C10p_att00_Rq0,H0402_D8_280C10p_att00_Rq0_00754,2021-10-17 12:43:04,740543,28.00,,
H0402_D8_280C10p_att00_Rq0,H0402_D8_280C10p_att00_Rq0_00755,2021-10-17 12:43:11,744112,28.00,,
H0402_D8_280C10p_att00_Rq0,H0402_D8_280C10p_att00_Rq0_00756,2021-10-17 12:43:17,735577,28.00,,
H0402_D8_280C10p_att00_Rq0,H0402_D8_280C10p_att00_Rq0_00757,2021-10-17 12:43:22,734315,28.00,,
H0402_D8_280C10p_att00_Rq0,H0402_D8_280C10p_att00_Rq0_00758,2021-10-17 12:43:28,733379,28.00,,
H0402_D8_280C10p_att00_Rq0,H0402_D8_280C10p_att00_Rq0_00759,2021-10-17 12:43:34,733597,28.00,,
H0402_D8_280C10p_att00_Rq0,H0402_D8_280C10p_att00_Rq0_00760,2021-10-17 12:43:40,728893,28.00,,
H0402_D8_280C10p_att00_Rq0,H0402_D8_280C10p_att00_Rq0_00761,2021-10-17 12:43:47,732075,28.00,,
H0402_D8_280C10p_att00_Rq0,H0402_D8_280C10p_att00_Rq0_00762,2021-10-17 12:43:53,731851,28.00,,
H0402_D8_280C10p_att00_Rq0,H0402_D8_280C10p_att00_Rq0_00763,2021-10-17 12:43:59,990337,28.00,,
H0402_D8_280C10p_att00_Rq0,H0402_D8_280C10p_att00_Rq0_00764,2021-10-17 12:44:05,730794,28.00,,
H0402_D8_280C10p_att00_Rq0,H0402_D8_280C10p_att00_Rq0_00765,2021-10-17 12:44:11,730955,28.00,,
H0402_D8_280C10p_att00_Rq0,H0402_D8_280C10p_att00_Rq0_00766,2021-10-17 12:44:16,730857,28.00,,
H0402_D8_280C10p_att00_Rq0,H0402_D8_280C10p_att00_Rq0_00767,2021-10-17 12:44:22,731940,28.00,,
H0402_D8_280C10p_att00_Rq0,H0402_D8_280C10p_att00_Rq0_00768,2021-10-17 12:44:28,727453,28.00,,
H0402_D8_280C10p_att00_Rq0,H0402_D8_280C10p_att00_Rq0_00769,2021-10-17 12:44:33,729057,28.00,,
H0402_D8_280C10p_att00_Rq0,H0402_D8_280C10p_att00_Rq0_00770,2021-10-17 12:44:39,730427,28.00,,
H0402_D8_280C10p_att00_Rq0,H0402_D8_280C10p_att00_Rq0_00771,2021-10-17 12:44:45,737119,28.00,,
H0402_D8_280C10p_att00_Rq0,H0402_D8_280C10p_att00_Rq0_00772,2021-10-17 12:44:54,730799,28.00,,
H0402_D8_280C10p_att00_Rq0,H0402_D8_280C10p_att00_Rq0_00773,2021-10-17 12:45:00,727967,28.00,,
H0402_D8_280C10p_att00_Rq0,H0402_D8_280C10p_att00_Rq0_00774,2021-10-17 12:45:05,731347,28.00,,
H0402_D8_280C10p_att00_Rq0,H0402_D8_280C10p_att00_Rq0_00775,2021-10-17 12:45:11,730407,28.00,,
H0402_D8_280C10p_att00_Rq0,H0402_D8_280C10p_att00_Rq0_00776,2021-10-17 12:45:18,729920,28.00,,
H0402_D8_280C10p_att00_Rq0,H0402_D8_280C10p_att00_Rq0_00777,2021-10-17 12:45:24,727179,28.00,,
H0402_D8_280C10p_att00_Rq0,H0402_D8_280C10p_att00_Rq0_00778,2021-10-17 12:45:29,726371,28.00,,
H0402_D8_280C10p_att00_Rq0,H0402_D8_280C10p_att00_Rq0_00779,2021-10-17 12:45:35,730169,28.00,,
H0402_D8_280C10p_att00_Rq0,H0402_D8_280C10p_att00_Rq0_00780,2021-10-17 12:45:40,725695,28.00,,
H0402_D8_280C10p_att00_Rq0,H0402_D8_280C10p_att00_Rq0_00781,2021-10-17 12:45:50,726791,28.00,,
H0402_D8_280C10p_att00_Rq0,H0402_D8_280C10p_att00_Rq0_00782,2021-10-17 12:45:56,729179,28.00,,
H0402_D8_280C10p_att00_Rq0,H0402_D8_280C10p_att00_Rq0_00783,2021-10-17 12:46:02,726249,28.00,,
H0402_D8_280C10p_att00_Rq0,H0402_D8_280C10p_att00_Rq0_00784,2021-10-17 12:46:07,732325,28.00,,
H0402_D8_280C10p_att00_Rq0,H0402_D8_280C10p_att00_Rq0_00785,2021-10-17 12:46:13,729396,28.00,,
H0402_D8_280C10p_att00_Rq0,H0402_D8_280C10p_att00_Rq0_00786,2021-10-17 12:46:19,729285,28.00,,
H0402_D8_280C10p_att00_Rq0,H0402_D8_280C10p_att00_Rq0_00787,2021-10-17 12:46:24,727706,28.00,,
H0402_D8_280C10p_att00_Rq0,H0402_D8_280C10p_att00_Rq0_00788,2021-10-17 12:46:30,725000,28.00,,
H0402_D8_280C10p_att00_Rq0,H0402_D8_280C10p_att00_Rq0_00789,2021-10-17 12:46:36,728854,28.00,,
H0402_D8_280C10p_att00_Rq0,H0402_D8_280C10p_att00_Rq0_00790,2021-10-17 12:46:41,725166,28.00,,
H0402_D8_280C10p_att00_Rq0,H0402_D8_280C10p_att00_Rq0_00791,2021-10-17 12:46:47,724941,28.00,,
H0402_D8_280C10p_att00_Rq0,H0402_D8_280C10p_att00_Rq0_00792,2021-10-17 12:46:53,728690,28.00,,
H0402_D8_280C10p_att00_Rq0,H0402_D8_280C10p_att00_Rq0_00793,2021-10-17 12:46:58,735618,28.00,,
H0402_D8_280C10p_att00_Rq0,H0402_D8_280C10p_att00_Rq0_00794,2021-10-17 12:47:04,727626,28.00,,
H0402_D8_280C10p_att00_Rq0,H0402_D8_280C10p_att00_Rq0_00795,2021-10-17 12:47:10,727720,28.00,,
H0402_D8_280C10p_att00_Rq0,H0402_D8_280C10p_att00_Rq0_00796,2021-10-17 12:47:15,724262,28.00,,
H0402_D8_280C10p_att00_Rq0,H0402_D8_280C10p_att00_Rq0_00797,2021-10-17 12:47:21,727852,28.00,,
H0402_D8_280C10p_att00_Rq0,H0402_D8_280C10p_att00_Rq0_00798,2021-10-17 12:47:27,728762,28.00,,
H0402_D8_280C10p_att00_Rq0,H0402_D8_280C10p_att00_Rq0_00799,2021-10-17 12:47:33,727681,28.00,,
H0402_D8_280C10p_att00_Rq0,H0402_D8_280C10p_att00_Rq0_00800,2021-10-17 12:47:38,727051,28.00,,
H0402_D8_280C10p_att00_Rq0,H0402_D8_280C10p_att00_Rq0_00801,2021-10-17 12:47:46,733956,28.00,,
H0402_D8_280C10p_att00_Rq0,H0402_D8_280C10p_att00_Rq0_00802,2021-10-17 12:47:52,724282,28.00,,
H0402_D8_280C10p_att00_Rq0,H0402_D8_280C10p_att00_Rq0_00803,2021-10-17 12:47:58,724013,28.00,,
H0402_D8_280C10p_att00_Rq0,H0402_D8_280C10p_att00_Rq0_00804,2021-10-17 12:48:03,724568,28.00,,
H0402_D8_280C10p_att00_Rq0,H0402_D8_280C10p_att00_Rq0_00805,2021-10-17 12:48:09,733256,28.00,,
H0402_D8_280C10p_att00_Rq0,H0402_D8_280C10p_att00_Rq0_00806,2021-10-17 12:48:15,726661,28.00,,
H0402_D8_280C10p_att00_Rq0,H0402_D8_280C10p_att00_Rq0_00807,2021-10-17 12:48:20,723248,28.00,,
H0402_D8_280C10p_att00_Rq0,H0402_D8_280C10p_att00_Rq0_00808,2021-10-17 12:48:26,725442,28.00,,
H0402_D8_280C10p_att00_Rq0,H0402_D8_280C10p_att00_Rq0_00809,2021-10-17 12:48:32,729770,28.00,,
H0402_D8_280C10p_att00_Rq0,H0402_D8_280C10p_att00_Rq0_00810,2021-10-17 12:48:37,726075,28.00,,
H0402_D8_280C10p_att00_Rq0,H0402_D8_280C10p_att00_Rq0_00811,2021-10-17 12:48:47,725967,28.00,,
H0402_D8_280C10p_att00_Rq0,H0402_D8_280C10p_att00_Rq0_00812,2021-10-17 12:48:52,726016,28.00,,
H0402_D8_280C10p_att00_Rq0,H0402_D8_280C10p_att00_Rq0_00813,2021-10-17 12:48:58,725255,28.00,,
H0402_D8_280C10p_att00_Rq0,H0402_D8_280C10p_att00_Rq0_00814,2021-10-17 12:49:04,728545,28.00,,
H0402_D8_280C10p_att00_Rq0,H0402_D8_280C10p_att00_Rq0_00815,2021-10-17 12:49:09,723281,28.00,,
H0402_D8_280C10p_att00_Rq0,H0402_D8_280C10p_att00_Rq0_00816,2021-10-17 12:49:15,722490,28.00,,
H0402_D8_280C10p_att00_Rq0,H0402_D8_280C10p_att00_Rq0_00817,2021-10-17 12:49:20,722039,28.00,,
H0402_D8_280C10p_att00_Rq0,H0402_D8_280C10p_att00_Rq0_00818,2021-10-17 12:49:26,725693,28.00,,
H0402_D8_280C10p_att00_Rq0,H0402_D8_280C10p_att00_Rq0_00819,2021-10-17 12:49:32,725170,28.00,,
H0402_D8_280C10p_att00_Rq0,H0402_D8_280C10p_att00_Rq0_00820,2021-10-17 12:49:38,721959,28.00,,
H0402_D8_280C10p_att00_Rq0,H0402_D8_280C10p_att00_Rq0_00821,2021-10-17 12:49:45,719122,28.00,,
H0402_D8_280C10p_att00_Rq0,H0402_D8_280C10p_att00_Rq0_00822,2021-10-17 12:49:51,722648,28.00,,
H0402_D8_280C10p_att00_Rq0,H0402_D8_280C10p_att00_Rq0_00823,2021-10-17 12:49:57,722734,28.00,,
H0402_D8_280C10p_att00_Rq0,H0402_D8_280C10p_att00_Rq0_00824,2021-10-17 12:50:02,725107,28.00,,
H0402_D8_280C10p_att00_Rq0,H0402_D8_280C10p_att00_Rq0_00825,2021-10-17 12:50:08,720793,28.00,,
H0402_D8_280C10p_att00_Rq0,H0402_D8_280C10p_att00_Rq0_00826,2021-10-17 12:50:14,728301,28.00,,
H0402_D8_280C10p_att00_Rq0,H0402_D8_280C10p_att00_Rq0_00827,2021-10-17 12:50:19,805455,28.00,,
H0402_D8_280C10p_att00_Rq0,H0402_D8_280C10p_att00_Rq0_00828,2021-10-17 12:50:25,724543,28.00,,
H0402_D8_280C10p_att00_Rq0,H0402_D8_280C10p_att00_Rq0_00829,2021-10-17 12:50:31,719839,28.00,,
H0402_D8_280C10p_att00_Rq0,H0402_D8_280C10p_att00_Rq0_00830,2021-10-17 12:50:36,724911,28.00,,
H0402_D8_280C10p_att00_Rq0,H0402_D8_280C10p_att00_Rq0_00831,2021-10-17 12:50:42,731406,28.00,,
H0402_D8_280C10p_att00_Rq0,H0402_D8_280C10p_att00_Rq0_00832,2021-10-17 12:50:48,723894,28.00,,
H0402_D8_280C10p_att00_Rq0,H0402_D8_280C10p_att00_Rq0_00833,2021-10-17 12:50:53,720975,28.00,,
H0402_D8_280C10p_att00_Rq0,H0402_D8_280C10p_att00_Rq0_00834,2021-10-17 12:50:59,726492,28.00,,
H0402_D8_280C10p_att00_Rq0,H0402_D8_280C10p_att00_Rq0_00835,2021-10-17 12:51:05,723501,28.00,,
H0402_D8_280C10p_att00_Rq0,H0402_D8_280C10p_att00_Rq0_00836,2021-10-17 12:51:10,723342,28.00,,
H0402_D8_280C10p_att00_Rq0,H0402_D8_280C10p_att00_Rq0_00837,2021-10-17 12:51:16,730831,28.00,,
H0402_D8_280C10p_att00_Rq0,H0402_D8_280C10p_att00_Rq0_00838,2021-10-17 12:51:22,724335,28.00,,
H0402_D8_280C10p_att00_Rq0,H0402_D8_280C10p_att00_Rq0_00839,2021-10-17 12:51:28,720781,28.00,,
H0402_D8_280C10p_att00_Rq0,H0402_D8_280C10p_att00_Rq0_00840,2021-10-17 12:51:33,731890,28.00,,
H0402_D8_280C10p_att00_Rq0,H0402_D8_280C10p_att00_Rq0_00841,2021-10-17 12:51:41,723358,28.00,,
H0402_D8_280C10p_att00_Rq0,H0402_D8_280C10p_att00_Rq0_00842,2021-10-17 12:51:47,723158,28.00,,
H0402_D8_280C10p_att00_Rq0,H0402_D8_280C10p_att00_Rq0_00843,2021-10-17 12:51:52,720686,28.00,,
H0402_D8_280C10p_att00_Rq0,H0402_D8_280C10p_att00_Rq0_00844,2021-10-17 12:51:58,728857,28.00,,
H0402_D8_280C10p_att00_Rq0,H0402_D8_280C10p_att00_Rq0_00845,2021-10-17 12:52:04,722588,28.00,,
H0402_D8_280C10p_att00_Rq0,H0402_D8_280C10p_att00_Rq0_00846,2021-10-17 12:52:14,719380,28.00,,
H0402_D8_280C10p_att00_Rq0,H0402_D8_280C10p_att00_Rq0_00847,2021-10-17 12:52:20,719641,28.00,,
H0402_D8_280C10p_att00_Rq0,H0402_D8_280C10p_att00_Rq0_00848,2021-10-17 12:52:26,719742,28.00,,
H0402_D8_280C10p_att00_Rq0,H0402_D8_280C10p_att00_Rq0_00849,2021-10-17 12:52:31,721881,28.00,,
H0402_D8_280C10p_att00_Rq0,H0402_D8_280C10p_att00_Rq0_00850,2021-10-17 12:52:37,718912,28.00,,
H0402_D8_280C10p_att00_Rq0,H0402_D8_280C10p_att00_Rq0_00851,2021-10-17 12:52:43,722514,28.00,,
H0402_D8_280C10p_att00_Rq0,H0402_D8_280C10p_att00_Rq0_00852,2021-10-17 12:52:48,722873,28.00,,
H0402_D8_280C10p_att00_Rq0,H0402_D8_280C10p_att00_Rq0_00853,2021-10-17 12:52:54,723406,28.00,,
H0402_D8_280C10p_att00_Rq0,H0402_D8_280C10p_att00_Rq0_00854,2021-10-17 12:53:00,727139,28.00,,
H0402_D8_280C10p_att00_Rq0,H0402_D8_280C10p_att00_Rq0_00855,2021-10-17 12:53:05,722317,28.00,,
H0402_D8_280C10p_att00_Rq0,H0402_D8_280C10p_att00_Rq0_00856,2021-10-17 12:53:11,721761,28.00,,
H0402_D8_280C10p_att00_Rq0,H0402_D8_280C10p_att00_Rq0_00857,2021-10-17 12:53:17,725188,28.00,,
H0402_D8_280C10p_att00_Rq0,H0402_D8_280C10p_att00_Rq0_00858,2021-10-17 12:53:22,722016,28.00,,
H0402_D8_280C10p_att00_Rq0,H0402_D8_280C10p_att00_Rq0_00859,2021-10-17 12:53:28,724789,28.00,,
H0402_D8_280C10p_att00_Rq0,H0402_D8_280C10p_att00_Rq0_00860,2021-10-17 12:53:34,718426,28.00,,
H0402_D8_280C10p_att00_Rq0,H0402_D8_280C10p_att00_Rq0_00861,2021-10-17 12:53:41,725519,28.00,,
H0402_D8_280C10p_att00_Rq0,H0402_D8_280C10p_att00_Rq0_00862,2021-10-17 12:53:47,717586,28.00,,
H0402_D8_280C10p_att00_Rq0,H0402_D8_280C10p_att00_Rq0_00863,2021-10-17 12:53:57,722592,28.00,,
H0402_D8_280C10p_att00_Rq0,H0402_D8_280C10p_att00_Rq0_00864,2021-10-17 12:54:02,718024,28.00,,
H0402_D8_280C10p_att00_Rq0,H0402_D8_280C10p_att00_Rq0_00865,2021-10-17 12:54:08,723738,28.00,,
H0402_D8_280C10p_att00_Rq0,H0402_D8_280C10p_att00_Rq0_00866,2021-10-17 12:54:14,720732,28.00,,
H0402_D8_280C10p_att00_Rq0,H0402_D8_280C10p_att00_Rq0_00867,2021-10-17 12:54:19,717751,28.00,,
H0402_D8_280C10p_att00_Rq0,H0402_D8_280C10p_att00_Rq0_00868,2021-10-17 12:54:25,727669,28.00,,
H0402_D8_280C10p_att00_Rq0,H0402_D8_280C10p_att00_Rq0_00869,2021-10-17 12:54:30,718701,28.00,,
H0402_D8_280C10p_att00_Rq0,H0402_D8_280C10p_att00_Rq0_00870,2021-10-17 12:54:36,720828,28.00,,
H0402_D8_280C10p_att00_Rq0,H0402_D8_280C10p_att00_Rq0_00871,2021-10-17 12:54:42,720395,28.00,,
H0402_D8_280C10p_att00_Rq0,H0402_D8_280C10p_att00_Rq0_00872,2021-10-17 12:54:47,721321,28.00,,
H0402_D8_280C10p_att00_Rq0,H0402_D8_280C10p_att00_Rq0_00873,2021-10-17 12:54:53,716442,28.00,,
H0402_D8_280C10p_att00_Rq0,H0402_D8_280C10p_att00_Rq0_00874,2021-10-17 12:54:58,717638,28.00,,
H0402_D8_280C10p_att00_Rq0,H0402_D8_280C10p_att00_Rq0_00875,2021-10-17 12:55:08,719867,28.00,,
H0402_D8_280C10p_att00_Rq0,H0402_D8_280C10p_att00_Rq0_00876,2021-10-17 12:55:14,719774,28.00,,
H0402_D8_280C10p_att00_Rq0,H0402_D8_280C10p_att00_Rq0_00877,2021-10-17 12:55:19,724194,28.00,,
H0402_D8_280C10p_att00_Rq0,H0402_D8_280C10p_att00_Rq0_00878,2021-10-17 12:55:25,717580,28.00,,
H0402_D8_280C10p_att00_Rq0,H0402_D8_280C10p_att00_Rq0_00879,2021-10-17 12:55:31,719207,28.00,,
H0402_D8_280C10p_att00_Rq0,H0402_D8_280C10p_att00_Rq0_00880,2021-10-17 12:55:37,718685,28.00,,
H0402_D8_280C10p_att00_Rq0,H0402_D8_280C10p_att00_Rq0_00881,2021-10-17 12:55:45,716834,28.00,,
H0402_D8_280C10p_att00_Rq0,H0402_D8_280C10p_att00_Rq0_00882,2021-10-17 12:55:50,720457,28.00,,
H0402_D8_280C10p_att00_Rq0,H0402_D8_280C10p_att00_Rq0_00883,2021-10-17 12:55:56,722620,28.00,,
H0402_D8_280C10p_att00_Rq0,H0402_D8_280C10p_att00_Rq0_00884,2021-10-17 12:56:02,720414,28.00,,
H0402_D8_280C10p_att00_Rq0,H0402_D8_280C10p_att00_Rq0_00885,2021-10-17 12:56:07,721832,28.00,,
H0402_D8_280C10p_att00_Rq0,H0402_D8_280C10p_att00_Rq0_00886,2021-10-17 12:56:13,718910,28.00,,
H0402_D8_280C10p_att00_Rq0,H0402_D8_280C10p_att00_Rq0_00887,2021-10-17 12:56:19,718951,28.00,,
H0402_D8_280C10p_att00_Rq0,H0402_D8_280C10p_att00_Rq0_00888,2021-10-17 12:56:24,722337,28.00,,
H0402_D8_280C10p_att00_Rq0,H0402_D8_280C10p_att00_Rq0_00889,2021-10-17 12:56:30,718788,28.00,,
H0402_D8_280C10p_att00_Rq0,H0402_D8_280C10p_att00_Rq0_00890,2021-10-17 12:56:35,714396,28.00,,
H0402_D8_280C10p_att00_Rq0,H0402_D8_280C10p_att00_Rq0_00891,2021-10-17 12:56:41,997191,28.00,,
H0402_D8_280C10p_att00_Rq0,H0402_D8_280C10p_att00_Rq0_00892,2021-10-17 12:56:48,716230,28.00,,
H0402_D8_280C10p_att00_Rq0,H0402_D8_280C10p_att00_Rq0_00893,2021-10-17 12:56:53,714514,28.00,,
H0402_D8_280C10p_att00_Rq0,H0402_D8_280C10p_att00_Rq0_00894,2021-10-17 12:56:59,718398,28.00,,
H0402_D8_280C10p_att00_Rq0,H0402_D8_280C10p_att00_Rq0_00895,2021-10-17 12:57:05,718883,28.00,,
H0402_D8_280C10p_att00_Rq0,H0402_D8_280C10p_att00_Rq0_00896,2021-10-17 12:57:14,718765,28.00,,
H0402_D8_280C10p_att00_Rq0,H0402_D8_280C10p_att00_Rq0_00897,2021-10-17 12:57:20,716976,28.00,,
H0402_D8_280C10p_att00_Rq0,H0402_D8_280C10p_att00_Rq0_00898,2021-10-17 12:57:26,721745,28.00,,
H0402_D8_280C10p_att00_Rq0,H0402_D8_280C10p_att00_Rq0_00899,2021-10-17 12:57:31,716336,28.00,,
H0402_D8_280C10p_att00_Rq0,H0402_D8_280C10p_att00_Rq0_00900,2021-10-17 12:57:37,714137,28.00,,
H0402_D8_280C10p_att00_Rq0,H0402_D8_280C10p_att00_Rq0_00901,2021-10-17 12:57:45,718046,28.00,,
H0402_D8_280C10p_att00_Rq0,H0402_D8_280C10p_att00_Rq0_00902,2021-10-17 12:57:51,725859,28.00,,
H0402_D8_280C10p_att00_Rq0,H0402_D8_280C10p_att00_Rq0_00903,2021-10-17 12:57:57,717476,28.00,,
H0402_D8_280C10p_att00_Rq0,H0402_D8_280C10p_att00_Rq0_00904,2021-10-17 12:58:02,720053,28.00,,
H0402_D8_280C10p_att00_Rq0,H0402_D8_280C10p_att00_Rq0_00905,2021-10-17 12:58:08,715349,28.00,,
H0402_D8_280C10p_att00_Rq0,H0402_D8_280C10p_att00_Rq0_00906,2021-10-17 12:58:14,713939,28.00,,
H0402_D8_280C10p_att00_Rq0,H0402_D8_280C10p_att00_Rq0_00907,2021-10-17 12:58:19,717658,28.00,,
H0402_D8_280C10p_att00_Rq0,H0402_D8_280C10p_att00_Rq0_00908,2021-10-17 12:58:26,714548,28.00,,
H0402_D8_280C10p_att00_Rq0,H0402_D8_280C10p_att00_Rq0_00909,2021-10-17 12:58:32,714765,28.00,,
H0402_D8_280C10p_att00_Rq0,H0402_D8_280C10p_att00_Rq0_00910,2021-10-17 12:58:37,714933,28.00,,
H0402_D8_280C10p_att00_Rq0,H0402_D8_280C10p_att00_Rq0_00911,2021-10-17 12:58:43,720772,28.00,,
H0402_D8_280C10p_att00_Rq0,H0402_D8_280C10p_att00_Rq0_00912,2021-10-17 12:58:49,718219,28.00,,
H0402_D8_280C10p_att00_Rq0,H0402_D8_280C10p_att00_Rq0_00913,2021-10-17 12:58:55,713600,28.00,,
H0402_D8_280C10p_att00_Rq0,H0402_D8_280C10p_att00_Rq0_00914,2021-10-17 12:59:01,715676,28.00,,
H0402_D8_280C10p_att00_Rq0,H0402_D8_280C10p_att00_Rq0_00915,2021-10-17 12:59:06,717565,28.00,,
H0402_D8_280C10p_att00_Rq0,H0402_D8_280C10p_att00_Rq0_00916,2021-10-17 12:59:12,717430,28.00,,
H0402_D8_280C10p_att00_Rq0,H0402_D8_280C10p_att00_Rq0_00917,2021-10-17 12:59:18,720034,28.00,,
H0402_D8_280C10p_att00_Rq0,H0402_D8_280C10p_att00_Rq0_00918,2021-10-17 12:59:23,715471,28.00,,
H0402_D8_280C10p_att00_Rq0,H0402_D8_280C10p_att00_Rq0_00919,2021-10-17 12:59:29,716860,28.00,,
H0402_D8_280C10p_att00_Rq0,H0402_D8_280C10p_att00_Rq0_00920,2021-10-17 12:59:34,715762,28.00,,
H0402_D8_280C10p_att00_Rq0,H0402_D8_280C10p_att00_Rq0_00921,2021-10-17 12:59:42,720629,28.00,,
H0402_D8_280C10p_att00_Rq0,H0402_D8_280C10p_att00_Rq0_00922,2021-10-17 12:59:48,717437,28.00,,
H0402_D8_280C10p_att00_Rq0,H0402_D8_280C10p_att00_Rq0_00923,2021-10-17 12:59:53,710701,28.00,,
H0402_D8_280C10p_att00_Rq0,H0402_D8_280C10p_att00_Rq0_00924,2021-10-17 12:59:59,715259,28.00,,
H0402_D8_280C10p_att00_Rq0,H0402_D8_280C10p_att00_Rq0_00925,2021-10-17 13:00:04,715770,28.00,,
H0402_D8_280C10p_att00_Rq0,H0402_D8_280C10p_att00_Rq0_00926,2021-10-17 13:00:10,715257,28.00,,
H0402_D8_280C10p_att00_Rq0,H0402_D8_280C10p_att00_Rq0_00927,2021-10-17 13:00:16,715775,28.00,,
H0402_D8_280C10p_att00_Rq0,H0402_D8_280C10p_att00_Rq0_00928,2021-10-17 13:00:22,712962,28.00,,
H0402_D8_280C10p_att00_Rq0,H0402_D8_280C10p_att00_Rq0_00929,2021-10-17 13:00:27,715506,28.00,,
H0402_D8_280C10p_att00_Rq0,H0402_D8_280C10p_att00_Rq0_00930,2021-10-17 13:00:36,717572,28.00,,
H0402_D8_280C10p_att00_Rq0,H0402_D8_280C10p_att00_Rq0_00931,2021-10-17 13:00:42,716261,28.00,,
H0402_D8_280C10p_att00_Rq0,H0402_D8_280C10p_att00_Rq0_00932,2021-10-17 13:00:48,715395,28.00,,
H0402_D8_280C10p_att00_Rq0,H0402_D8_280C10p_att00_Rq0_00933,2021-10-17 13:00:53,714272,28.00,,
H0402_D8_280C10p_att00_Rq0,H0402_D8_280C10p_att00_Rq0_00934,2021-10-17 13:00:59,718732,28.00,,
H0402_D8_280C10p_att00_Rq0,H0402_D8_280C10p_att00_Rq0_00935,2021-10-17 13:01:04,711076,28.00,,
H0402_D8_280C10p_att00_Rq0,H0402_D8_280C10p_att00_Rq0_00936,2021-10-17 13:01:10,715039,28.00,,
H0402_D8_280C10p_att00_Rq0,H0402_D8_280C10p_att00_Rq0_00937,2021-10-17 13:01:16,714409,28.00,,
H0402_D8_280C10p_att00_Rq0,H0402_D8_280C10p_att00_Rq0_00938,2021-10-17 13:01:21,711400,28.00,,
H0402_D8_280C10p_att00_Rq0,H0402_D8_280C10p_att00_Rq0_00939,2021-10-17 13:01:27,715024,28.00,,
H0402_D8_280C10p_att00_Rq0,H0402_D8_280C10p_att00_Rq0_00940,2021-10-17 13:01:33,713849,28.00,,
H0402_D8_280C10p_att00_Rq0,H0402_D8_280C10p_att00_Rq0_00941,2021-10-17 13:01:40,711563,28.00,,
H0402_D8_280C10p_att00_Rq0,H0402_D8_280C10p_att00_Rq0_00942,2021-10-17 13:01:46,712565,28.00,,
H0402_D8_280C10p_att00_Rq0,H0402_D8_280C10p_att00_Rq0_00943,2021-10-17 13:01:51,711272,28.00,,
H0402_D8_280C10p_att00_Rq0,H0402_D8_280C10p_att00_Rq0_00944,2021-10-17 13:01:57,714886,28.00,,
H0402_D8_280C10p_att00_Rq0,H0402_D8_280C10p_att00_Rq0_00945,2021-10-17 13:02:03,714090,28.00,,
H0402_D8_280C10p_att00_Rq0,H0402_D8_280C10p_att00_Rq0_00946,2021-10-17 13:02:08,710830,28.00,,
H0402_D8_280C10p_att00_Rq0,H0402_D8_280C10p_att00_Rq0_00947,2021-10-17 13:02:14,711045,28.00,,
H0402_D8_280C10p_att00_Rq0,H0402_D8_280C10p_att00_Rq0_00948,2021-10-17 13:02:20,714185,28.00,,
H0402_D8_280C10p_att00_Rq0,H0402_D8_280C10p_att00_Rq0_00949,2021-10-17 13:02:25,713435,28.00,,
H0402_D8_280C10p_att00_Rq0,H0402_D8_280C10p_att00_Rq0_00950,2021-10-17 13:02:31,712234,28.00,,
H0402_D8_280C10p_att00_Rq0,H0402_D8_280C10p_att00_Rq0_00951,2021-10-17 13:02:37,710562,28.00,,
H0402_D8_280C10p_att00_Rq0,H0402_D8_280C10p_att00_Rq0_00952,2021-10-17 13:02:42,713478,28.00,,
H0402_D8_280C10p_att00_Rq0,H0402_D8_280C10p_att00_Rq0_00953,2021-10-17 13:02:48,713813,28.00,,
H0402_D8_280C10p_att00_Rq0,H0402_D8_280C10p_att00_Rq0_00954,2021-10-17 13:02:54,717000,28.00,,
H0402_D8_280C10p_att00_Rq0,H0402_D8_280C10p_att00_Rq0_00955,2021-10-17 13:02:59,710486,28.00,,
H0402_D8_280C10p_att00_Rq0,H0402_D8_280C10p_att00_Rq0_00956,2021-10-17 13:03:05,712932,28.00,,
H0402_D8_280C10p_att00_Rq0,H0402_D8_280C10p_att00_Rq0_00957,2021-10-17 13:03:10,719147,28.00,,
H0402_D8_280C10p_att00_Rq0,H0402_D8_280C10p_att00_Rq0_00958,2021-10-17 13:03:16,713364,28.00,,
H0402_D8_280C10p_att00_Rq0,H0402_D8_280C10p_att00_Rq0_00959,2021-10-17 13:03:22,713538,28.00,,
H0402_D8_280C10p_att00_Rq0,H0402_D8_280C10p_att00_Rq0_00960,2021-10-17 13:03:27,709580,28.00,,
H0402_D8_280C10p_att00_Rq0,H0402_D8_280C10p_att00_Rq0_00961,2021-10-17 13:03:36,717224,28.00,,
H0402_D8_280C10p_att00_Rq0,H0402_D8_280C10p_att00_Rq0_00962,2021-10-17 13:03:41,709475,28.00,,
H0402_D8_280C10p_att00_Rq0,H0402_D8_280C10p_att00_Rq0_00963,2021-10-17 13:03:47,719100,28.00,,
H0402_D8_280C10p_att00_Rq0,H0402_D8_280C10p_att00_Rq0_00964,2021-10-17 13:03:53,711040,28.00,,
H0402_D8_280C10p_att00_Rq0,H0402_D8_280C10p_att00_Rq0_00965,2021-10-17 13:03:58,712853,28.00,,
H0402_D8_280C10p_att00_Rq0,H0402_D8_280C10p_att00_Rq0_00966,2021-10-17 13:04:04,713494,28.00,,
H0402_D8_280C10p_att00_Rq0,H0402_D8_280C10p_att00_Rq0_00967,2021-10-17 13:04:10,712567,28.00,,
H0402_D8_280C10p_att00_Rq0,H0402_D8_280C10p_att00_Rq0_00968,2021-10-17 13:04:15,709479,28.00,,
H0402_D8_280C10p_att00_Rq0,H0402_D8_280C10p_att00_Rq0_00969,2021-10-17 13:04:21,713249,28.00,,
H0402_D8_280C10p_att00_Rq0,H0402_D8_280C10p_att00_Rq0_00970,2021-10-17 13:04:27,720221,28.00,,
H0402_D8_280C10p_att00_Rq0,H0402_D8_280C10p_att00_Rq0_00971,2021-10-17 13:04:32,708713,28.00,,
H0402_D8_280C10p_att00_Rq0,H0402_D8_280C10p_att00_Rq0_00972,2021-10-17 13:04:38,715804,28.00,,
H0402_D8_280C10p_att00_Rq0,H0402_D8_280C10p_att00_Rq0_00973,2021-10-17 13:04:44,708008,28.00,,
H0402_D8_280C10p_att00_Rq0,H0402_D8_280C10p_att00_Rq0_00974,2021-10-17 13:04:50,715390,28.00,,
H0402_D8_280C10p_att00_Rq0,H0402_D8_280C10p_att00_Rq0_00975,2021-10-17 13:04:55,710912,28.00,,
H0402_D8_280C10p_att00_Rq0,H0402_D8_280C10p_att00_Rq0_00976,2021-10-17 13:05:01,712684,28.00,,
H0402_D8_280C10p_att00_Rq0,H0402_D8_280C10p_att00_Rq0_00977,2021-10-17 13:05:07,711985,28.00,,
H0402_D8_280C10p_att00_Rq0,H0402_D8_280C10p_att00_Rq0_00978,2021-10-17 13:05:17,708837,28.00,,
H0402_D8_280C10p_att00_Rq0,H0402_D8_280C10p_att00_Rq0_00979,2021-10-17 13:05:23,708925,28.00,,
H0402_D8_280C10p_att00_Rq0,H0402_D8_280C10p_att00_Rq0_00980,2021-10-17 13:05:28,707865,28.00,,
H0402_D8_280C10p_att00_Rq0,H0402_D8_280C10p_att00_Rq0_00981,2021-10-17 13:05:36,708663,28.00,,
H0402_D8_280C10p_att00_Rq0,H0402_D8_280C10p_att00_Rq0_00982,2021-10-17 13:05:42,713389,28.00,,
H0402_D8_280C10p_att00_Rq0,H0402_D8_280C10p_att00_Rq0_00983,2021-10-17 13:05:48,710978,28.00,,
H0402_D8_280C10p_att00_Rq0,H0402_D8_280C10p_att00_Rq0_00984,2021-10-17 13:05:53,718370,28.00,,
H0402_D8_280C10p_att00_Rq0,H0402_D8_280C10p_att00_Rq0_00985,2021-10-17 13:05:59,712541,28.00,,
H0402_D8_280C10p_att00_Rq0,H0402_D8_280C10p_att00_Rq0_00986,2021-10-17 13:06:05,709040,28.00,,
H0402_D8_280C10p_att00_Rq0,H0402_D8_280C10p_att00_Rq0_00987,2021-10-17 13:06:11,713015,28.00,,
H0402_D8_280C10p_att00_Rq0,H0402_D8_280C10p_att00_Rq0_00988,2021-10-17 13:06:17,707618,28.00,,
H0402_D8_280C10p_att00_Rq0,H0402_D8_280C10p_att00_Rq0_00989,2021-10-17 13:06:22,717610,28.00,,
H0402_D8_280C10p_att00_Rq0,H0402_D8_280C10p_att00_Rq0_00990,2021-10-17 13:06:28,708335,28.00,,
H0402_D8_280C10p_att00_Rq0,H0402_D8_280C10p_att00_Rq0_00991,2021-10-17 13:06:34,707677,28.00,,
H0402_D8_280C10p_att00_Rq0,H0402_D8_280C10p_att00_Rq0_00992,2021-10-17 13:06:39,710186,28.00,,
H0402_D8_280C10p_att00_Rq0,H0402_D8_280C10p_att00_Rq0_00993,2021-10-17 13:06:45,710257,28.00,,
H0402_D8_280C10p_att00_Rq0,H0402_D8_280C10p_att00_Rq0_00994,2021-10-17 13:06:50,708082,28.00,,
H0402_D8_280C10p_att00_Rq0,H0402_D8_280C10p_att00_Rq0_00995,2021-10-17 13:06:56,710793,28.00,,
H0402_D8_280C10p_att00_Rq0,H0402_D8_280C10p_att00_Rq0_00996,2021-10-17 13:07:02,719128,28.00,,
H0402_D8_280C10p_att00_Rq0,H0402_D8_280C10p_att00_Rq0_00997,2021-10-17 13:07:08,710640,28.00,,
H0402_D8_280C10p_att00_Rq0,H0402_D8_280C10p_att00_Rq0_00998,2021-10-17 13:07:13,707224,28.00,,
H0402_D8_280C10p_att00_Rq0,H0402_D8_280C10p_att00_Rq0_00999,2021-10-17 13:07:19,714209,28.00,,
H0402_D8_280C10p_att00_Rq0,H0402_D8_280C10p_att00_Rq0_01000,2021-10-17 13:07:25,713202,28.00,,
H0402_D8_280C10p_att00_Rq0,H0402_D8_280C10p_att00_Rq0_01001,2021-10-17 13:07:33,712646,28.00,,
H0402_D8_280C10p_att00_Rq0,H0402_D8_280C10p_att00_Rq0_01002,2021-10-17 13:07:38,717030,28.00,,
H0402_D8_280C10p_att00_Rq0,H0402_D8_280C10p_att00_Rq0_01003,2021-10-17 13:07:44,705584,28.00,,
H0402_D8_280C10p_att00_Rq0,H0402_D8_280C10p_att00_Rq0_01004,2021-10-17 13:07:50,709190,28.00,,
H0402_D8_280C10p_att00_Rq0,H0402_D8_280C10p_att00_Rq0_01005,2021-10-17 13:07:55,704056,28.00,,
H0402_D8_280C10p_att00_Rq0,H0402_D8_280C10p_att00_Rq0_01006,2021-10-17 13:08:01,705713,28.00,,
H0402_D8_280C10p_att00_Rq0,H0402_D8_280C10p_att00_Rq0_01007,2021-10-17 13:08:07,709108,28.00,,
H0402_D8_280C10p_att00_Rq0,H0402_D8_280C10p_att00_Rq0_01008,2021-10-17 13:08:12,709594,28.00,,
H0402_D8_280C10p_att00_Rq0,H0402_D8_280C10p_att00_Rq0_01009,2021-10-17 13:08:18,707889,28.00,,
H0402_D8_280C10p_att00_Rq0,H0402_D8_280C10p_att00_Rq0_01010,2021-10-17 13:08:24,716614,28.00,,
H0402_D8_280C10p_att00_Rq0,H0402_D8_280C10p_att00_Rq0_01011,2021-10-17 13:08:30,708183,28.00,,
H0402_D8_280C10p_att00_Rq0,H0402_D8_280C10p_att00_Rq0_01012,2021-10-17 13:08:37,707832,28.00,,
H0402_D8_280C10p_att00_Rq0,H0402_D8_280C10p_att00_Rq0_01013,2021-10-17 13:08:43,705686,28.00,,
H0402_D8_280C10p_att00_Rq0,H0402_D8_280C10p_att00_Rq0_01014,2021-10-17 13:08:49,705396,28.00,,
H0402_D8_280C10p_att00_Rq0,H0402_D8_280C10p_att00_Rq0_01015,2021-10-17 13:08:54,716416,28.00,,
H0402_D8_280C10p_att00_Rq0,H0402_D8_280C10p_att00_Rq0_01016,2021-10-17 13:09:00,708311,28.00,,
H0402_D8_280C10p_att00_Rq0,H0402_D8_280C10p_att00_Rq0_01017,2021-10-17 13:09:06,715466,28.00,,
H0402_D8_280C10p_att00_Rq0,H0402_D8_280C10p_att00_Rq0_01018,2021-10-17 13:09:12,708054,28.00,,
H0402_D8_280C10p_att00_Rq0,H0402_D8_280C10p_att00_Rq0_01019,2021-10-17 13:09:17,707090,28.00,,
H0402_D8_280C10p_att00_Rq0,H0402_D8_280C10p_att00_Rq0_01020,2021-10-17 13:09:23,708130,28.00,,
H0402_D8_280C10p_att00_Rq0,H0402_D8_280C10p_att00_Rq0_01021,2021-10-17 13:09:31,708147,28.00,,
H0402_D8_280C10p_att00_Rq0,H0402_D8_280C10p_att00_Rq0_01022,2021-10-17 13:09:37,712473,28.00,,
H0402_D8_280C10p_att00_Rq0,H0402_D8_280C10p_att00_Rq0_01023,2021-10-17 13:09:42,703226,28.00,,
H0402_D8_280C10p_att00_Rq0,H0402_D8_280C10p_att00_Rq0_01024,2021-10-17 13:09:48,704932,28.00,,
H0402_D8_280C10p_att00_Rq0,H0402_D8_280C10p_att00_Rq0_01025,2021-10-17 13:09:54,704217,28.00,,
H0402_D8_280C10p_att00_Rq0,H0402_D8_280C10p_att00_Rq0_01026,2021-10-17 13:10:00,702183,28.00,,
H0402_D8_280C10p_att00_Rq0,H0402_D8_280C10p_att00_Rq0_01027,2021-10-17 13:10:05,703390,28.00,,
H0402_D8_280C10p_att00_Rq0,H0402_D8_280C10p_att00_Rq0_01028,2021-10-17 13:10:11,706790,28.00,,
H0402_D8_280C10p_att00_Rq0,H0402_D8_280C10p_att00_Rq0_01029,2021-10-17 13:10:17,712937,28.00,,
H0402_D8_280C10p_att00_Rq0,H0402_D8_280C10p_att00_Rq0_01030,2021-10-17 13:10:23,706168,28.00,,
H0402_D8_280C10p_att00_Rq0,H0402_D8_280C10p_att00_Rq0_01031,2021-10-17 13:10:28,703692,28.00,,
H0402_D8_280C10p_att00_Rq0,H0402_D8_280C10p_att00_Rq0_01032,2021-10-17 13:10:34,704589,28.00,,
H0402_D8_280C10p_att00_Rq0,H0402_D8_280C10p_att00_Rq0_01033,2021-10-17 13:10:40,714893,28.00,,
H0402_D8_280C10p_att00_Rq0,H0402_D8_280C10p_att00_Rq0_01034,2021-10-17 13:10:50,709130,28.00,,
H0402_D8_280C10p_att00_Rq0,H0402_D8_280C10p_att00_Rq0_01035,2021-10-17 13:10:56,705599,28.00,,
H0402_D8_280C10p_att00_Rq0,H0402_D8_280C10p_att00_Rq0_01036,2021-10-17 13:11:01,707296,28.00,,
H0402_D8_280C10p_att00_Rq0,H0402_D8_280C10p_att00_Rq0_01037,2021-10-17 13:11:07,705639,28.00,,
H0402_D8_280C10p_att00_Rq0,H0402_D8_280C10p_att00_Rq0_01038,2021-10-17 13:11:13,704282,28.00,,
H0402_D8_280C10p_att00_Rq0,H0402_D8_280C10p_att00_Rq0_01039,2021-10-17 13:11:18,702364,28.00,,
H0402_D8_280C10p_att00_Rq0,H0402_D8_280C10p_att00_Rq0_01040,2021-10-17 13:11:24,708332,28.00,,
H0402_D8_280C10p_att00_Rq0,H0402_D8_280C10p_att00_Rq0_01041,2021-10-17 13:11:32,698612,28.00,,
H0402_D8_280C10p_att00_Rq0,H0402_D8_280C10p_att00_Rq0_01042,2021-10-17 13:11:37,704546,28.00,,
H0402_D8_280C10p_att00_Rq0,H0402_D8_280C10p_att00_Rq0_01043,2021-10-17 13:11:43,704388,28.00,,
H0402_D8_280C10p_att00_Rq0,H0402_D8_280C10p_att00_Rq0_01044,2021-10-17 13:11:48,703973,28.00,,
H0402_D8_280C10p_att00_Rq0,H0402_D8_280C10p_att00_Rq0_01045,2021-10-17 13:11:54,710213,28.00,,
H0402_D8_280C10p_att00_Rq0,H0402_D8_280C10p_att00_Rq0_01046,2021-10-17 13:12:00,699009,28.00,,
H0402_D8_280C10p_att00_Rq0,H0402_D8_280C10p_att00_Rq0_01047,2021-10-17 13:12:06,707824,28.00,,
H0402_D8_280C10p_att00_Rq0,H0402_D8_280C10p_att00_Rq0_01048,2021-10-17 13:12:11,705312,28.00,,
H0402_D8_280C10p_att00_Rq0,H0402_D8_280C10p_att00_Rq0_01049,2021-10-17 13:12:17,705640,28.00,,
H0402_D8_280C10p_att00_Rq0,H0402_D8_280C10p_att00_Rq0_01050,2021-10-17 13:12:23,707586,28.00,,
H0402_D8_280C10p_att00_Rq0,H0402_D8_280C10p_att00_Rq0_01051,2021-10-17 13:12:29,700906,28.00,,
H0402_D8_280C10p_att00_Rq0,H0402_D8_280C10p_att00_Rq0_01052,2021-10-17 13:12:34,705094,28.00,,
H0402_D8_280C10p_att00_Rq0,H0402_D8_280C10p_att00_Rq0_01053,2021-10-17 13:12:40,702810,28.00,,
H0402_D8_280C10p_att00_Rq0,H0402_D8_280C10p_att00_Rq0_01054,2021-10-17 13:12:45,700178,28.00,,
H0402_D8_280C10p_att00_Rq0,H0402_D8_280C10p_att00_Rq0_01055,2021-10-17 13:12:51,700543,28.00,,
H0402_D8_280C10p_att00_Rq0,H0402_D8_280C10p_att00_Rq0_01056,2021-10-17 13:12:57,703823,28.00,,
H0402_D8_280C10p_att00_Rq0,H0402_D8_280C10p_att00_Rq0_01057,2021-10-17 13:13:03,699968,28.00,,
H0402_D8_280C10p_att00_Rq0,H0402_D8_280C10p_att00_Rq0_01058,2021-10-17 13:13:09,703082,28.00,,
H0402_D8_280C10p_att00_Rq0,H0402_D8_280C10p_att00_Rq0_01059,2021-10-17 13:13:15,699165,28.00,,
H0402_D8_280C10p_att00_Rq0,H0402_D8_280C10p_att00_Rq0_01060,2021-10-17 13:13:20,702829,28.00,,
H0402_D8_280C10p_att00_Rq0,H0402_D8_280C10p_att00_Rq0_01061,2021-10-17 13:13:28,705109,28.00,,
H0402_D8_280C10p_att00_Rq0,H0402_D8_280C10p_att00_Rq0_01062,2021-10-17 13:13:34,703184,28.00,,
H0402_D8_280C10p_att00_Rq0,H0402_D8_280C10p_att00_Rq0_01063,2021-10-17 13:13:40,888709,28.00,,
H0402_D8_280C10p_att00_Rq0,H0402_D8_280C10p_att00_Rq0_01064,2021-10-17 13:13:46,698959,28.00,,
H0402_D8_280C10p_att00_Rq0,H0402_D8_280C10p_att00_Rq0_01065,2021-10-17 13:13:52,707215,28.00,,
H0402_D8_280C10p_att00_Rq0,H0402_D8_280C10p_att00_Rq0_01066,2021-10-17 13:13:58,699629,28.00,,
H0402_D8_280C10p_att00_Rq0,H0402_D8_280C10p_att00_Rq0_01067,2021-10-17 13:14:03,707800,28.00,,
H0402_D8_280C10p_att00_Rq0,H0402_D8_280C10p_att00_Rq0_01068,2021-10-17 13:14:09,698616,28.00,,
H0402_D8_280C10p_att00_Rq0,H0402_D8_280C10p_att00_Rq0_01069,2021-10-17 13:14:15,701196,28.00,,
H0402_D8_280C10p_att00_Rq0,H0402_D8_280C10p_att00_Rq0_01070,2021-10-17 13:14:21,703704,28.00,,
H0402_D8_280C10p_att00_Rq0,H0402_D8_280C10p_att00_Rq0_01071,2021-10-17 13:14:26,700348,28.00,,
H0402_D8_280C10p_att00_Rq0,H0402_D8_280C10p_att00_Rq0_01072,2021-10-17 13:14:32,702426,28.00,,
H0402_D8_280C10p_att00_Rq0,H0402_D8_280C10p_att00_Rq0_01073,2021-10-17 13:14:38,701950,28.00,,
H0402_D8_280C10p_att00_Rq0,H0402_D8_280C10p_att00_Rq0_01074,2021-10-17 13:14:44,697412,28.00,,
H0402_D8_280C10p_att00_Rq0,H0402_D8_280C10p_att00_Rq0_01075,2021-10-17 13:14:49,700392,28.00,,
H0402_D8_280C10p_att00_Rq0,H0402_D8_280C10p_att00_Rq0_01076,2021-10-17 13:14:55,704859,28.00,,
H0402_D8_280C10p_att00_Rq0,H0402_D8_280C10p_att00_Rq0_01077,2021-10-17 13:15:00,698902,28.00,,
H0402_D8_280C10p_att00_Rq0,H0402_D8_280C10p_att00_Rq0_01078,2021-10-17 13:15:06,700395,28.00,,
H0402_D8_280C10p_att00_Rq0,H0402_D8_280C10p_att00_Rq0_01079,2021-10-17 13:15:12,701161,28.00,,
H0402_D8_280C10p_att00_Rq0,H0402_D8_280C10p_att00_Rq0_01080,2021-10-17 13:15:18,701124,28.00,,
H0402_D8_280C10p_att00_Rq0,H0402_D8_280C10p_att00_Rq0_01081,2021-10-17 13:15:25,701292,28.00,,
H0402_D8_280C10p_att00_Rq0,H0402_D8_280C10p_att00_Rq0_01082,2021-10-17 13:15:31,697996,28.00,,
H0402_D8_280C10p_att00_Rq0,H0402_D8_280C10p_att00_Rq0_01083,2021-10-17 13:15:37,705144,28.00,,
H0402_D8_280C10p_att00_Rq0,H0402_D8_280C10p_att00_Rq0_01084,2021-10-17 13:15:42,701106,28.00,,
H0402_D8_280C10p_att00_Rq0,H0402_D8_280C10p_att00_Rq0_01085,2021-10-17 13:15:48,702944,28.00,,
H0402_D8_280C10p_att00_Rq0,H0402_D8_280C10p_att00_Rq0_01086,2021-10-17 13:15:56,702995,28.00,,
H0402_D8_280C10p_att00_Rq0,H0402_D8_280C10p_att00_Rq0_01087,2021-10-17 13:16:02,708405,28.00,,
H0402_D8_280C10p_att00_Rq0,H0402_D8_280C10p_att00_Rq0_01088,2021-10-17 13:16:07,701109,28.00,,
H0402_D8_280C10p_att00_Rq0,H0402_D8_280C10p_att00_Rq0_01089,2021-10-17 13:16:13,704111,28.00,,
H0402_D8_280C10p_att00_Rq0,H0402_D8_280C10p_att00_Rq0_01090,2021-10-17 13:16:19,696453,28.00,,
H0402_D8_280C10p_att00_Rq0,H0402_D8_280C10p_att00_Rq0_01091,2021-10-17 13:16:24,697489,28.00,,
H0402_D8_280C10p_att00_Rq0,H0402_D8_280C10p_att00_Rq0_01092,2021-10-17 13:16:30,703569,28.00,,
H0402_D8_280C10p_att00_Rq0,H0402_D8_280C10p_att00_Rq0_01093,2021-10-17 13:16:35,701885,28.00,,
H0402_D8_280C10p_att00_Rq0,H0402_D8_280C10p_att00_Rq0_01094,2021-10-17 13:16:41,705011,28.00,,
H0402_D8_280C10p_att00_Rq0,H0402_D8_280C10p_att00_Rq0_01095,2021-10-17 13:16:47,703926,28.00,,
H0402_D8_280C10p_att00_Rq0,H0402_D8_280C10p_att00_Rq0_01096,2021-10-17 13:16:52,700414,28.00,,
H0402_D8_280C10p_att00_Rq0,H0402_D8_280C10p_att00_Rq0_01097,2021-10-17 13:16:58,703627,28.00,,
H0402_D8_280C10p_att00_Rq0,H0402_D8_280C10p_att00_Rq0_01098,2021-10-17 13:17:04,703794,28.00,,
H0402_D8_280C10p_att00_Rq0,H0402_D8_280C10p_att00_Rq0_01099,2021-10-17 13:17:09,703257,28.00,,
H0402_D8_280C10p_att00_Rq0,H0402_D8_280C10p_att00_Rq0_01100,2021-10-17 13:17:15,700165,28.00,,
H0402_D8_280C10p_att00_Rq0,H0402_D8_280C10p_att00_Rq0_01101,2021-10-17 13:17:23,703177,28.00,,
H0402_D8_280C10p_att00_Rq0,H0402_D8_280C10p_att00_Rq0_01102,2021-10-17 13:17:29,700607,28.00,,
H0402_D8_280C10p_att00_Rq0,H0402_D8_280C10p_att00_Rq0_01103,2021-10-17 13:17:35,705416,28.00,,
H0402_D8_280C10p_att00_Rq0,H0402_D8_280C10p_att00_Rq0_01104,2021-10-17 13:17:40,705761,28.00,,
H0402_D8_280C10p_att00_Rq0,H0402_D8_280C10p_att00_Rq0_01105,2021-10-17 13:17:46,709725,28.00,,
H0402_D8_280C10p_att00_Rq0,H0402_D8_280C10p_att00_Rq0_01106,2021-10-17 13:17:52,748864,28.00,,
H0402_D8_280C10p_att00_Rq0,H0402_D8_280C10p_att00_Rq0_01107,2021-10-17 13:17:57,703074,28.00,,
H0402_D8_280C10p_att00_Rq0,H0402_D8_280C10p_att00_Rq0_01108,2021-10-17 13:18:03,702356,28.00,,
H0402_D8_280C10p_att00_Rq0,H0402_D8_280C10p_att00_Rq0_01109,2021-10-17 13:18:09,702744,28.00,,
H0402_D8_280C10p_att00_Rq0,H0402_D8_280C10p_att00_Rq0_01110,2021-10-17 13:18:14,702380,28.00,,
H0402_D8_280C10p_att00_Rq0,H0402_D8_280C10p_att00_Rq0_01111,2021-10-17 13:18:20,701470,28.00,,
H0402_D8_280C10p_att00_Rq0,H0402_D8_280C10p_att00_Rq0_01112,2021-10-17 13:18:25,702475,28.00,,
H0402_D8_280C10p_att00_Rq0,H0402_D8_280C10p_att00_Rq0_01113,2021-10-17 13:18:31,705762,28.00,,
H0402_D8_280C10p_att00_Rq0,H0402_D8_280C10p_att00_Rq0_01114,2021-10-17 13:18:37,705768,28.00,,
H0402_D8_280C10p_att00_Rq0,H0402_D8_280C10p_att00_Rq0_01115,2021-10-17 13:18:42,705476,28.00,,
H0402_D8_280C10p_att00_Rq0,H0402_D8_280C10p_att00_Rq0_01116,2021-10-17 13:18:48,704746,28.00,,
H0402_D8_280C10p_att00_Rq0,H0402_D8_280C10p_att00_Rq0_01117,2021-10-17 13:18:54,705320,28.00,,
H0402_D8_280C10p_att00_Rq0,H0402_D8_280C10p_att00_Rq0_01118,2021-10-17 13:18:59,705541,28.00,,
H0402_D8_280C10p_att00_Rq0,H0402_D8_280C10p_att00_Rq0_01119,2021-10-17 13:19:05,701914,28.00,,
H0402_D8_280C10p_att00_Rq0,H0402_D8_280C10p_att00_Rq0_01120,2021-10-17 13:19:13,705330,28.00,,
H0402_D8_280C10p_att00_Rq0,H0402_D8_280C10p_att00_Rq0_01121,2021-10-17 13:19:20,705151,28.00,,
H0402_D8_280C10p_att00_Rq0,H0402_D8_280C10p_att00_Rq0_01122,2021-10-17 13:19:26,704654,28.00,,
H0402_D8_280C10p_att00_Rq0,H0402_D8_280C10p_att00_Rq0_01123,2021-10-17 13:19:32,704743,28.00,,
H0402_D8_280C10p_att00_Rq0,H0402_D8_280C10p_att00_Rq0_01124,2021-10-17 13:19:37,705214,28.00,,
H0402_D8_280C10p_att00_Rq0,H0402_D8_280C10p_att00_Rq0_01125,2021-10-17 13:19:43,703844,28.00,,
H0402_D8_280C10p_att00_Rq0,H0402_D8_280C10p_att00_Rq0_01126,2021-10-17 13:19:48,704783,28.00,,
H0402_D8_280C10p_att00_Rq0,H0402_D8_280C10p_att00_Rq0_01127,2021-10-17 13:19:54,710246,28.00,,
H0402_D8_280C10p_att00_Rq0,H0402_D8_280C10p_att00_Rq0_01128,2021-10-17 13:20:00,704316,28.00,,
H0402_D8_280C10p_att00_Rq0,H0402_D8_280C10p_att00_Rq0_01129,2021-10-17 13:20:06,704057,28.00,,
H0402_D8_280C10p_att00_Rq0,H0402_D8_280C10p_att00_Rq0_01130,2021-10-17 13:20:11,708100,28.00,,
H0402_D8_280C10p_att00_Rq0,H0402_D8_280C10p_att00_Rq0_01131,2021-10-17 13:20:17,705528,28.00,,
H0402_D8_280C10p_att00_Rq0,H0402_D8_280C10p_att00_Rq0_01132,2021-10-17 13:20:22,701232,28.00,,
H0402_D8_280C10p_att00_Rq0,H0402_D8_280C10p_att00_Rq0_01133,2021-10-17 13:20:28,702914,28.00,,
H0402_D8_280C10p_att00_Rq0,H0402_D8_280C10p_att00_Rq0_01134,2021-10-17 13:20:34,707466,28.00,,
H0402_D8_280C10p_att00_Rq0,H0402_D8_280C10p_att00_Rq0_01135,2021-10-17 13:20:39,707783,28.00,,
H0402_D8_280C10p_att00_Rq0,H0402_D8_280C10p_att00_Rq0_01136,2021-10-17 13:20:45,702340,28.00,,
H0402_D8_280C10p_att00_Rq0,H0402_D8_280C10p_att00_Rq0_01137,2021-10-17 13:20:50,705231,28.00,,
H0402_D8_280C10p_att00_Rq0,H0402_D8_280C10p_att00_Rq0_01138,2021-10-17 13:20:56,704324,28.00,,
H0402_D8_280C10p_att00_Rq0,H0402_D8_280C10p_att00_Rq0_01139,2021-10-17 13:21:02,713430,28.00,,
H0402_D8_280C10p_att00_Rq0,H0402_D8_280C10p_att00_Rq0_01140,2021-10-17 13:21:08,710199,28.00,,
H0402_D8_280C10p_att00_Rq0,H0402_D8_280C10p_att00_Rq0_01141,2021-10-17 13:21:16,700430,28.00,,
H0402_D8_280C10p_att00_Rq0,H0402_D8_280C10p_att00_Rq0_01142,2021-10-17 13:21:22,713148,28.00,,
H0402_D8_280C10p_att00_Rq0,H0402_D8_280C10p_att00_Rq0_01143,2021-10-17 13:21:28,703986,28.00,,
H0402_D8_280C10p_att00_Rq0,H0402_D8_280C10p_att00_Rq0_01144,2021-10-17 13:21:33,703763,28.00,,
H0402_D8_280C10p_att00_Rq0,H0402_D8_280C10p_att00_Rq0_01145,2021-10-17 13:21:39,709809,28.00,,
H0402_D8_280C10p_att00_Rq0,H0402_D8_280C10p_att00_Rq0_01146,2021-10-17 13:21:44,706972,28.00,,
H0402_D8_280C10p_att00_Rq0,H0402_D8_280C10p_att00_Rq0_01147,2021-10-17 13:21:50,706292,28.00,,
H0402_D8_280C10p_att00_Rq0,H0402_D8_280C10p_att00_Rq0_01148,2021-10-17 13:21:56,706503,28.00,,
H0402_D8_280C10p_att00_Rq0,H0402_D8_280C10p_att00_Rq0_01149,2021-10-17 13:22:01,706285,28.00,,
H0402_D8_280C10p_att00_Rq0,H0402_D8_280C10p_att00_Rq0_01150,2021-10-17 13:22:11,707132,28.00,,
H0402_D8_280C10p_att00_Rq0,H0402_D8_280C10p_att00_Rq0_01151,2021-10-17 13:22:17,706658,28.00,,
H0402_D8_280C10p_att00_Rq0,H0402_D8_280C10p_att00_Rq0_01152,2021-10-17 13:22:23,706427,28.00,,
H0402_D8_280C10p_att00_Rq0,H0402_D8_280C10p_att00_Rq0_01153,2021-10-17 13:22:28,705350,28.00,,
H0402_D8_280C10p_att00_Rq0,H0402_D8_280C10p_att00_Rq0_01154,2021-10-17 13:22:37,704554,28.00,,
H0402_D8_280C10p_att00_Rq0,H0402_D8_280C10p_att00_Rq0_01155,2021-10-17 13:22:42,707623,28.00,,
H0402_D8_280C10p_att00_Rq0,H0402_D8_280C10p_att00_Rq0_01156,2021-10-17 13:22:48,707538,28.00,,
H0402_D8_280C10p_att00_Rq0,H0402_D8_280C10p_att00_Rq0_01157,2021-10-17 13:22:54,713826,28.00,,
H0402_D8_280C10p_att00_Rq0,H0402_D8_280C10p_att00_Rq0_01158,2021-10-17 13:22:59,707791,28.00,,
H0402_D8_280C10p_att00_Rq0,H0402_D8_280C10p_att00_Rq0_01159,2021-10-17 13:23:05,710196,28.00,,
H0402_D8_280C10p_att00_Rq0,H0402_D8_280C10p_att00_Rq0_01160,2021-10-17 13:23:11,710439,28.00,,
H0402_D8_280C10p_att00_Rq0,H0402_D8_280C10p_att00_Rq0_01161,2021-10-17 13:23:19,710482,28.00,,
H0402_D8_280C10p_att00_Rq0,H0402_D8_280C10p_att00_Rq0_01162,2021-10-17 13:23:24,707509,28.00,,
H0402_D8_280C10p_att00_Rq0,H0402_D8_280C10p_att00_Rq0_01163,2021-10-17 13:23:30,703822,28.00,,
H0402_D8_280C10p_att00_Rq0,H0402_D8_280C10p_att00_Rq0_01164,2021-10-17 13:23:35,710263,28.00,,
H0402_D8_280C10p_att00_Rq0,H0402_D8_280C10p_att00_Rq0_01165,2021-10-17 13:23:41,706171,28.00,,
H0402_D8_280C10p_att00_Rq0,H0402_D8_280C10p_att00_Rq0_01166,2021-10-17 13:23:52,709712,28.00,,
H0402_D8_280C10p_att00_Rq0,H0402_D8_280C10p_att00_Rq0_01167,2021-10-17 13:23:57,706578,28.00,,
H0402_D8_280C10p_att00_Rq0,H0402_D8_280C10p_att00_Rq0_01168,2021-10-17 13:24:03,706253,28.00,,
H0402_D8_280C10p_att00_Rq0,H0402_D8_280C10p_att00_Rq0_01169,2021-10-17 13:24:09,707009,28.00,,
H0402_D8_280C10p_att00_Rq0,H0402_D8_280C10p_att00_Rq0_01170,2021-10-17 13:24:18,706977,28.00,,
H0402_D8_280C10p_att00_Rq0,H0402_D8_280C10p_att00_Rq0_01171,2021-10-17 13:24:24,717279,28.00,,
H0402_D8_280C10p_att00_Rq0,H0402_D8_280C10p_att00_Rq0_01172,2021-10-17 13:24:30,712094,28.00,,
H0402_D8_280C10p_att00_Rq0,H0402_D8_280C10p_att00_Rq0_01173,2021-10-17 13:24:35,712085,28.00,,
H0402_D8_280C10p_att00_Rq0,H0402_D8_280C10p_att00_Rq0_01174,2021-10-17 13:24:41,716514,28.00,,
H0402_D8_280C10p_att00_Rq0,H0402_D8_280C10p_att00_Rq0_01175,2021-10-17 13:24:47,710022,28.00,,
H0402_D8_280C10p_att00_Rq0,H0402_D8_280C10p_att00_Rq0_01176,2021-10-17 13:24:52,715480,28.00,,
H0402_D8_280C10p_att00_Rq0,H0402_D8_280C10p_att00_Rq0_01177,2021-10-17 13:24:58,712242,28.00,,
H0402_D8_280C10p_att00_Rq0,H0402_D8_280C10p_att00_Rq0_01178,2021-10-17 13:25:04,708456,28.00,,
H0402_D8_280C10p_att00_Rq0,H0402_D8_280C10p_att00_Rq0_01179,2021-10-17 13:25:09,712883,28.00,,
H0402_D8_280C10p_att00_Rq0,H0402_D8_280C10p_att00_Rq0_01180,2021-10-17 13:25:15,713135,28.00,,
H0402_D8_280C10p_att00_Rq0,H0402_D8_280C10p_att00_Rq0_01181,2021-10-17 13:25:25,712695,28.00,,
H0402_D8_280C10p_att00_Rq0,H0402_D8_280C10p_att00_Rq0_01182,2021-10-17 13:25:33,711721,28.00,,
H0402_D8_280C10p_att00_Rq0,H0402_D8_280C10p_att00_Rq0_01183,2021-10-17 13:25:38,712882,28.00,,
H0402_D8_280C10p_att00_Rq0,H0402_D8_280C10p_att00_Rq0_01184,2021-10-17 13:25:44,708759,28.00,,
H0402_D8_280C10p_att00_Rq0,H0402_D8_280C10p_att00_Rq0_01185,2021-10-17 13:25:49,711994,28.00,,
H0402_D8_280C10p_att00_Rq0,H0402_D8_280C10p_att00_Rq0_01186,2021-10-17 13:25:55,712497,28.00,,
H0402_D8_280C10p_att00_Rq0,H0402_D8_280C10p_att00_Rq0_01187,2021-10-17 13:26:01,717730,28.00,,
H0402_D8_280C10p_att00_Rq0,H0402_D8_280C10p_att00_Rq0_01188,2021-10-17 13:26:06,713711,28.00,,
H0402_D8_280C10p_att00_Rq0,H0402_D8_280C10p_att00_Rq0_01189,2021-10-17 13:26:12,708561,28.00,,
H0402_D8_280C10p_att00_Rq0,H0402_D8_280C10p_att00_Rq0_01190,2021-10-17 13:26:18,711003,28.00,,
H0402_D8_280C10p_att00_Rq0,H0402_D8_280C10p_att00_Rq0_01191,2021-10-17 13:26:24,711129,28.00,,
H0402_D8_280C10p_att00_Rq0,H0402_D8_280C10p_att00_Rq0_01192,2021-10-17 13:26:29,712563,28.00,,
H0402_D8_280C10p_att00_Rq0,H0402_D8_280C10p_att00_Rq0_01193,2021-10-17 13:26:35,714468,28.00,,
H0402_D8_280C10p_att00_Rq0,H0402_D8_280C10p_att00_Rq0_01194,2021-10-17 13:26:41,718514,28.00,,
H0402_D8_280C10p_att00_Rq0,H0402_D8_280C10p_att00_Rq0_01195,2021-10-17 13:26:46,715153,28.00,,
H0402_D8_280C10p_att00_Rq0,H0402_D8_280C10p_att00_Rq0_01196,2021-10-17 13:26:52,715251,28.00,,
H0402_D8_280C10p_att00_Rq0,H0402_D8_280C10p_att00_Rq0_01197,2021-10-17 13:26:57,711771,28.00,,
H0402_D8_280C10p_att00_Rq0,H0402_D8_280C10p_att00_Rq0_01198,2021-10-17 13:27:03,711662,28.00,,
H0402_D8_280C10p_att00_Rq0,H0402_D8_280C10p_att00_Rq0_01199,2021-10-17 13:27:09,718004,28.00,,
H0402_D8_280C10p_att00_Rq0,H0402_D8_280C10p_att00_Rq0_01200,2021-10-17 13:27:14,717251,28.00,,
H0402_D8_280C10p_att00_Rq0,H0402_D8_280C10p_att00_Rq0_01201,2021-10-17 13:27:22,717121,28.00,,
H0402_D8_280C10p_att00_Rq0,H0402_D8_280C10p_att00_Rq0_01202,2021-10-17 13:27:28,714638,28.00,,
H0402_D8_280C10p_att00_Rq0,H0402_D8_280C10p_att00_Rq0_01203,2021-10-17 13:27:34,713632,28.00,,
H0402_D8_280C10p_att00_Rq0,H0402_D8_280C10p_att00_Rq0_01204,2021-10-17 13:27:40,717497,28.00,,
H0402_D8_280C10p_att00_Rq0,H0402_D8_280C10p_att00_Rq0_01205,2021-10-17 13:27:46,714627,28.00,,
H0402_D8_280C10p_att00_Rq0,H0402_D8_280C10p_att00_Rq0_01206,2021-10-17 13:27:51,716266,28.00,,
H0402_D8_280C10p_att00_Rq0,H0402_D8_280C10p_att00_Rq0_01207,2021-10-17 13:27:57,713533,28.00,,
H0402_D8_280C10p_att00_Rq0,H0402_D8_280C10p_att00_Rq0_01208,2021-10-17 13:28:03,713862,28.00,,
H0402_D8_280C10p_att00_Rq0,H0402_D8_280C10p_att00_Rq0_01209,2021-10-17 13:28:08,712510,28.00,,
H0402_D8_280C10p_att00_Rq0,H0402_D8_280C10p_att00_Rq0_01210,2021-10-17 13:28:14,709589,28.00,,
H0402_D8_280C10p_att00_Rq0,H0402_D8_280C10p_att00_Rq0_01211,2021-10-17 13:28:20,712729,28.00,,
H0402_D8_280C10p_att00_Rq0,H0402_D8_280C10p_att00_Rq0_01212,2021-10-17 13:28:25,713267,28.00,,
H0402_D8_280C10p_att00_Rq0,H0402_D8_280C10p_att00_Rq0_01213,2021-10-17 13:28:31,722643,28.00,,
H0402_D8_280C10p_att00_Rq0,H0402_D8_280C10p_att00_Rq0_01214,2021-10-17 13:28:37,712900,28.00,,
H0402_D8_280C10p_att00_Rq0,H0402_D8_280C10p_att00_Rq0_01215,2021-10-17 13:28:42,723469,28.00,,
H0402_D8_280C10p_att00_Rq0,H0402_D8_280C10p_att00_Rq0_01216,2021-10-17 13:28:48,721907,28.00,,
H0402_D8_280C10p_att00_Rq0,H0402_D8_280C10p_att00_Rq0_01217,2021-10-17 13:28:53,716177,28.00,,
H0402_D8_280C10p_att00_Rq0,H0402_D8_280C10p_att00_Rq0_01218,2021-10-17 13:28:59,713038,28.00,,
H0402_D8_280C10p_att00_Rq0,H0402_D8_280C10p_att00_Rq0_01219,2021-10-17 13:29:05,714460,28.00,,
H0402_D8_280C10p_att00_Rq0,H0402_D8_280C10p_att00_Rq0_01220,2021-10-17 13:29:10,719205,28.00,,
H0402_D8_280C10p_att00_Rq0,H0402_D8_280C10p_att00_Rq0_01221,2021-10-17 13:29:18,716179,28.00,,
H0402_D8_280C10p_att00_Rq0,H0402_D8_280C10p_att00_Rq0_01222,2021-10-17 13:29:24,720164,28.00,,
H0402_D8_280C10p_att00_Rq0,H0402_D8_280C10p_att00_Rq0_01223,2021-10-17 13:29:29,714813,28.00,,
H0402_D8_280C10p_att00_Rq0,H0402_D8_280C10p_att00_Rq0_01224,2021-10-17 13:29:35,715055,28.00,,
H0402_D8_280C10p_att00_Rq0,H0402_D8_280C10p_att00_Rq0_01225,2021-10-17 13:29:41,712466,28.00,,
H0402_D8_280C10p_att00_Rq0,H0402_D8_280C10p_att00_Rq0_01226,2021-10-17 13:29:47,716306,28.00,,
H0402_D8_280C10p_att00_Rq0,H0402_D8_280C10p_att00_Rq0_01227,2021-10-17 13:29:53,717947,28.00,,
H0402_D8_280C10p_att00_Rq0,H0402_D8_280C10p_att00_Rq0_01228,2021-10-17 13:29:58,714488,28.00,,
H0402_D8_280C10p_att00_Rq0,H0402_D8_280C10p_att00_Rq0_01229,2021-10-17 13:30:04,714900,28.00,,
H0402_D8_280C10p_att00_Rq0,H0402_D8_280C10p_att00_Rq0_01230,2021-10-17 13:30:10,720725,28.00,,
H0402_D8_280C10p_att00_Rq0,H0402_D8_280C10p_att00_Rq0_01231,2021-10-17 13:30:16,715074,28.00,,
H0402_D8_280C10p_att00_Rq0,H0402_D8_280C10p_att00_Rq0_01232,2021-10-17 13:30:22,712379,28.00,,
H0402_D8_280C10p_att00_Rq0,H0402_D8_280C10p_att00_Rq0_01233,2021-10-17 13:30:27,719037,28.00,,
H0402_D8_280C10p_att00_Rq0,H0402_D8_280C10p_att00_Rq0_01234,2021-10-17 13:30:37,719125,28.00,,
H0402_D8_280C10p_att00_Rq0,H0402_D8_280C10p_att00_Rq0_01235,2021-10-17 13:30:42,718876,28.00,,
H0402_D8_280C10p_att00_Rq0,H0402_D8_280C10p_att00_Rq0_01236,2021-10-17 13:30:48,725769,28.00,,
H0402_D8_280C10p_att00_Rq0,H0402_D8_280C10p_att00_Rq0_01237,2021-10-17 13:30:54,718334,28.00,,
H0402_D8_280C10p_att00_Rq0,H0402_D8_280C10p_att00_Rq0_01238,2021-10-17 13:31:02,717217,28.00,,
H0402_D8_280C10p_att00_Rq0,H0402_D8_280C10p_att00_Rq0_01239,2021-10-17 13:31:08,731301,28.00,,
H0402_D8_280C10p_att00_Rq0,H0402_D8_280C10p_att00_Rq0_01240,2021-10-17 13:31:14,717856,28.00,,
H0402_D8_280C10p_att00_Rq0,H0402_D8_280C10p_att00_Rq0_01241,2021-10-17 13:31:22,714876,28.00,,
H0402_D8_280C10p_att00_Rq0,H0402_D8_280C10p_att00_Rq0_01242,2021-10-17 13:31:27,717328,28.00,,
H0402_D8_280C10p_att00_Rq0,H0402_D8_280C10p_att00_Rq0_01243,2021-10-17 13:31:33,714023,28.00,,
H0402_D8_280C10p_att00_Rq0,H0402_D8_280C10p_att00_Rq0_01244,2021-10-17 13:31:39,716933,28.00,,
H0402_D8_280C10p_att00_Rq0,H0402_D8_280C10p_att00_Rq0_01245,2021-10-17 13:31:44,717490,28.00,,
H0402_D8_280C10p_att00_Rq0,H0402_D8_280C10p_att00_Rq0_01246,2021-10-17 13:31:50,719601,28.00,,
H0402_D8_280C10p_att00_Rq0,H0402_D8_280C10p_att00_Rq0_01247,2021-10-17 13:31:56,713243,28.00,,
H0402_D8_280C10p_att00_Rq0,H0402_D8_280C10p_att00_Rq0_01248,2021-10-17 13:32:01,712852,28.00,,
H0402_D8_280C10p_att00_Rq0,H0402_D8_280C10p_att00_Rq0_01249,2021-10-17 13:32:07,720924,28.00,,
H0402_D8_280C10p_att00_Rq0,H0402_D8_280C10p_att00_Rq0_01250,2021-10-17 13:32:17,713002,28.00,,
H0402_D8_280C10p_att00_Rq0,H0402_D8_280C10p_att00_Rq0_01251,2021-10-17 13:32:22,713257,28.00,,
H0402_D8_280C10p_att00_Rq0,H0402_D8_280C10p_att00_Rq0_01252,2021-10-17 13:32:28,711518,28.00,,
H0402_D8_280C10p_att00_Rq0,H0402_D8_280C10p_att00_Rq0_01253,2021-10-17 13:32:34,718632,28.00,,
H0402_D8_280C10p_att00_Rq0,H0402_D8_280C10p_att00_Rq0_01254,2021-10-17 13:32:43,719700,28.00,,
H0402_D8_280C10p_att00_Rq0,H0402_D8_280C10p_att00_Rq0_01255,2021-10-17 13:32:49,720078,28.00,,
H0402_D8_280C10p_att00_Rq0,H0402_D8_280C10p_att00_Rq0_01256,2021-10-17 13:32:55,716097,28.00,,
H0402_D8_280C10p_att00_Rq0,H0402_D8_280C10p_att00_Rq0_01257,2021-10-17 13:33:00,741123,28.00,,
H0402_D8_280C10p_att00_Rq0,H0402_D8_280C10p_att00_Rq0_01258,2021-10-17 13:33:06,716303,28.00,,
H0402_D8_280C10p_att00_Rq0,H0402_D8_280C10p_att00_Rq0_01259,2021-10-17 13:33:12,715894,28.00,,
H0402_D8_280C10p_att00_Rq0,H0402_D8_280C10p_att00_Rq0_01260,2021-10-17 13:33:18,719381,28.00,,
H0402_D8_280C10p_att00_Rq0,H0402_D8_280C10p_att00_Rq0_01261,2021-10-17 13:33:25,720631,28.00,,
H0402_D8_280C10p_att00_Rq0,H0402_D8_280C10p_att00_Rq0_01262,2021-10-17 13:33:31,725483,28.00,,
H0402_D8_280C10p_att00_Rq0,H0402_D8_280C10p_att00_Rq0_01263,2021-10-17 13:33:37,718903,28.00,,
H0402_D8_280C10p_att00_Rq0,H0402_D8_280C10p_att00_Rq0_01264,2021-10-17 13:33:42,718737,28.00,,
H0402_D8_280C10p_att00_Rq0,H0402_D8_280C10p_att00_Rq0_01265,2021-10-17 13:33:48,715812,28.00,,
H0402_D8_280C10p_att00_Rq0,H0402_D8_280C10p_att00_Rq0_01266,2021-10-17 13:33:54,718574,28.00,,
H0402_D8_280C10p_att00_Rq0,H0402_D8_280C10p_att00_Rq0_01267,2021-10-17 13:33:59,719943,28.00,,
H0402_D8_280C10p_att00_Rq0,H0402_D8_280C10p_att00_Rq0_01268,2021-10-17 13:34:05,725265,28.00,,
H0402_D8_280C10p_att00_Rq0,H0402_D8_280C10p_att00_Rq0_01269,2021-10-17 13:34:11,715049,28.00,,
H0402_D8_280C10p_att00_Rq0,H0402_D8_280C10p_att00_Rq0_01270,2021-10-17 13:34:16,714382,28.00,,
H0402_D8_280C10p_att00_Rq0,H0402_D8_280C10p_att00_Rq0_01271,2021-10-17 13:34:22,721850,28.00,,
H0402_D8_280C10p_att00_Rq0,H0402_D8_280C10p_att00_Rq0_01272,2021-10-17 13:34:28,715484,28.00,,
H0402_D8_280C10p_att00_Rq0,H0402_D8_280C10p_att00_Rq0_01273,2021-10-17 13:34:33,721605,28.00,,
H0402_D8_280C10p_att00_Rq0,H0402_D8_280C10p_att00_Rq0_01274,2021-10-17 13:34:39,720778,28.00,,
H0402_D8_280C10p_att00_Rq0,H0402_D8_280C10p_att00_Rq0_01275,2021-10-17 13:34:44,720698,28.00,,
H0402_D8_280C10p_att00_Rq0,H0402_D8_280C10p_att00_Rq0_01276,2021-10-17 13:34:50,721225,28.00,,
H0402_D8_280C10p_att00_Rq0,H0402_D8_280C10p_att00_Rq0_01277,2021-10-17 13:34:55,718173,28.00,,
H0402_D8_280C10p_att00_Rq0,H0402_D8_280C10p_att00_Rq0_01278,2021-10-17 13:35:01,724322,28.00,,
H0402_D8_280C10p_att00_Rq0,H0402_D8_280C10p_att00_Rq0_01279,2021-10-17 13:35:07,722950,28.00,,
H0402_D8_280C10p_att00_Rq0,H0402_D8_280C10p_att00_Rq0_01280,2021-10-17 13:35:13,717255,28.00,,
H0402_D8_280C10p_att00_Rq0,H0402_D8_280C10p_att00_Rq0_01281,2021-10-17 13:35:21,945620,28.00,,
H0402_D8_280C10p_att00_Rq0,H0402_D8_280C10p_att00_Rq0_01282,2021-10-17 13:35:27,720119,28.00,,
H0402_D8_280C10p_att00_Rq0,H0402_D8_280C10p_att00_Rq0_01283,2021-10-17 13:35:33,936744,28.00,,
H0402_D8_280C10p_att00_Rq0,H0402_D8_280C10p_att00_Rq0_01284,2021-10-17 13:35:40,723943,28.00,,
H0402_D8_280C10p_att00_Rq0,H0402_D8_280C10p_att00_Rq0_01285,2021-10-17 13:35:46,720885,28.00,,
H0402_D8_280C10p_att00_Rq0,H0402_D8_280C10p_att00_Rq0_01286,2021-10-17 13:35:51,720606,28.00,,
H0402_D8_280C10p_att00_Rq0,H0402_D8_280C10p_att00_Rq0_01287,2021-10-17 13:35:57,717039,28.00,,
H0402_D8_280C10p_att00_Rq0,H0402_D8_280C10p_att00_Rq0_01288,2021-10-17 13:36:03,721654,28.00,,
H0402_D8_280C10p_att00_Rq0,H0402_D8_280C10p_att00_Rq0_01289,2021-10-17 13:36:09,717636,28.00,,
H0402_D8_280C10p_att00_Rq0,H0402_D8_280C10p_att00_Rq0_01290,2021-10-17 13:36:14,721096,28.00,,
H0402_D8_280C10p_att00_Rq0,H0402_D8_280C10p_att00_Rq0_01291,2021-10-17 13:36:20,719528,28.00,,
H0402_D8_280C10p_att00_Rq0,H0402_D8_280C10p_att00_Rq0_01292,2021-10-17 13:36:25,719581,28.00,,
H0402_D8_280C10p_att00_Rq0,H0402_D8_280C10p_att00_Rq0_01293,2021-10-17 13:36:31,723988,28.00,,
H0402_D8_280C10p_att00_Rq0,H0402_D8_280C10p_att00_Rq0_01294,2021-10-17 13:36:37,720156,28.00,,
H0402_D8_280C10p_att00_Rq0,H0402_D8_280C10p_att00_Rq0_01295,2021-10-17 13:36:42,723968,28.00,,
H0402_D8_280C10p_att00_Rq0,H0402_D8_280C10p_att00_Rq0_01296,2021-10-17 13:36:48,726284,28.00,,
H0402_D8_280C10p_att00_Rq0,H0402_D8_280C10p_att00_Rq0_01297,2021-10-17 13:36:54,723461,28.00,,
H0402_D8_280C10p_att00_Rq0,H0402_D8_280C10p_att00_Rq0_01298,2021-10-17 13:36:59,723351,28.00,,
H0402_D8_280C10p_att00_Rq0,H0402_D8_280C10p_att00_Rq0_01299,2021-10-17 13:37:05,726912,28.00,,
H0402_D8_280C10p_att00_Rq0,H0402_D8_280C10p_att00_Rq0_01300,2021-10-17 13:37:11,722658,28.00,,
H0402_D8_280C10p_att00_Rq0,H0402_D8_280C10p_att00_Rq0_01301,2021-10-17 13:37:18,719086,28.00,,
H0402_D8_280C10p_att00_Rq0,H0402_D8_280C10p_att00_Rq0_01302,2021-10-17 13:37:24,722884,28.00,,
H0402_D8_280C10p_att00_Rq0,H0402_D8_280C10p_att00_Rq0_01303,2021-10-17 13:37:29,719097,28.00,,
H0402_D8_280C10p_att00_Rq0,H0402_D8_280C10p_att00_Rq0_01304,2021-10-17 13:37:35,718396,28.00,,
H0402_D8_280C10p_att00_Rq0,H0402_D8_280C10p_att00_Rq0_01305,2021-10-17 13:37:41,729255,28.00,,
H0402_D8_280C10p_att00_Rq0,H0402_D8_280C10p_att00_Rq0_01306,2021-10-17 13:37:47,721544,28.00,,
H0402_D8_280C10p_att00_Rq0,H0402_D8_280C10p_att00_Rq0_01307,2021-10-17 13:37:52,721358,28.00,,
H0402_D8_280C10p_att00_Rq0,H0402_D8_280C10p_att00_Rq0_01308,2021-10-17 13:37:58,724395,28.00,,
H0402_D8_280C10p_att00_Rq0,H0402_D8_280C10p_att00_Rq0_01309,2021-10-17 13:38:04,727045,28.00,,
H0402_D8_280C10p_att00_Rq0,H0402_D8_280C10p_att00_Rq0_01310,2021-10-17 13:38:09,722989,28.00,,
H0402_D8_280C10p_att00_Rq0,H0402_D8_280C10p_att00_Rq0_01311,2021-10-17 13:38:15,727378,28.00,,
H0402_D8_280C10p_att00_Rq0,H0402_D8_280C10p_att00_Rq0_01312,2021-10-17 13:38:21,721745,28.00,,
H0402_D8_280C10p_att00_Rq0,H0402_D8_280C10p_att00_Rq0_01313,2021-10-17 13:38:27,991656,28.00,,
H0402_D8_280C10p_att00_Rq0,H0402_D8_280C10p_att00_Rq0_01314,2021-10-17 13:38:33,724893,28.00,,
H0402_D8_280C10p_att00_Rq0,H0402_D8_280C10p_att00_Rq0_01315,2021-10-17 13:38:39,724780,28.00,,
H0402_D8_280C10p_att00_Rq0,H0402_D8_280C10p_att00_Rq0_01316,2021-10-17 13:38:44,721661,28.00,,
H0402_D8_280C10p_att00_Rq0,H0402_D8_280C10p_att00_Rq0_01317,2021-10-17 13:38:50,725214,28.00,,
H0402_D8_280C10p_att00_Rq0,H0402_D8_280C10p_att00_Rq0_01318,2021-10-17 13:38:56,722456,28.00,,
H0402_D8_280C10p_att00_Rq0,H0402_D8_280C10p_att00_Rq0_01319,2021-10-17 13:39:04,721627,28.00,,
H0402_D8_280C10p_att00_Rq0,H0402_D8_280C10p_att00_Rq0_01320,2021-10-17 13:39:10,723789,28.00,,
H0402_D8_280C10p_att00_Rq0,H0402_D8_280C10p_att00_Rq0_01321,2021-10-17 13:39:17,726804,28.00,,
H0402_D8_280C10p_att00_Rq0,H0402_D8_280C10p_att00_Rq0_01322,2021-10-17 13:39:23,721010,28.00,,
H0402_D8_280C10p_att00_Rq0,H0402_D8_280C10p_att00_Rq0_01323,2021-10-17 13:39:29,911986,28.00,,
H0402_D8_280C10p_att00_Rq0,H0402_D8_280C10p_att00_Rq0_01324,2021-10-17 13:39:35,722907,28.00,,
H0402_D8_280C10p_att00_Rq0,H0402_D8_280C10p_att00_Rq0_01325,2021-10-17 13:39:41,723102,28.00,,
H0402_D8_280C10p_att00_Rq0,H0402_D8_280C10p_att00_Rq0_01326,2021-10-17 13:39:46,727040,28.00,,
H0402_D8_280C10p_att00_Rq0,H0402_D8_280C10p_att00_Rq0_01327,2021-10-17 13:39:52,719350,28.00,,
H0402_D8_280C10p_att00_Rq0,H0402_D8_280C10p_att00_Rq0_01328,2021-10-17 13:39:58,719898,28.00,,
H0402_D8_280C10p_att00_Rq0,H0402_D8_280C10p_att00_Rq0_01329,2021-10-17 13:40:03,725631,28.00,,
H0402_D8_280C10p_att00_Rq0,H0402_D8_280C10p_att00_Rq0_01330,2021-10-17 13:40:09,720170,28.00,,
H0402_D8_280C10p_att00_Rq0,H0402_D8_280C10p_att00_Rq0_01331,2021-10-17 13:40:15,721647,28.00,,
H0402_D8_280C10p_att00_Rq0,H0402_D8_280C10p_att00_Rq0_01332,2021-10-17 13:40:21,722631,28.00,,
H0402_D8_280C10p_att00_Rq0,H0402_D8_280C10p_att00_Rq0_01333,2021-10-17 13:40:26,719812,28.00,,
H0402_D8_280C10p_att00_Rq0,H0402_D8_280C10p_att00_Rq0_01334,2021-10-17 13:40:32,733326,28.00,,
H0402_D8_280C10p_att00_Rq0,H0402_D8_280C10p_att00_Rq0_01335,2021-10-17 13:40:39,722611,28.00,,
H0402_D8_280C10p_att00_Rq0,H0402_D8_280C10p_att00_Rq0_01336,2021-10-17 13:40:45,726163,28.00,,
H0402_D8_280C10p_att00_Rq0,H0402_D8_280C10p_att00_Rq0_01337,2021-10-17 13:40:50,723218,28.00,,
H0402_D8_280C10p_att00_Rq0,H0402_D8_280C10p_att00_Rq0_01338,2021-10-17 13:40:56,725250,28.00,,
H0402_D8_280C10p_att00_Rq0,H0402_D8_280C10p_att00_Rq0_01339,2021-10-17 13:41:02,726854,28.00,,
H0402_D8_280C10p_att00_Rq0,H0402_D8_280C10p_att00_Rq0_01340,2021-10-17 13:41:08,732937,28.00,,
H0402_D8_280C10p_att00_Rq0,H0402_D8_280C10p_att00_Rq0_01341,2021-10-17 13:41:15,726103,28.00,,
H0402_D8_280C10p_att00_Rq0,H0402_D8_280C10p_att00_Rq0_01342,2021-10-17 13:41:21,723131,28.00,,
H0402_D8_280C10p_att00_Rq0,H0402_D8_280C10p_att00_Rq0_01343,2021-10-17 13:41:27,725976,28.00,,
H0402_D8_280C10p_att00_Rq0,H0402_D8_280C10p_att00_Rq0_01344,2021-10-17 13:41:33,724881,28.00,,
H0402_D8_280C10p_att00_Rq0,H0402_D8_280C10p_att00_Rq0_01345,2021-10-17 13:41:38,721526,28.00,,
H0402_D8_280C10p_att00_Rq0,H0402_D8_280C10p_att00_Rq0_01346,2021-10-17 13:41:44,723762,28.00,,
H0402_D8_280C10p_att00_Rq0,H0402_D8_280C10p_att00_Rq0_01347,2021-10-17 13:41:50,725123,28.00,,
H0402_D8_280C10p_att00_Rq0,H0402_D8_280C10p_att00_Rq0_01348,2021-10-17 13:41:55,728720,28.00,,
H0402_D8_280C10p_att00_Rq0,H0402_D8_280C10p_att00_Rq0_01349,2021-10-17 13:42:01,721996,28.00,,
H0402_D8_280C10p_att00_Rq0,H0402_D8_280C10p_att00_Rq0_01350,2021-10-17 13:42:07,721928,28.00,,
H0402_D8_280C10p_att00_Rq0,H0402_D8_280C10p_att00_Rq0_01351,2021-10-17 13:42:12,723965,28.00,,
H0402_D8_280C10p_att00_Rq0,H0402_D8_280C10p_att00_Rq0_01352,2021-10-17 13:42:21,727640,28.00,,
H0402_D8_280C10p_att00_Rq0,H0402_D8_280C10p_att00_Rq0_01353,2021-10-17 13:42:27,721806,28.00,,
H0402_D8_280C10p_att00_Rq0,H0402_D8_280C10p_att00_Rq0_01354,2021-10-17 13:42:33,725763,28.00,,
H0402_D8_280C10p_att00_Rq0,H0402_D8_280C10p_att00_Rq0_01355,2021-10-17 13:42:38,727268,28.00,,
H0402_D8_280C10p_att00_Rq0,H0402_D8_280C10p_att00_Rq0_01356,2021-10-17 13:42:45,727405,28.00,,
H0402_D8_280C10p_att00_Rq0,H0402_D8_280C10p_att00_Rq0_01357,2021-10-17 13:42:51,730812,28.00,,
H0402_D8_280C10p_att00_Rq0,H0402_D8_280C10p_att00_Rq0_01358,2021-10-17 13:42:57,727074,28.00,,
H0402_D8_280C10p_att00_Rq0,H0402_D8_280C10p_att00_Rq0_01359,2021-10-17 13:43:03,727479,28.00,,
H0402_D8_280C10p_att00_Rq0,H0402_D8_280C10p_att00_Rq0_01360,2021-10-17 13:43:08,729383,28.00,,
H0402_D8_280C10p_att00_Rq0,H0402_D8_280C10p_att00_Rq0_01361,2021-10-17 13:43:16,731743,28.00,,
H0402_D8_280C10p_att00_Rq0,H0402_D8_280C10p_att00_Rq0_01362,2021-10-17 13:43:22,731825,28.00,,
H0402_D8_280C10p_att00_Rq0,H0402_D8_280C10p_att00_Rq0_01363,2021-10-17 13:43:27,726939,28.00,,
H0402_D8_280C10p_att00_Rq0,H0402_D8_280C10p_att00_Rq0_01364,2021-10-17 13:43:33,726862,28.00,,
H0402_D8_280C10p_att00_Rq0,H0402_D8_280C10p_att00_Rq0_01365,2021-10-17 13:43:39,723049,28.00,,
H0402_D8_280C10p_att00_Rq0,H0402_D8_280C10p_att00_Rq0_01366,2021-10-17 13:43:44,727209,28.00,,
H0402_D8_280C10p_att00_Rq0,H0402_D8_280C10p_att00_Rq0_01367,2021-10-17 13:43:50,733890,28.00,,
H0402_D8_280C10p_att00_Rq0,H0402_D8_280C10p_att00_Rq0_01368,2021-10-17 13:43:56,726854,28.00,,
H0402_D8_280C10p_att00_Rq0,H0402_D8_280C10p_att00_Rq0_01369,2021-10-17 13:44:01,726979,28.00,,
H0402_D8_280C10p_att00_Rq0,H0402_D8_280C10p_att00_Rq0_01370,2021-10-17 13:44:07,726130,28.00,,
H0402_D8_280C10p_att00_Rq0,H0402_D8_280C10p_att00_Rq0_01371,2021-10-17 13:44:13,726438,28.00,,
H0402_D8_280C10p_att00_Rq0,H0402_D8_280C10p_att00_Rq0_01372,2021-10-17 13:44:18,722653,28.00,,
H0402_D8_280C10p_att00_Rq0,H0402_D8_280C10p_att00_Rq0_01373,2021-10-17 13:44:24,726035,28.00,,
H0402_D8_280C10p_att00_Rq0,H0402_D8_280C10p_att00_Rq0_01374,2021-10-17 13:44:30,726759,28.00,,
H0402_D8_280C10p_att00_Rq0,H0402_D8_280C10p_att00_Rq0_01375,2021-10-17 13:44:35,728474,28.00,,
H0402_D8_280C10p_att00_Rq0,H0402_D8_280C10p_att00_Rq0_01376,2021-10-17 13:44:41,729229,28.00,,
H0402_D8_280C10p_att00_Rq0,H0402_D8_280C10p_att00_Rq0_01377,2021-10-17 13:44:46,750616,28.00,,
H0402_D8_280C10p_att00_Rq0,H0402_D8_280C10p_att00_Rq0_01378,2021-10-17 13:44:52,728475,28.00,,
H0402_D8_280C10p_att00_Rq0,H0402_D8_280C10p_att00_Rq0_01379,2021-10-17 13:44:58,729617,28.00,,
H0402_D8_280C10p_att00_Rq0,H0402_D8_280C10p_att00_Rq0_01380,2021-10-17 13:45:03,726451,28.00,,
H0402_D8_280C10p_att00_Rq0,H0402_D8_280C10p_att00_Rq0_01381,2021-10-17 13:45:12,731793,28.00,,
H0402_D8_280C10p_att00_Rq0,H0402_D8_280C10p_att00_Rq0_01382,2021-10-17 13:45:17,736157,28.00,,
H0402_D8_280C10p_att00_Rq0,H0402_D8_280C10p_att00_Rq0_01383,2021-10-17 13:45:23,728318,28.00,,
H0402_D8_280C10p_att00_Rq0,H0402_D8_280C10p_att00_Rq0_01384,2021-10-17 13:45:29,724725,28.00,,
H0402_D8_280C10p_att00_Rq0,H0402_D8_280C10p_att00_Rq0_01385,2021-10-17 13:45:34,725797,28.00,,
H0402_D8_280C10p_att00_Rq0,H0402_D8_280C10p_att00_Rq0_01386,2021-10-17 13:45:43,734657,28.00,,
H0402_D8_280C10p_att00_Rq0,H0402_D8_280C10p_att00_Rq0_01387,2021-10-17 13:45:49,728818,28.00,,
H0402_D8_280C10p_att00_Rq0,H0402_D8_280C10p_att00_Rq0_01388,2021-10-17 13:45:55,728142,28.00,,
H0402_D8_280C10p_att00_Rq0,H0402_D8_280C10p_att00_Rq0_01389,2021-10-17 13:46:00,728224,28.00,,
H0402_D8_280C10p_att00_Rq0,H0402_D8_280C10p_att00_Rq0_01390,2021-10-17 13:46:08,725019,28.00,,
H0402_D8_280C10p_att00_Rq0,H0402_D8_280C10p_att00_Rq0_01391,2021-10-17 13:46:14,726728,28.00,,
H0402_D8_280C10p_att00_Rq0,H0402_D8_280C10p_att00_Rq0_01392,2021-10-17 13:46:19,727765,28.00,,
H0402_D8_280C10p_att00_Rq0,H0402_D8_280C10p_att00_Rq0_01393,2021-10-17 13:46:25,731298,28.00,,
H0402_D8_280C10p_att00_Rq0,H0402_D8_280C10p_att00_Rq0_01394,2021-10-17 13:46:31,728378,28.00,,
H0402_D8_280C10p_att00_Rq0,H0402_D8_280C10p_att00_Rq0_01395,2021-10-17 13:46:37,728596,28.00,,
H0402_D8_280C10p_att00_Rq0,H0402_D8_280C10p_att00_Rq0_01396,2021-10-17 13:46:42,728833,28.00,,
H0402_D8_280C10p_att00_Rq0,H0402_D8_280C10p_att00_Rq0_01397,2021-10-17 13:46:48,731618,28.00,,
H0402_D8_280C10p_att00_Rq0,H0402_D8_280C10p_att00_Rq0_01398,2021-10-17 13:46:54,731487,28.00,,
H0402_D8_280C10p_att00_Rq0,H0402_D8_280C10p_att00_Rq0_01399,2021-10-17 13:46:59,730504,28.00,,
H0402_D8_280C10p_att00_Rq0,H0402_D8_280C10p_att00_Rq0_01400,2021-10-17 13:47:05,727870,28.00,,
H0402_D8_280C10p_att00_Rq0,H0402_D8_280C10p_att00_Rq0_01401,2021-10-17 13:47:13,739307,28.00,,
H0402_D8_280C10p_att00_Rq0,H0402_D8_280C10p_att00_Rq0_01402,2021-10-17 13:47:23,739133,28.00,,
H0402_D8_280C10p_att00_Rq0,H0402_D8_280C10p_att00_Rq0_01403,2021-10-17 13:47:29,727365,28.00,,
H0402_D8_280C10p_att00_Rq0,H0402_D8_280C10p_att00_Rq0_01404,2021-10-17 13:47:34,729790,28.00,,
H0402_D8_280C10p_att00_Rq0,H0402_D8_280C10p_att00_Rq0_01405,2021-10-17 13:47:40,730555,28.00,,
H0402_D8_280C10p_att00_Rq0,H0402_D8_280C10p_att00_Rq0_01406,2021-10-17 13:47:48,732145,28.00,,
H0402_D8_280C10p_att00_Rq0,H0402_D8_280C10p_att00_Rq0_01407,2021-10-17 13:47:54,726844,28.00,,
H0402_D8_280C10p_att00_Rq0,H0402_D8_280C10p_att00_Rq0_01408,2021-10-17 13:48:00,727282,28.00,,
H0402_D8_280C10p_att00_Rq0,H0402_D8_280C10p_att00_Rq0_01409,2021-10-17 13:48:05,726526,28.00,,
H0402_D8_280C10p_att00_Rq0,H0402_D8_280C10p_att00_Rq0_01410,2021-10-17 13:48:11,729667,28.00,,
H0402_D8_280C10p_att00_Rq0,H0402_D8_280C10p_att00_Rq0_01411,2021-10-17 13:48:17,726475,28.00,,
H0402_D8_280C10p_att00_Rq0,H0402_D8_280C10p_att00_Rq0_01412,2021-10-17 13:48:22,729737,28.00,,
H0402_D8_280C10p_att00_Rq0,H0402_D8_280C10p_att00_Rq0_01413,2021-10-17 13:48:28,724292,28.00,,
H0402_D8_280C10p_att00_Rq0,H0402_D8_280C10p_att00_Rq0_01414,2021-10-17 13:48:34,733191,28.00,,
H0402_D8_280C10p_att00_Rq0,H0402_D8_280C10p_att00_Rq0_01415,2021-10-17 13:48:39,736068,28.00,,
H0402_D8_280C10p_att00_Rq0,H0402_D8_280C10p_att00_Rq0_01416,2021-10-17 13:48:45,733546,28.00,,
H0402_D8_280C10p_att00_Rq0,H0402_D8_280C10p_att00_Rq0_01417,2021-10-17 13:48:50,732626,28.00,,
H0402_D8_280C10p_att00_Rq0,H0402_D8_280C10p_att00_Rq0_01418,2021-10-17 13:49:00,736652,28.00,,
H0402_D8_280C10p_att00_Rq0,H0402_D8_280C10p_att00_Rq0_01419,2021-10-17 13:49:06,732826,28.00,,
H0402_D8_280C10p_att00_Rq0,H0402_D8_280C10p_att00_Rq0_01420,2021-10-17 13:49:12,730778,28.00,,
H0402_D8_280C10p_att00_Rq0,H0402_D8_280C10p_att00_Rq0_01421,2021-10-17 13:49:20,730951,28.00,,
H0402_D8_280C10p_att00_Rq0,H0402_D8_280C10p_att00_Rq0_01422,2021-10-17 13:49:25,728845,28.00,,
H0402_D8_280C10p_att00_Rq0,H0402_D8_280C10p_att00_Rq0_01423,2021-10-17 13:49:31,731644,28.00,,
H0402_D8_280C10p_att00_Rq0,H0402_D8_280C10p_att00_Rq0_01424,2021-10-17 13:49:36,732056,28.00,,
H0402_D8_280C10p_att00_Rq0,H0402_D8_280C10p_att00_Rq0_01425,2021-10-17 13:49:42,738980,28.00,,
H0402_D8_280C10p_att00_Rq0,H0402_D8_280C10p_att00_Rq0_01426,2021-10-17 13:49:48,725784,28.00,,
H0402_D8_280C10p_att00_Rq0,H0402_D8_280C10p_att00_Rq0_01427,2021-10-17 13:49:53,729220,28.00,,
H0402_D8_280C10p_att00_Rq0,H0402_D8_280C10p_att00_Rq0_01428,2021-10-17 13:49:59,731322,28.00,,
H0402_D8_280C10p_att00_Rq0,H0402_D8_280C10p_att00_Rq0_01429,2021-10-17 13:50:04,735374,28.00,,
H0402_D8_280C10p_att00_Rq0,H0402_D8_280C10p_att00_Rq0_01430,2021-10-17 13:50:10,734635,28.00,,
H0402_D8_280C10p_att00_Rq0,H0402_D8_280C10p_att00_Rq0_01431,2021-10-17 13:50:16,728266,28.00,,
H0402_D8_280C10p_att00_Rq0,H0402_D8_280C10p_att00_Rq0_01432,2021-10-17 13:50:21,731049,28.00,,
H0402_D8_280C10p_att00_Rq0,H0402_D8_280C10p_att00_Rq0_01433,2021-10-17 13:50:27,733097,28.00,,
H0402_D8_280C10p_att00_Rq0,H0402_D8_280C10p_att00_Rq0_01434,2021-10-17 13:50:33,728725,28.00,,
H0402_D8_280C10p_att00_Rq0,H0402_D8_280C10p_att00_Rq0_01435,2021-10-17 13:50:38,727708,28.00,,
H0402_D8_280C10p_att00_Rq0,H0402_D8_280C10p_att00_Rq0_01436,2021-10-17 13:50:44,739584,28.00,,
H0402_D8_280C10p_att00_Rq0,H0402_D8_280C10p_att00_Rq0_01437,2021-10-17 13:50:50,731566,28.00,,
H0402_D8_280C10p_att00_Rq0,H0402_D8_280C10p_att00_Rq0_01438,2021-10-17 13:50:56,718620,28.00,,
H0402_D8_280C10p_att00_Rq0,H0402_D8_280C10p_att00_Rq0_01439,2021-10-17 13:51:02,759162,28.00,,
H0402_D8_280C10p_att00_Rq0,H0402_D8_280C10p_att00_Rq0_01440,2021-10-17 13:51:08,792579,28.00,,
H0402_D8_280C10p_att00_Rq0,H0402_D8_280C10p_att00_Rq0_01441,2021-10-17 13:51:16,849839,28.00,,
H0402_D8_280C10p_att00_Rq0,H0402_D8_280C10p_att00_Rq0_01442,2021-10-17 13:51:21,884822,28.00,,
H0402_D8_280C10p_att00_Rq0,H0402_D8_280C10p_att00_Rq0_01443,2021-10-17 13:51:27,882118,28.00,,
H0402_D8_280C10p_att00_Rq0,H0402_D8_280C10p_att00_Rq0_01444,2021-10-17 13:51:33,878980,28.00,,
H0402_D8_280C10p_att00_Rq0,H0402_D8_280C10p_att00_Rq0_01445,2021-10-17 13:51:39,883409,28.00,,
H0402_D8_280C10p_att00_Rq0,H0402_D8_280C10p_att00_Rq0_01446,2021-10-17 13:51:44,882080,28.00,,
H0402_D8_280C10p_att00_Rq0,H0402_D8_280C10p_att00_Rq0_01447,2021-10-17 13:51:50,884265,28.00,,
H0402_D8_280C10p_att00_Rq0,H0402_D8_280C10p_att00_Rq0_01448,2021-10-17 13:51:55,884373,28.00,,
H0402_D8_280C10p_att00_Rq0,H0402_D8_280C10p_att00_Rq0_01449,2021-10-17 13:52:01,883752,28.00,,
H0402_D8_280C10p_att00_Rq0,H0402_D8_280C10p_att00_Rq0_01450,2021-10-17 13:52:07,883952,28.00,,
H0402_D8_280C10p_att00_Rq0,H0402_D8_280C10p_att00_Rq0_01451,2021-10-17 13:52:12,884695,28.00,,
H0402_D8_280C10p_att00_Rq0,H0402_D8_280C10p_att00_Rq0_01452,2021-10-17 13:52:18,881609,28.00,,
H0402_D8_280C10p_att00_Rq0,H0402_D8_280C10p_att00_Rq0_01453,2021-10-17 13:52:23,890036,28.00,,
H0402_D8_280C10p_att00_Rq0,H0402_D8_280C10p_att00_Rq0_01454,2021-10-17 13:52:29,888512,28.00,,
H0402_D8_280C10p_att00_Rq0,H0402_D8_280C10p_att00_Rq0_01455,2021-10-17 13:52:35,886503,28.00,,
H0402_D8_280C10p_att00_Rq0,H0402_D8_280C10p_att00_Rq0_01456,2021-10-17 13:52:41,896695,28.00,,
H0402_D8_280C10p_att00_Rq0,H0402_D8_280C10p_att00_Rq0_01457,2021-10-17 13:52:47,889724,28.00,,
H0402_D8_280C10p_att00_Rq0,H0402_D8_280C10p_att00_Rq0_01458,2021-10-17 13:52:52,896925,28.00,,
H0402_D8_280C10p_att00_Rq0,H0402_D8_280C10p_att00_Rq0_01459,2021-10-17 13:52:58,888212,28.00,,
H0402_D8_280C10p_att00_Rq0,H0402_D8_280C10p_att00_Rq0_01460,2021-10-17 13:53:04,881223,28.00,,
H0402_D8_280C10p_att00_Rq0,H0402_D8_280C10p_att00_Rq0_01461,2021-10-17 13:53:12,886876,28.00,,
H0402_D8_280C10p_att00_Rq0,H0402_D8_280C10p_att00_Rq0_01462,2021-10-17 13:53:17,886891,28.00,,
H0402_D8_280C10p_att00_Rq0,H0402_D8_280C10p_att00_Rq0_01463,2021-10-17 13:53:23,885619,28.00,,
H0402_D8_280C10p_att00_Rq0,H0402_D8_280C10p_att00_Rq0_01464,2021-10-17 13:53:29,882669,28.00,,
H0402_D8_280C10p_att00_Rq0,H0402_D8_280C10p_att00_Rq0_01465,2021-10-17 13:53:35,882507,28.00,,
H0402_D8_280C10p_att00_Rq0,H0402_D8_280C10p_att00_Rq0_01466,2021-10-17 13:53:40,885471,28.00,,
H0402_D8_280C10p_att00_Rq0,H0402_D8_280C10p_att00_Rq0_01467,2021-10-17 13:53:46,894353,28.00,,
H0402_D8_280C10p_att00_Rq0,H0402_D8_280C10p_att00_Rq0_01468,2021-10-17 13:53:52,887457,28.00,,
H0402_D8_280C10p_att00_Rq0,H0402_D8_280C10p_att00_Rq0_01469,2021-10-17 13:53:58,886852,28.00,,
H0402_D8_280C10p_att00_Rq0,H0402_D8_280C10p_att00_Rq0_01470,2021-10-17 13:54:03,890828,28.00,,
H0402_D8_280C10p_att00_Rq0,H0402_D8_280C10p_att00_Rq0_01471,2021-10-17 13:54:09,882230,28.00,,
H0402_D8_280C10p_att00_Rq0,H0402_D8_280C10p_att00_Rq0_01472,2021-10-17 13:54:15,890717,28.00,,
H0402_D8_280C10p_att00_Rq0,H0402_D8_280C10p_att00_Rq0_01473,2021-10-17 13:54:20,883268,28.00,,
H0402_D8_280C10p_att00_Rq0,H0402_D8_280C10p_att00_Rq0_01474,2021-10-17 13:54:26,882322,28.00,,
H0402_D8_280C10p_att00_Rq0,H0402_D8_280C10p_att00_Rq0_01475,2021-10-17 13:54:32,895343,28.00,,
H0402_D8_280C10p_att00_Rq0,H0402_D8_280C10p_att00_Rq0_01476,2021-10-17 13:54:37,887832,28.00,,
H0402_D8_280C10p_att00_Rq0,H0402_D8_280C10p_att00_Rq0_01477,2021-10-17 13:54:43,887480,28.00,,
H0402_D8_280C10p_att00_Rq0,H0402_D8_280C10p_att00_Rq0_01478,2021-10-17 13:54:48,883350,28.00,,
H0402_D8_280C10p_att00_Rq0,H0402_D8_280C10p_att00_Rq0_01479,2021-10-17 13:54:54,884452,28.00,,
H0402_D8_280C10p_att00_Rq0,H0402_D8_280C10p_att00_Rq0_01480,2021-10-17 13:55:00,887472,28.00,,
H0402_D8_280C10p_att00_Rq0,H0402_D8_280C10p_att00_Rq0_01481,2021-10-17 13:55:08,887450,28.00,,
H0402_D8_280C10p_att00_Rq0,H0402_D8_280C10p_att00_Rq0_01482,2021-10-17 13:55:13,887109,28.00,,
H0402_D8_280C10p_att00_Rq0,H0402_D8_280C10p_att00_Rq0_01483,2021-10-17 13:55:19,882090,28.00,,
H0402_D8_280C10p_att00_Rq0,H0402_D8_280C10p_att00_Rq0_01484,2021-10-17 13:55:25,885596,28.00,,
H0402_D8_280C10p_att00_Rq0,H0402_D8_280C10p_att00_Rq0_01485,2021-10-17 13:55:30,886340,28.00,,
H0402_D8_280C10p_att00_Rq0,H0402_D8_280C10p_att00_Rq0_01486,2021-10-17 13:55:38,882318,28.00,,
H0402_D8_280C10p_att00_Rq0,H0402_D8_280C10p_att00_Rq0_01487,2021-10-17 13:55:43,888093,28.00,,
H0402_D8_280C10p_att00_Rq0,H0402_D8_280C10p_att00_Rq0_01488,2021-10-17 13:55:49,886493,28.00,,
H0402_D8_280C10p_att00_Rq0,H0402_D8_280C10p_att00_Rq0_01489,2021-10-17 13:55:55,885371,28.00,,
H0402_D8_280C10p_att00_Rq0,H0402_D8_280C10p_att00_Rq0_01490,2021-10-17 13:56:00,882784,28.00,,
H0402_D8_280C10p_att00_Rq0,H0402_D8_280C10p_att00_Rq0_01491,2021-10-17 13:56:06,885100,28.00,,
H0402_D8_280C10p_att00_Rq0,H0402_D8_280C10p_att00_Rq0_01492,2021-10-17 13:56:11,886211,28.00,,
H0402_D8_280C10p_att00_Rq0,H0402_D8_280C10p_att00_Rq0_01493,2021-10-17 13:56:17,881776,28.00,,
H0402_D8_280C10p_att00_Rq0,H0402_D8_280C10p_att00_Rq0_01494,2021-10-17 13:56:23,885838,28.00,,
H0402_D8_280C10p_att00_Rq0,H0402_D8_280C10p_att00_Rq0_01495,2021-10-17 13:56:28,882484,28.00,,
H0402_D8_280C10p_att00_Rq0,H0402_D8_280C10p_att00_Rq0_01496,2021-10-17 13:56:34,885364,28.00,,
H0402_D8_280C10p_att00_Rq0,H0402_D8_280C10p_att00_Rq0_01497,2021-10-17 13:56:39,885704,28.00,,
H0402_D8_280C10p_att00_Rq0,H0402_D8_280C10p_att00_Rq0_01498,2021-10-17 13:56:45,880545,28.00,,
H0402_D8_280C10p_att00_Rq0,H0402_D8_280C10p_att00_Rq0_01499,2021-10-17 13:56:51,888827,28.00,,
H0402_D8_280C10p_att00_Rq0,H0402_D8_280C10p_att00_Rq0_01500,2021-10-17 13:56:56,881744,28.00,,
H0402_D8_280C10p_att00_Rq0,H0402_D8_280C10p_att00_Rq0_01501,2021-10-17 13:57:04,884454,28.00,,
H0402_D8_280C10p_att00_Rq0,H0402_D8_280C10p_att00_Rq0_01502,2021-10-17 13:57:10,881626,28.00,,
H0402_D8_280C10p_att00_Rq0,H0402_D8_280C10p_att00_Rq0_01503,2021-10-17 13:57:18,885277,28.00,,
H0402_D8_280C10p_att00_Rq0,H0402_D8_280C10p_att00_Rq0_01504,2021-10-17 13:57:23,884093,28.00,,
H0402_D8_280C10p_att00_Rq0,H0402_D8_280C10p_att00_Rq0_01505,2021-10-17 13:57:29,886757,28.00,,
H0402_D8_280C10p_att00_Rq0,H0402_D8_280C10p_att00_Rq0_01506,2021-10-17 13:57:35,887381,28.00,,
H0402_D8_280C10p_att00_Rq0,H0402_D8_280C10p_att00_Rq0_01507,2021-10-17 13:57:40,884041,28.00,,
H0402_D8_280C10p_att00_Rq0,H0402_D8_280C10p_att00_Rq0_01508,2021-10-17 13:57:46,880871,28.00,,
H0402_D8_280C10p_att00_Rq0,H0402_D8_280C10p_att00_Rq0_01509,2021-10-17 13:57:51,879066,28.00,,
H0402_D8_280C10p_att00_Rq0,H0402_D8_280C10p_att00_Rq0_01510,2021-10-17 13:57:57,880851,28.00,,
H0402_D8_280C10p_att00_Rq0,H0402_D8_280C10p_att00_Rq0_01511,2021-10-17 13:58:03,883658,28.00,,
H0402_D8_280C10p_att00_Rq0,H0402_D8_280C10p_att00_Rq0_01512,2021-10-17 13:58:08,886484,28.00,,
H0402_D8_280C10p_att00_Rq0,H0402_D8_280C10p_att00_Rq0_01513,2021-10-17 13:58:14,883538,28.00,,
H0402_D8_280C10p_att00_Rq0,H0402_D8_280C10p_att00_Rq0_01514,2021-10-17 13:58:19,887317,28.00,,
H0402_D8_280C10p_att00_Rq0,H0402_D8_280C10p_att00_Rq0_01515,2021-10-17 13:58:25,884092,28.00,,
H0402_D8_280C10p_att00_Rq0,H0402_D8_280C10p_att00_Rq0_01516,2021-10-17 13:58:31,883586,28.00,,
H0402_D8_280C10p_att00_Rq0,H0402_D8_280C10p_att00_Rq0_01517,2021-10-17 13:58:36,893905,28.00,,
H0402_D8_280C10p_att00_Rq0,H0402_D8_280C10p_att00_Rq0_01518,2021-10-17 13:58:42,879462,28.00,,
H0402_D8_280C10p_att00_Rq0,H0402_D8_280C10p_att00_Rq0_01519,2021-10-17 13:58:47,883100,28.00,,
H0402_D8_280C10p_att00_Rq0,H0402_D8_280C10p_att00_Rq0_01520,2021-10-17 13:58:57,891630,28.00,,
H0402_D8_280C10p_att00_Rq0,H0402_D8_280C10p_att00_Rq0_01521,2021-10-17 13:59:05,878213,28.00,,
H0402_D8_280C10p_att00_Rq0,H0402_D8_280C10p_att00_Rq0_01522,2021-10-17 13:59:11,888781,28.00,,
H0402_D8_280C10p_att00_Rq0,H0402_D8_280C10p_att00_Rq0_01523,2021-10-17 13:59:16,877457,28.00,,
H0402_D8_280C10p_att00_Rq0,H0402_D8_280C10p_att00_Rq0_01524,2021-10-17 13:59:25,878079,28.00,,
H0402_D8_280C10p_att00_Rq0,H0402_D8_280C10p_att00_Rq0_01525,2021-10-17 13:59:31,877672,28.00,,
H0402_D8_280C10p_att00_Rq0,H0402_D8_280C10p_att00_Rq0_01526,2021-10-17 13:59:37,877635,28.00,,
H0402_D8_280C10p_att00_Rq0,H0402_D8_280C10p_att00_Rq0_01527,2021-10-17 13:59:42,882177,28.00,,
H0402_D8_280C10p_att00_Rq0,H0402_D8_280C10p_att00_Rq0_01528,2021-10-17 13:59:48,890705,28.00,,
H0402_D8_280C10p_att00_Rq0,H0402_D8_280C10p_att00_Rq0_01529,2021-10-17 13:59:53,880524,28.00,,
H0402_D8_280C10p_att00_Rq0,H0402_D8_280C10p_att00_Rq0_01530,2021-10-17 13:59:59,885205,28.00,,
H0402_D8_280C10p_att00_Rq0,H0402_D8_280C10p_att00_Rq0_01531,2021-10-17 14:00:05,880460,28.00,,
H0402_D8_280C10p_att00_Rq0,H0402_D8_280C10p_att00_Rq0_01532,2021-10-17 14:00:10,876307,28.00,,
H0402_D8_280C10p_att00_Rq0,H0402_D8_280C10p_att00_Rq0_01533,2021-10-17 14:00:16,876872,28.00,,
H0402_D8_280C10p_att00_Rq0,H0402_D8_280C10p_att00_Rq0_01534,2021-10-17 14:00:22,875998,28.00,,
H0402_D8_280C10p_att00_Rq0,H0402_D8_280C10p_att00_Rq0_01535,2021-10-17 14:00:27,886562,28.00,,
H0402_D8_280C10p_att00_Rq0,H0402_D8_280C10p_att00_Rq0_01536,2021-10-17 14:00:33,886675,28.00,,
H0402_D8_280C10p_att00_Rq0,H0402_D8_280C10p_att00_Rq0_01537,2021-10-17 14:00:38,880141,28.00,,
H0402_D8_280C10p_att00_Rq0,H0402_D8_280C10p_att00_Rq0_01538,2021-10-17 14:00:44,876125,28.00,,
H0402_D8_280C10p_att00_Rq0,H0402_D8_280C10p_att00_Rq0_01539,2021-10-17 14:00:50,882889,28.00,,
H0402_D8_280C10p_att00_Rq0,H0402_D8_280C10p_att00_Rq0_01540,2021-10-17 14:00:55,878326,28.00,,
H0402_D8_280C10p_att00_Rq0,H0402_D8_280C10p_att00_Rq0_01541,2021-10-17 14:01:05,881700,28.00,,
H0402_D8_280C10p_att00_Rq0,H0402_D8_280C10p_att00_Rq0_01542,2021-10-17 14:01:11,891334,28.00,,
H0402_D8_280C10p_att00_Rq0,H0402_D8_280C10p_att00_Rq0_01543,2021-10-17 14:01:16,877280,28.00,,
H0402_D8_280C10p_att00_Rq0,H0402_D8_280C10p_att00_Rq0_01544,2021-10-17 14:01:22,878161,28.00,,
H0402_D8_280C10p_att00_Rq0,H0402_D8_280C10p_att00_Rq0_01545,2021-10-17 14:01:28,881668,28.00,,
H0402_D8_280C10p_att00_Rq0,H0402_D8_280C10p_att00_Rq0_01546,2021-10-17 14:01:33,877758,28.00,,
H0402_D8_280C10p_att00_Rq0,H0402_D8_280C10p_att00_Rq0_01547,2021-10-17 14:01:39,881602,28.00,,
H0402_D8_280C10p_att00_Rq0,H0402_D8_280C10p_att00_Rq0_01548,2021-10-17 14:01:45,887853,28.00,,
H0402_D8_280C10p_att00_Rq0,H0402_D8_280C10p_att00_Rq0_01549,2021-10-17 14:01:50,882369,28.00,,
H0402_D8_280C10p_att00_Rq0,H0402_D8_280C10p_att00_Rq0_01550,2021-10-17 14:01:56,881637,28.00,,
H0402_D8_280C10p_att00_Rq0,H0402_D8_280C10p_att00_Rq0_01551,2021-10-17 14:02:02,880830,28.00,,
H0402_D8_280C10p_att00_Rq0,H0402_D8_280C10p_att00_Rq0_01552,2021-10-17 14:02:07,881603,28.00,,
H0402_D8_280C10p_att00_Rq0,H0402_D8_280C10p_att00_Rq0_01553,2021-10-17 14:02:13,877097,28.00,,
H0402_D8_280C10p_att00_Rq0,H0402_D8_280C10p_att00_Rq0_01554,2021-10-17 14:02:19,878281,28.00,,
H0402_D8_280C10p_att00_Rq0,H0402_D8_280C10p_att00_Rq0_01555,2021-10-17 14:02:25,877644,28.00,,
H0402_D8_280C10p_att00_Rq0,H0402_D8_280C10p_att00_Rq0_01556,2021-10-17 14:02:30,880977,28.00,,
H0402_D8_280C10p_att00_Rq0,H0402_D8_280C10p_att00_Rq0_01557,2021-10-17 14:02:36,876451,28.00,,
H0402_D8_280C10p_att00_Rq0,H0402_D8_280C10p_att00_Rq0_01558,2021-10-17 14:02:43,876589,28.00,,
H0402_D8_280C10p_att00_Rq0,H0402_D8_280C10p_att00_Rq0_01559,2021-10-17 14:02:49,880738,28.00,,
H0402_D8_280C10p_att00_Rq0,H0402_D8_280C10p_att00_Rq0_01560,2021-10-17 14:02:54,880580,28.00,,
H0402_D8_280C10p_att00_Rq0,H0402_D8_280C10p_att00_Rq0_01561,2021-10-17 14:03:02,883348,28.00,,
H0402_D8_280C10p_att00_Rq0,H0402_D8_280C10p_att00_Rq0_01562,2021-10-17 14:03:08,881567,28.00,,
H0402_D8_280C10p_att00_Rq0,H0402_D8_280C10p_att00_Rq0_01563,2021-10-17 14:03:13,880027,28.00,,
H0402_D8_280C10p_att00_Rq0,H0402_D8_280C10p_att00_Rq0_01564,2021-10-17 14:03:19,879896,28.00,,
H0402_D8_280C10p_att00_Rq0,H0402_D8_280C10p_att00_Rq0_01565,2021-10-17 14:03:25,876927,28.00,,
H0402_D8_280C10p_att00_Rq0,H0402_D8_280C10p_att00_Rq0_01566,2021-10-17 14:03:30,876115,28.00,,
H0402_D8_280C10p_att00_Rq0,H0402_D8_280C10p_att00_Rq0_01567,2021-10-17 14:03:36,881585,28.00,,
H0402_D8_280C10p_att00_Rq0,H0402_D8_280C10p_att00_Rq0_01568,2021-10-17 14:03:42,878966,28.00,,
H0402_D8_280C10p_att00_Rq0,H0402_D8_280C10p_att00_Rq0_01569,2021-10-17 14:03:47,878275,28.00,,
H0402_D8_280C10p_att00_Rq0,H0402_D8_280C10p_att00_Rq0_01570,2021-10-17 14:03:53,880344,28.00,,
H0402_D8_280C10p_att00_Rq0,H0402_D8_280C10p_att00_Rq0_01571,2021-10-17 14:03:59,888129,28.00,,
H0402_D8_280C10p_att00_Rq0,H0402_D8_280C10p_att00_Rq0_01572,2021-10-17 14:04:05,886836,28.00,,
H0402_D8_280C10p_att00_Rq0,H0402_D8_280C10p_att00_Rq0_01573,2021-10-17 14:04:10,887800,28.00,,
H0402_D8_280C10p_att00_Rq0,H0402_D8_280C10p_att00_Rq0_01574,2021-10-17 14:04:16,886359,28.00,,
H0402_D8_280C10p_att00_Rq0,H0402_D8_280C10p_att00_Rq0_01575,2021-10-17 14:04:22,877819,28.00,,
H0402_D8_280C10p_att00_Rq0,H0402_D8_280C10p_att00_Rq0_01576,2021-10-17 14:04:27,880762,28.00,,
H0402_D8_280C10p_att00_Rq0,H0402_D8_280C10p_att00_Rq0_01577,2021-10-17 14:04:33,874451,28.00,,
H0402_D8_280C10p_att00_Rq0,H0402_D8_280C10p_att00_Rq0_01578,2021-10-17 14:04:39,874256,28.00,,
H0402_D8_280C10p_att00_Rq0,H0402_D8_280C10p_att00_Rq0_01579,2021-10-17 14:04:44,874538,28.00,,
H0402_D8_280C10p_att00_Rq0,H0402_D8_280C10p_att00_Rq0_01580,2021-10-17 14:04:50,891029,28.00,,
H0402_D8_280C10p_att00_Rq0,H0402_D8_280C10p_att00_Rq0_01581,2021-10-17 14:05:00,880034,28.00,,
H0402_D8_280C10p_att00_Rq0,H0402_D8_280C10p_att00_Rq0_01582,2021-10-17 14:05:06,880073,28.00,,
H0402_D8_280C10p_att00_Rq0,H0402_D8_280C10p_att00_Rq0_01583,2021-10-17 14:05:12,876098,28.00,,
H0402_D8_280C10p_att00_Rq0,H0402_D8_280C10p_att00_Rq0_01584,2021-10-17 14:05:18,889211,28.00,,
H0402_D8_280C10p_att00_Rq0,H0402_D8_280C10p_att00_Rq0_01585,2021-10-17 14:05:23,879993,28.00,,
H0402_D8_280C10p_att00_Rq0,H0402_D8_280C10p_att00_Rq0_01586,2021-10-17 14:05:29,1166197,28.00,,
H0402_D8_280C10p_att00_Rq0,H0402_D8_280C10p_att00_Rq0_01587,2021-10-17 14:05:35,877376,28.00,,
H0402_D8_280C10p_att00_Rq0,H0402_D8_280C10p_att00_Rq0_01588,2021-10-17 14:05:41,888951,28.00,,
H0402_D8_280C10p_att00_Rq0,H0402_D8_280C10p_att00_Rq0_01589,2021-10-17 14:05:46,876194,28.00,,
H0402_D8_280C10p_att00_Rq0,H0402_D8_280C10p_att00_Rq0_01590,2021-10-17 14:05:52,875993,28.00,,
H0402_D8_280C10p_att00_Rq0,H0402_D8_280C10p_att00_Rq0_01591,2021-10-17 14:05:58,879783,28.00,,
H0402_D8_280C10p_att00_Rq0,H0402_D8_280C10p_att00_Rq0_01592,2021-10-17 14:06:03,874634,28.00,,
H0402_D8_280C10p_att00_Rq0,H0402_D8_280C10p_att00_Rq0_01593,2021-10-17 14:06:09,877765,28.00,,
H0402_D8_280C10p_att00_Rq0,H0402_D8_280C10p_att00_Rq0_01594,2021-10-17 14:06:14,876192,28.00,,
H0402_D8_280C10p_att00_Rq0,H0402_D8_280C10p_att00_Rq0_01595,2021-10-17 14:06:20,882613,28.00,,
H0402_D8_280C10p_att00_Rq0,H0402_D8_280C10p_att00_Rq0_01596,2021-10-17 14:06:26,878042,28.00,,
H0402_D8_280C10p_att00_Rq0,H0402_D8_280C10p_att00_Rq0_01597,2021-10-17 14:06:31,876149,28.00,,
H0402_D8_280C10p_att00_Rq0,H0402_D8_280C10p_att00_Rq0_01598,2021-10-17 14:06:37,874631,28.00,,
H0402_D8_280C10p_att00_Rq0,H0402_D8_280C10p_att00_Rq0_01599,2021-10-17 14:06:43,877729,28.00,,
H0402_D8_280C10p_att00_Rq0,H0402_D8_280C10p_att00_Rq0_01600,2021-10-17 14:06:48,884180,28.00,,
H0402_D8_280C10p_att00_Rq0,H0402_D8_280C10p_att00_Rq0_01601,2021-10-17 14:06:56,880343,28.00,,
H0402_D8_280C10p_att00_Rq0,H0402_D8_280C10p_att00_Rq0_01602,2021-10-17 14:07:02,875952,28.00,,
H0402_D8_280C10p_att00_Rq0,H0402_D8_280C10p_att00_Rq0_01603,2021-10-17 14:07:08,884875,28.00,,
H0402_D8_280C10p_att00_Rq0,H0402_D8_280C10p_att00_Rq0_01604,2021-10-17 14:07:13,878690,28.00,,
H0402_D8_280C10p_att00_Rq0,H0402_D8_280C10p_att00_Rq0_01605,2021-10-17 14:07:22,876692,28.00,,
H0402_D8_280C10p_att00_Rq0,H0402_D8_280C10p_att00_Rq0_01606,2021-10-17 14:07:28,881078,28.00,,
H0402_D8_280C10p_att00_Rq0,H0402_D8_280C10p_att00_Rq0_01607,2021-10-17 14:07:33,880970,28.00,,
H0402_D8_280C10p_att00_Rq0,H0402_D8_280C10p_att00_Rq0_01608,2021-10-17 14:07:39,885912,28.00,,
H0402_D8_280C10p_att00_Rq0,H0402_D8_280C10p_att00_Rq0_01609,2021-10-17 14:07:47,878363,28.00,,
H0402_D8_280C10p_att00_Rq0,H0402_D8_280C10p_att00_Rq0_01610,2021-10-17 14:07:53,877715,28.00,,
H0402_D8_280C10p_att00_Rq0,H0402_D8_280C10p_att00_Rq0_01611,2021-10-17 14:07:59,880923,28.00,,
H0402_D8_280C10p_att00_Rq0,H0402_D8_280C10p_att00_Rq0_01612,2021-10-17 14:08:04,877064,28.00,,
H0402_D8_280C10p_att00_Rq0,H0402_D8_280C10p_att00_Rq0_01613,2021-10-17 14:08:10,887392,28.00,,
H0402_D8_280C10p_att00_Rq0,H0402_D8_280C10p_att00_Rq0_01614,2021-10-17 14:08:16,880181,28.00,,
H0402_D8_280C10p_att00_Rq0,H0402_D8_280C10p_att00_Rq0_01615,2021-10-17 14:08:21,884090,28.00,,
H0402_D8_280C10p_att00_Rq0,H0402_D8_280C10p_att00_Rq0_01616,2021-10-17 14:08:27,881269,28.00,,
H0402_D8_280C10p_att00_Rq0,H0402_D8_280C10p_att00_Rq0_01617,2021-10-17 14:08:33,883626,28.00,,
H0402_D8_280C10p_att00_Rq0,H0402_D8_280C10p_att00_Rq0_01618,2021-10-17 14:08:39,877498,28.00,,
H0402_D8_280C10p_att00_Rq0,H0402_D8_280C10p_att00_Rq0_01619,2021-10-17 14:08:44,872785,28.00,,
H0402_D8_280C10p_att00_Rq0,H0402_D8_280C10p_att00_Rq0_01620,2021-10-17 14:08:50,882018,28.00,,
H0402_D8_280C10p_att00_Rq0,H0402_D8_280C10p_att00_Rq0_01621,2021-10-17 14:08:58,886936,28.00,,
H0402_D8_280C10p_att00_Rq0,H0402_D8_280C10p_att00_Rq0_01622,2021-10-17 14:09:04,880102,28.00,,
H0402_D8_280C10p_att00_Rq0,H0402_D8_280C10p_att00_Rq0_01623,2021-10-17 14:09:09,883007,28.00,,
H0402_D8_280C10p_att00_Rq0,H0402_D8_280C10p_att00_Rq0_01624,2021-10-17 14:09:15,890209,28.00,,
H0402_D8_280C10p_att00_Rq0,H0402_D8_280C10p_att00_Rq0_01625,2021-10-17 14:09:20,882447,28.00,,
H0402_D8_280C10p_att00_Rq0,H0402_D8_280C10p_att00_Rq0_01626,2021-10-17 14:09:31,878968,28.00,,
H0402_D8_280C10p_att00_Rq0,H0402_D8_280C10p_att00_Rq0_01627,2021-10-17 14:09:37,879370,28.00,,
H0402_D8_280C10p_att00_Rq0,H0402_D8_280C10p_att00_Rq0_01628,2021-10-17 14:09:42,882269,28.00,,
H0402_D8_280C10p_att00_Rq0,H0402_D8_280C10p_att00_Rq0_01629,2021-10-17 14:09:48,893194,28.00,,
H0402_D8_280C10p_att00_Rq0,H0402_D8_280C10p_att00_Rq0_01630,2021-10-17 14:09:54,878805,28.00,,
H0402_D8_280C10p_att00_Rq0,H0402_D8_280C10p_att00_Rq0_01631,2021-10-17 14:09:59,881160,28.00,,
H0402_D8_280C10p_att00_Rq0,H0402_D8_280C10p_att00_Rq0_01632,2021-10-17 14:10:05,882345,28.00,,
H0402_D8_280C10p_att00_Rq0,H0402_D8_280C10p_att00_Rq0_01633,2021-10-17 14:10:11,885232,28.00,,
H0402_D8_280C10p_att00_Rq0,H0402_D8_280C10p_att00_Rq0_01634,2021-10-17 14:10:16,884363,28.00,,
H0402_D8_280C10p_att00_Rq0,H0402_D8_280C10p_att00_Rq0_01635,2021-10-17 14:10:22,882056,28.00,,
H0402_D8_280C10p_att00_Rq0,H0402_D8_280C10p_att00_Rq0_01636,2021-10-17 14:10:28,878796,28.00,,
H0402_D8_280C10p_att00_Rq0,H0402_D8_280C10p_att00_Rq0_01637,2021-10-17 14:10:33,876757,28.00,,
H0402_D8_280C10p_att00_Rq0,H0402_D8_280C10p_att00_Rq0_01638,2021-10-17 14:10:39,880779,28.00,,
H0402_D8_280C10p_att00_Rq0,H0402_D8_280C10p_att00_Rq0_01639,2021-10-17 14:10:45,873948,28.00,,
H0402_D8_280C10p_att00_Rq0,H0402_D8_280C10p_att00_Rq0_01640,2021-10-17 14:10:50,879028,28.00,,
H0402_D8_280C10p_att00_Rq0,H0402_D8_280C10p_att00_Rq0_01641,2021-10-17 14:10:58,884231,28.00,,
H0402_D8_280C10p_att00_Rq0,H0402_D8_280C10p_att00_Rq0_01642,2021-10-17 14:11:04,879820,28.00,,
H0402_D8_280C10p_att00_Rq0,H0402_D8_280C10p_att00_Rq0_01643,2021-10-17 14:11:10,888314,28.00,,
H0402_D8_280C10p_att00_Rq0,H0402_D8_280C10p_att00_Rq0_01644,2021-10-17 14:11:15,879414,28.00,,
H0402_D8_280C10p_att00_Rq0,H0402_D8_280C10p_att00_Rq0_01645,2021-10-17 14:11:21,882302,28.00,,
H0402_D8_280C10p_att00_Rq0,H0402_D8_280C10p_att00_Rq0_01646,2021-10-17 14:11:26,879347,28.00,,
H0402_D8_280C10p_att00_Rq0,H0402_D8_280C10p_att00_Rq0_01647,2021-10-17 14:11:32,883943,28.00,,
H0402_D8_280C10p_att00_Rq0,H0402_D8_280C10p_att00_Rq0_01648,2021-10-17 14:11:38,894455,28.00,,
H0402_D8_280C10p_att00_Rq0,H0402_D8_280C10p_att00_Rq0_01649,2021-10-17 14:11:43,888226,28.00,,
H0402_D8_280C10p_att00_Rq0,H0402_D8_280C10p_att00_Rq0_01650,2021-10-17 14:11:49,880089,28.00,,
H0402_D8_280C10p_att00_Rq0,H0402_D8_280C10p_att00_Rq0_01651,2021-10-17 14:11:55,883445,28.00,,
H0402_D8_280C10p_att00_Rq0,H0402_D8_280C10p_att00_Rq0_01652,2021-10-17 14:12:00,879248,28.00,,
H0402_D8_280C10p_att00_Rq0,H0402_D8_280C10p_att00_Rq0_01653,2021-10-17 14:12:06,882931,28.00,,
H0402_D8_280C10p_att00_Rq0,H0402_D8_280C10p_att00_Rq0_01654,2021-10-17 14:12:11,882723,28.00,,
H0402_D8_280C10p_att00_Rq0,H0402_D8_280C10p_att00_Rq0_01655,2021-10-17 14:12:17,881334,28.00,,
H0402_D8_280C10p_att00_Rq0,H0402_D8_280C10p_att00_Rq0_01656,2021-10-17 14:12:23,879545,28.00,,
H0402_D8_280C10p_att00_Rq0,H0402_D8_280C10p_att00_Rq0_01657,2021-10-17 14:12:28,886258,28.00,,
H0402_D8_280C10p_att00_Rq0,H0402_D8_280C10p_att00_Rq0_01658,2021-10-17 14:12:34,882026,28.00,,
H0402_D8_280C10p_att00_Rq0,H0402_D8_280C10p_att00_Rq0_01659,2021-10-17 14:12:39,881779,28.00,,
H0402_D8_280C10p_att00_Rq0,H0402_D8_280C10p_att00_Rq0_01660,2021-10-17 14:12:45,875347,28.00,,
H0402_D8_280C10p_att00_Rq0,H0402_D8_280C10p_att00_Rq0_01661,2021-10-17 14:12:53,885196,28.00,,
H0402_D8_280C10p_att00_Rq0,H0402_D8_280C10p_att00_Rq0_01662,2021-10-17 14:12:59,881035,28.00,,
H0402_D8_280C10p_att00_Rq0,H0402_D8_280C10p_att00_Rq0_01663,2021-10-17 14:13:05,880361,28.00,,
H0402_D8_280C10p_att00_Rq0,H0402_D8_280C10p_att00_Rq0_01664,2021-10-17 14:13:10,880057,28.00,,
H0402_D8_280C10p_att00_Rq0,H0402_D8_280C10p_att00_Rq0_01665,2021-10-17 14:13:16,884243,28.00,,
H0402_D8_280C10p_att00_Rq0,H0402_D8_280C10p_att00_Rq0_01666,2021-10-17 14:13:22,884510,28.00,,
H0402_D8_280C10p_att00_Rq0,H0402_D8_280C10p_att00_Rq0_01667,2021-10-17 14:13:27,884146,28.00,,
H0402_D8_280C10p_att00_Rq0,H0402_D8_280C10p_att00_Rq0_01668,2021-10-17 14:13:33,885143,28.00,,
H0402_D8_280C10p_att00_Rq0,H0402_D8_280C10p_att00_Rq0_01669,2021-10-17 14:13:39,884915,28.00,,
H0402_D8_280C10p_att00_Rq0,H0402_D8_280C10p_att00_Rq0_01670,2021-10-17 14:13:44,887922,28.00,,
H0402_D8_280C10p_att00_Rq0,H0402_D8_280C10p_att00_Rq0_01671,2021-10-17 14:13:50,884095,28.00,,
H0402_D8_280C10p_att00_Rq0,H0402_D8_280C10p_att00_Rq0_01672,2021-10-17 14:13:56,880410,28.00,,
H0402_D8_280C10p_att00_Rq0,H0402_D8_280C10p_att00_Rq0_01673,2021-10-17 14:14:01,884523,28.00,,
H0402_D8_280C10p_att00_Rq0,H0402_D8_280C10p_att00_Rq0_01674,2021-10-17 14:14:07,879973,28.00,,
H0402_D8_280C10p_att00_Rq0,H0402_D8_280C10p_att00_Rq0_01675,2021-10-17 14:14:13,880707,28.00,,
H0402_D8_280C10p_att00_Rq0,H0402_D8_280C10p_att00_Rq0_01676,2021-10-17 14:14:18,888619,28.00,,
H0402_D8_280C10p_att00_Rq0,H0402_D8_280C10p_att00_Rq0_01677,2021-10-17 14:14:24,885929,28.00,,
H0402_D8_280C10p_att00_Rq0,H0402_D8_280C10p_att00_Rq0_01678,2021-10-17 14:14:29,879428,28.00,,
H0402_D8_280C10p_att00_Rq0,H0402_D8_280C10p_att00_Rq0_01679,2021-10-17 14:14:35,887472,28.00,,
H0402_D8_280C10p_att00_Rq0,H0402_D8_280C10p_att00_Rq0_01680,2021-10-17 14:14:41,879887,28.00,,
H0402_D8_280C10p_att00_Rq0,H0402_D8_280C10p_att00_Rq0_01681,2021-10-17 14:14:49,886065,28.00,,
H0402_D8_280C10p_att00_Rq0,H0402_D8_280C10p_att00_Rq0_01682,2021-10-17 14:14:55,885430,28.00,,
H0402_D8_280C10p_att00_Rq0,H0402_D8_280C10p_att00_Rq0_01683,2021-10-17 14:15:00,885583,28.00,,
H0402_D8_280C10p_att00_Rq0,H0402_D8_280C10p_att00_Rq0_01684,2021-10-17 14:15:06,885386,28.00,,
H0402_D8_280C10p_att00_Rq0,H0402_D8_280C10p_att00_Rq0_01685,2021-10-17 14:15:11,880675,28.00,,
H0402_D8_280C10p_att00_Rq0,H0402_D8_280C10p_att00_Rq0_01686,2021-10-17 14:15:17,887187,28.00,,
H0402_D8_280C10p_att00_Rq0,H0402_D8_280C10p_att00_Rq0_01687,2021-10-17 14:15:23,881430,28.00,,
H0402_D8_280C10p_att00_Rq0,H0402_D8_280C10p_att00_Rq0_01688,2021-10-17 14:15:28,884240,28.00,,
H0402_D8_280C10p_att00_Rq0,H0402_D8_280C10p_att00_Rq0_01689,2021-10-17 14:15:34,884333,28.00,,
H0402_D8_280C10p_att00_Rq0,H0402_D8_280C10p_att00_Rq0_01690,2021-10-17 14:15:40,881159,28.00,,
H0402_D8_280C10p_att00_Rq0,H0402_D8_280C10p_att00_Rq0_01691,2021-10-17 14:15:46,884426,28.00,,
H0402_D8_280C10p_att00_Rq0,H0402_D8_280C10p_att00_Rq0_01692,2021-10-17 14:15:51,880885,28.00,,
H0402_D8_280C10p_att00_Rq0,H0402_D8_280C10p_att00_Rq0_01693,2021-10-17 14:15:57,891558,28.00,,
H0402_D8_280C10p_att00_Rq0,H0402_D8_280C10p_att00_Rq0_01694,2021-10-17 14:16:03,883489,28.00,,
H0402_D8_280C10p_att00_Rq0,H0402_D8_280C10p_att00_Rq0_01695,2021-10-17 14:16:08,879839,28.00,,
H0402_D8_280C10p_att00_Rq0,H0402_D8_280C10p_att00_Rq0_01696,2021-10-17 14:16:14,892713,28.00,,
H0402_D8_280C10p_att00_Rq0,H0402_D8_280C10p_att00_Rq0_01697,2021-10-17 14:16:20,886903,28.00,,
H0402_D8_280C10p_att00_Rq0,H0402_D8_280C10p_att00_Rq0_01698,2021-10-17 14:16:25,888222,28.00,,
H0402_D8_280C10p_att00_Rq0,H0402_D8_280C10p_att00_Rq0_01699,2021-10-17 14:16:31,888803,28.00,,
H0402_D8_280C10p_att00_Rq0,H0402_D8_280C10p_att00_Rq0_01700,2021-10-17 14:16:37,882588,28.00,,
H0402_D8_280C10p_att00_Rq0,H0402_D8_280C10p_att00_Rq0_01701,2021-10-17 14:16:44,884822,28.00,,
H0402_D8_280C10p_att00_Rq0,H0402_D8_280C10p_att00_Rq0_01702,2021-10-17 14:16:50,884559,28.00,,
H0402_D8_280C10p_att00_Rq0,H0402_D8_280C10p_att00_Rq0_01703,2021-10-17 14:16:56,889309,28.00,,
H0402_D8_280C10p_att00_Rq0,H0402_D8_280C10p_att00_Rq0_01704,2021-10-17 14:17:01,885874,28.00,,
H0402_D8_280C10p_att00_Rq0,H0402_D8_280C10p_att00_Rq0_01705,2021-10-17 14:17:07,882620,28.00,,
H0402_D8_280C10p_att00_Rq0,H0402_D8_280C10p_att00_Rq0_01706,2021-10-17 14:17:13,885414,28.00,,
H0402_D8_280C10p_att00_Rq0,H0402_D8_280C10p_att00_Rq0_01707,2021-10-17 14:17:18,885432,28.00,,
H0402_D8_280C10p_att00_Rq0,H0402_D8_280C10p_att00_Rq0_01708,2021-10-17 14:17:27,884554,28.00,,
H0402_D8_280C10p_att00_Rq0,H0402_D8_280C10p_att00_Rq0_01709,2021-10-17 14:17:33,884870,28.00,,
H0402_D8_280C10p_att00_Rq0,H0402_D8_280C10p_att00_Rq0_01710,2021-10-17 14:17:39,884576,28.00,,
H0402_D8_280C10p_att00_Rq0,H0402_D8_280C10p_att00_Rq0_01711,2021-10-17 14:17:44,882434,28.00,,
H0402_D8_280C10p_att00_Rq0,H0402_D8_280C10p_att00_Rq0_01712,2021-10-17 14:17:51,884318,28.00,,
H0402_D8_280C10p_att00_Rq0,H0402_D8_280C10p_att00_Rq0_01713,2021-10-17 14:17:56,884311,28.00,,
H0402_D8_280C10p_att00_Rq0,H0402_D8_280C10p_att00_Rq0_01714,2021-10-17 14:18:02,879599,28.00,,
H0402_D8_280C10p_att00_Rq0,H0402_D8_280C10p_att00_Rq0_01715,2021-10-17 14:18:08,883933,28.00,,
H0402_D8_280C10p_att00_Rq0,H0402_D8_280C10p_att00_Rq0_01716,2021-10-17 14:18:13,888130,28.00,,
H0402_D8_280C10p_att00_Rq0,H0402_D8_280C10p_att00_Rq0_01717,2021-10-17 14:18:19,883582,28.00,,
H0402_D8_280C10p_att00_Rq0,H0402_D8_280C10p_att00_Rq0_01718,2021-10-17 14:18:25,882989,28.00,,
H0402_D8_280C10p_att00_Rq0,H0402_D8_280C10p_att00_Rq0_01719,2021-10-17 14:18:30,882977,28.00,,
H0402_D8_280C10p_att00_Rq0,H0402_D8_280C10p_att00_Rq0_01720,2021-10-17 14:18:36,882514,28.00,,
H0402_D8_280C10p_att00_Rq0,H0402_D8_280C10p_att00_Rq0_01721,2021-10-17 14:18:44,887921,28.00,,
H0402_D8_280C10p_att00_Rq0,H0402_D8_280C10p_att00_Rq0_01722,2021-10-17 14:18:49,882973,28.00,,
H0402_D8_280C10p_att00_Rq0,H0402_D8_280C10p_att00_Rq0_01723,2021-10-17 14:18:55,881307,28.00,,
H0402_D8_280C10p_att00_Rq0,H0402_D8_280C10p_att00_Rq0_01724,2021-10-17 14:19:01,886459,28.00,,
H0402_D8_280C10p_att00_Rq0,H0402_D8_280C10p_att00_Rq0_01725,2021-10-17 14:19:06,881361,28.00,,
H0402_D8_280C10p_att00_Rq0,H0402_D8_280C10p_att00_Rq0_01726,2021-10-17 14:19:12,885302,28.00,,
H0402_D8_280C10p_att00_Rq0,H0402_D8_280C10p_att00_Rq0_01727,2021-10-17 14:19:18,885433,28.00,,
H0402_D8_280C10p_att00_Rq0,H0402_D8_280C10p_att00_Rq0_01728,2021-10-17 14:19:23,880453,28.00,,
H0402_D8_280C10p_att00_Rq0,H0402_D8_280C10p_att00_Rq0_01729,2021-10-17 14:19:30,892059,28.00,,
H0402_D8_280C10p_att00_Rq0,H0402_D8_280C10p_att00_Rq0_01730,2021-10-17 14:19:35,880949,28.00,,
H0402_D8_280C10p_att00_Rq0,H0402_D8_280C10p_att00_Rq0_01731,2021-10-17 14:19:41,884388,28.00,,
H0402_D8_280C10p_att00_Rq0,H0402_D8_280C10p_att00_Rq0_01732,2021-10-17 14:19:47,888821,28.00,,
H0402_D8_280C10p_att00_Rq0,H0402_D8_280C10p_att00_Rq0_01733,2021-10-17 14:19:52,879587,28.00,,
H0402_D8_280C10p_att00_Rq0,H0402_D8_280C10p_att00_Rq0_01734,2021-10-17 14:19:58,883937,28.00,,
H0402_D8_280C10p_att00_Rq0,H0402_D8_280C10p_att00_Rq0_01735,2021-10-17 14:20:04,884825,28.00,,
H0402_D8_280C10p_att00_Rq0,H0402_D8_280C10p_att00_Rq0_01736,2021-10-17 14:20:09,883741,28.00,,
H0402_D8_280C10p_att00_Rq0,H0402_D8_280C10p_att00_Rq0_01737,2021-10-17 14:20:15,882683,28.00,,
H0402_D8_280C10p_att00_Rq0,H0402_D8_280C10p_att00_Rq0_01738,2021-10-17 14:20:21,882908,28.00,,
H0402_D8_280C10p_att00_Rq0,H0402_D8_280C10p_att00_Rq0_01739,2021-10-17 14:20:26,881680,28.00,,
H0402_D8_280C10p_att00_Rq0,H0402_D8_280C10p_att00_Rq0_01740,2021-10-17 14:20:32,886911,28.00,,
H0402_D8_280C10p_att00_Rq0,H0402_D8_280C10p_att00_Rq0_01741,2021-10-17 14:20:40,881822,28.00,,
H0402_D8_280C10p_att00_Rq0,H0402_D8_280C10p_att00_Rq0_01742,2021-10-17 14:20:48,885678,28.00,,
H0402_D8_280C10p_att00_Rq0,H0402_D8_280C10p_att00_Rq0_01743,2021-10-17 14:20:54,889032,28.00,,
H0402_D8_280C10p_att00_Rq0,H0402_D8_280C10p_att00_Rq0_01744,2021-10-17 14:20:59,885039,28.00,,
H0402_D8_280C10p_att00_Rq0,H0402_D8_280C10p_att00_Rq0_01745,,,,,metadata read failed: time data 'None' does not match format '%a %b %d %H:%M:%S %Y'
H0402_D8_280C10p_att00_Rq0,H0402_D8_280C10p_att00_Rq0_01746,2021-10-17 14:21:12,881027,28.00,,
H0402_D8_280C10p_att00_Rq0,H0402_D8_280C10p_att00_Rq0_01747,2021-10-17 14:21:17,892719,28.00,,
H0402_D8_280C10p_att00_Rq0,H0402_D8_280C10p_att00_Rq0_01748,2021-10-17 14:21:23,884941,28.00,,
H0402_D8_280C10p_att00_Rq0,H0402_D8_280C10p_att00_Rq0_01749,2021-10-17 14:21:29,880578,28.00,,
H0402_D8_280C10p_att00_Rq0,H0402_D8_280C10p_att00_Rq0_01750,2021-10-17 14:21:34,880475,28.00,,
H0402_D8_280C10p_att00_Rq0,H0402_D8_280C10p_att00_Rq0_01751,2021-10-17 14:21:40,952113,28.00,,
H0402_D8_280C10p_att00_Rq0,H0402_D8_280C10p_att00_Rq0_01752,2021-10-17 14:21:46,883381,28.00,,
H0402_D8_280C10p_att00_Rq0,H0402_D8_280C10p_att00_Rq0_01753,2021-10-17 14:21:51,884681,28.00,,
H0402_D8_280C10p_att00_Rq0,H0402_D8_280C10p_att00_Rq0_01754,2021-10-17 14:21:57,888054,28.00,,
H0402_D8_280C10p_att00_Rq0,H0402_D8_280C10p_att00_Rq0_01755,2021-10-17 14:22:03,884221,28.00,,
H0402_D8_280C10p_att00_Rq0,H0402_D8_280C10p_att00_Rq0_01756,2021-10-17 14:22:08,880340,28.00,,
H0402_D8_280C10p_att00_Rq0,H0402_D8_280C10p_att00_Rq0_01757,2021-10-17 14:22:14,890428,28.00,,
H0402_D8_280C10p_att00_Rq0,H0402_D8_280C10p_att00_Rq0_01758,2021-10-17 14:22:20,883106,28.00,,
H0402_D8_280C10p_att00_Rq0,H0402_D8_280C10p_att00_Rq0_01759,2021-10-17 14:22:25,883739,28.00,,
H0402_D8_280C10p_att00_Rq0,H0402_D8_280C10p_att00_Rq0_01760,2021-10-17 14:22:31,884441,28.00,,
H0402_D8_280C10p_att00_Rq0,H0402_D8_280C10p_att00_Rq0_01761,2021-10-17 14:22:39,887490,28.00,,
H0402_D8_280C10p_att00_Rq0,H0402_D8_280C10p_att00_Rq0_01762,2021-10-17 14:22:45,880540,28.00,,
H0402_D8_280C10p_att00_Rq0,H0402_D8_280C10p_att00_Rq0_01763,2021-10-17 14:22:51,887525,28.00,,
H0402_D8_280C10p_att00_Rq0,H0402_D8_280C10p_att00_Rq0_01764,2021-10-17 14:22:56,879719,28.00,,
H0402_D8_280C10p_att00_Rq0,H0402_D8_280C10p_att00_Rq0_01765,2021-10-17 14:23:02,882767,28.00,,
H0402_D8_280C10p_att00_Rq0,H0402_D8_280C10p_att00_Rq0_01766,2021-10-17 14:23:07,879804,28.00,,
H0402_D8_280C10p_att00_Rq0,H0402_D8_280C10p_att00_Rq0_01767,2021-10-17 14:23:13,886107,28.00,,
H0402_D8_280C10p_att00_Rq0,H0402_D8_280C10p_att00_Rq0_01768,2021-10-17 14:23:19,882756,28.00,,
H0402_D8_280C10p_att00_Rq0,H0402_D8_280C10p_att00_Rq0_01769,2021-10-17 14:23:24,878794,28.00,,
H0402_D8_280C10p_att00_Rq0,H0402_D8_280C10p_att00_Rq0_01770,2021-10-17 14:23:30,879476,28.00,,
H0402_D8_280C10p_att00_Rq0,H0402_D8_280C10p_att00_Rq0_01771,2021-10-17 14:23:36,878881,28.00,,
H0402_D8_280C10p_att00_Rq0,H0402_D8_280C10p_att00_Rq0_01772,2021-10-17 14:23:41,882344,28.00,,
H0402_D8_280C10p_att00_Rq0,H0402_D8_280C10p_att00_Rq0_01773,2021-10-17 14:23:47,882041,28.00,,
H0402_D8_280C10p_att00_Rq0,H0402_D8_280C10p_att00_Rq0_01774,2021-10-17 14:23:53,1039451,28.00,,
H0402_D8_280C10p_att00_Rq0,H0402_D8_280C10p_att00_Rq0_01775,2021-10-17 14:23:59,886909,28.00,,
H0402_D8_280C10p_att00_Rq0,H0402_D8_280C10p_att00_Rq0_01776,2021-10-17 14:24:05,891175,28.00,,
H0402_D8_280C10p_att00_Rq0,H0402_D8_280C10p_att00_Rq0_01777,2021-10-17 14:24:10,886631,28.00,,
H0402_D8_280C10p_att00_Rq0,H0402_D8_280C10p_att00_Rq0_01778,2021-10-17 14:24:16,881943,28.00,,
H0402_D8_280C10p_att00_Rq0,H0402_D8_280C10p_att00_Rq0_01779,2021-10-17 14:24:22,880644,28.00,,
H0402_D8_280C10p_att00_Rq0,H0402_D8_280C10p_att00_Rq0_01780,2021-10-17 14:24:30,881672,28.00,,
H0402_D8_280C10p_att00_Rq0,H0402_D8_280C10p_att00_Rq0_01781,2021-10-17 14:24:38,882965,28.00,,
H0402_D8_280C10p_att00_Rq0,H0402_D8_280C10p_att00_Rq0_01782,2021-10-17 14:24:44,880384,28.00,,
H0402_D8_280C10p_att00_Rq0,H0402_D8_280C10p_att00_Rq0_01783,2021-10-17 14:24:49,883374,28.00,,
H0402_D8_280C10p_att00_Rq0,H0402_D8_280C10p_att00_Rq0_01784,2021-10-17 14:24:55,880286,28.00,,
H0402_D8_280C10p_att00_Rq0,H0402_D8_280C10p_att00_Rq0_01785,2021-10-17 14:25:01,893068,28.00,,
H0402_D8_280C10p_att00_Rq0,H0402_D8_280C10p_att00_Rq0_01786,2021-10-17 14:25:06,880608,28.00,,
H0402_D8_280C10p_att00_Rq0,H0402_D8_280C10p_att00_Rq0_01787,2021-10-17 14:25:12,879223,28.00,,
H0402_D8_280C10p_att00_Rq0,H0402_D8_280C10p_att00_Rq0_01788,2021-10-17 14:25:18,883148,28.00,,
H0402_D8_280C10p_att00_Rq0,H0402_D8_280C10p_att00_Rq0_01789,2021-10-17 14:25:24,890068,28.00,,
H0402_D8_280C10p_att00_Rq0,H0402_D8_280C10p_att00_Rq0_01790,2021-10-17 14:25:29,882428,28.00,,
H0402_D8_280C10p_att00_Rq0,H0402_D8_280C10p_att00_Rq0_01791,2021-10-17 14:25:35,882563,28.00,,
H0402_D8_280C10p_att00_Rq0,H0402_D8_280C10p_att00_Rq0_01792,2021-10-17 14:25:44,885456,28.00,,
H0402_D8_280C10p_att00_Rq0,H0402_D8_280C10p_att00_Rq0_01793,2021-10-17 14:25:49,879630,28.00,,
H0402_D8_280C10p_att00_Rq0,H0402_D8_280C10p_att00_Rq0_01794,2021-10-17 14:25:55,879078,28.00,,
H0402_D8_280C10p_att00_Rq0,H0402_D8_280C10p_att00_Rq0_01795,2021-10-17 14:26:00,878805,28.00,,
H0402_D8_280C10p_att00_Rq0,H0402_D8_280C10p_att00_Rq0_01796,2021-10-17 14:26:11,882523,28.00,,
H0402_D8_280C10p_att00_Rq0,H0402_D8_280C10p_att00_Rq0_01797,2021-10-17 14:26:17,882138,28.00,,
H0402_D8_280C10p_att00_Rq0,H0402_D8_280C10p_att00_Rq0_01798,2021-10-17 14:26:23,878093,28.00,,
H0402_D8_280C10p_att00_Rq0,H0402_D8_280C10p_att00_Rq0_01799,2021-10-17 14:26:28,1182983,28.00,,
H0402_D8_280C10p_att00_Rq0,H0402_D8_280C10p_att00_Rq0_01800,2021-10-17 14:26:35,883761,28.00,,
H0402_D8_280C10p_att00_Rq0,H0402_D8_280C10p_att00_Rq0_01801,2021-10-17 14:26:43,886931,28.00,,
H0402_D8_280C10p_att00_Rq0,H0402_D8_280C10p_att00_Rq0_01802,2021-10-17 14:26:49,1143464,28.00,,
H0402_D8_280C10p_att00_Rq0,H0402_D8_280C10p_att00_Rq0_01803,2021-10-17 14:26:55,891580,28.00,,
H0402_D8_280C10p_att00_Rq0,H0402_D8_280C10p_att00_Rq0_01804,2021-10-17 14:27:01,878641,28.00,,
H0402_D8_280C10p_att00_Rq0,H0402_D8_280C10p_att00_Rq0_01805,2021-10-17 14:27:07,879665,28.00,,
H0402_D8_280C10p_att00_Rq0,H0402_D8_280C10p_att00_Rq0_01806,2021-10-17 14:27:12,880102,28.00,,
H0402_D8_280C10p_att00_Rq0,H0402_D8_280C10p_att00_Rq0_01807,2021-10-17 14:27:18,882605,28.00,,
H0402_D8_280C10p_att00_Rq0,H0402_D8_280C10p_att00_Rq0_01808,2021-10-17 14:27:24,885182,28.00,,
H0402_D8_280C10p_att00_Rq0,H0402_D8_280C10p_att00_Rq0_01809,2021-10-17 14:27:30,888520,28.00,,
H0402_D8_280C10p_att00_Rq0,H0402_D8_280C10p_att00_Rq0_01810,2021-10-17 14:27:36,889140,28.00,,
H0402_D8_280C10p_att00_Rq0,H0402_D8_280C10p_att00_Rq0_01811,2021-10-17 14:27:42,1141153,28.00,,
H0402_D8_280C10p_att00_Rq0,H0402_D8_280C10p_att00_Rq0_01812,2021-10-17 14:27:48,879107,28.00,,
H0402_D8_280C10p_att00_Rq0,H0402_D8_280C10p_att00_Rq0_01813,2021-10-17 14:27:53,881451,28.00,,
H0402_D8_280C10p_att00_Rq0,H0402_D8_280C10p_att00_Rq0_01814,2021-10-17 14:27:59,882370,28.00,,
H0402_D8_280C10p_att00_Rq0,H0402_D8_280C10p_att00_Rq0_01815,2021-10-17 14:28:05,877181,28.00,,
H0402_D8_280C10p_att00_Rq0,H0402_D8_280C10p_att00_Rq0_01816,2021-10-17 14:28:10,880654,28.00,,
H0402_D8_280C10p_att00_Rq0,H0402_D8_280C10p_att00_Rq0_01817,2021-10-17 14:28:16,889526,28.00,,
H0402_D8_280C10p_att00_Rq0,H0402_D8_280C10p_att00_Rq0_01818,2021-10-17 14:28:22,877664,28.00,,
H0402_D8_280C10p_att00_Rq0,H0402_D8_280C10p_att00_Rq0_01819,2021-10-17 14:28:27,886903,28.00,,
H0402_D8_280C10p_att00_Rq0,H0402_D8_280C10p_att00_Rq0_01820,2021-10-17 14:28:33,881560,28.00,,
H0402_D8_280C10p_att00_Rq0,H0402_D8_280C10p_att00_Rq0_01821,2021-10-17 14:28:41,882482,28.00,,
H0402_D8_280C10p_att00_Rq0,H0402_D8_280C10p_att00_Rq0_01822,2021-10-17 14:28:47,883641,28.00,,
H0402_D8_280C10p_att00_Rq0,H0402_D8_280C10p_att00_Rq0_01823,2021-10-17 14:28:52,883561,28.00,,
H0402_D8_280C10p_att00_Rq0,H0402_D8_280C10p_att00_Rq0_01824,2021-10-17 14:28:58,883002,28.00,,
H0402_D8_280C10p_att00_Rq0,H0402_D8_280C10p_att00_Rq0_01825,2021-10-17 14:29:06,882601,28.00,,
H0402_D8_280C10p_att00_Rq0,H0402_D8_280C10p_att00_Rq0_01826,2021-10-17 14:29:11,882423,28.00,,
H0402_D8_280C10p_att00_Rq0,H0402_D8_280C10p_att00_Rq0_01827,2021-10-17 14:29:17,882337,28.00,,
H0402_D8_280C10p_att00_Rq0,H0402_D8_280C10p_att00_Rq0_01828,2021-10-17 14:29:23,878745,28.00,,
H0402_D8_280C10p_att00_Rq0,H0402_D8_280C10p_att00_Rq0_01829,2021-10-17 14:29:28,885477,28.00,,
H0402_D8_280C10p_att00_Rq0,H0402_D8_280C10p_att00_Rq0_01830,2021-10-17 14:29:34,878716,28.00,,
H0402_D8_280C10p_att00_Rq0,H0402_D8_280C10p_att00_Rq0_01831,2021-10-17 14:29:40,878756,28.00,,
H0402_D8_280C10p_att00_Rq0,H0402_D8_280C10p_att00_Rq0_01832,2021-10-17 14:29:46,882085,28.00,,
H0402_D8_280C10p_att00_Rq0,H0402_D8_280C10p_att00_Rq0_01833,2021-10-17 14:29:51,882698,28.00,,
H0402_D8_280C10p_att00_Rq0,H0402_D8_280C10p_att00_Rq0_01834,2021-10-17 14:29:57,887795,28.00,,
H0402_D8_280C10p_att00_Rq0,H0402_D8_280C10p_att00_Rq0_01835,2021-10-17 14:30:03,877476,28.00,,
H0402_D8_280C10p_att00_Rq0,H0402_D8_280C10p_att00_Rq0_01836,2021-10-17 14:30:08,878295,28.00,,
H0402_D8_280C10p_att00_Rq0,H0402_D8_280C10p_att00_Rq0_01837,2021-10-17 14:30:14,885839,28.00,,
H0402_D8_280C10p_att00_Rq0,H0402_D8_280C10p_att00_Rq0_01838,2021-10-17 14:30:19,882181,28.00,,
H0402_D8_280C10p_att00_Rq0,H0402_D8_280C10p_att00_Rq0_01839,2021-10-17 14:30:25,884525,28.00,,
H0402_D8_280C10p_att00_Rq0,H0402_D8_280C10p_att00_Rq0_01840,2021-10-17 14:30:31,880986,28.00,,
H0402_D8_280C10p_att00_Rq0,H0402_D8_280C10p_att00_Rq0_01841,2021-10-17 14:30:39,890045,28.00,,
H0402_D8_280C10p_att00_Rq0,H0402_D8_280C10p_att00_Rq0_01842,2021-10-17 14:30:44,873334,28.00,,
H0402_D8_280C10p_att00_Rq0,H0402_D8_280C10p_att00_Rq0_01843,2021-10-17 14:30:50,884449,28.00,,
H0402_D8_280C10p_att00_Rq0,H0402_D8_280C10p_att00_Rq0_01844,2021-10-17 14:30:55,883993,28.00,,
H0402_D8_280C10p_att00_Rq0,H0402_D8_280C10p_att00_Rq0_01845,2021-10-17 14:31:01,888151,28.00,,
H0402_D8_280C10p_att00_Rq0,H0402_D8_280C10p_att00_Rq0_01846,2021-10-17 14:31:11,892750,28.00,,
H0402_D8_280C10p_att00_Rq0,H0402_D8_280C10p_att00_Rq0_01847,2021-10-17 14:31:16,883109,28.00,,
H0402_D8_280C10p_att00_Rq0,H0402_D8_280C10p_att00_Rq0_01848,2021-10-17 14:31:22,878866,28.00,,
H0402_D8_280C10p_att00_Rq0,H0402_D8_280C10p_att00_Rq0_01849,2021-10-17 14:31:27,880361,28.00,,
H0402_D8_280C10p_att00_Rq0,H0402_D8_280C10p_att00_Rq0_01850,2021-10-17 14:31:33,883065,28.00,,
H0402_D8_280C10p_att00_Rq0,H0402_D8_280C10p_att00_Rq0_01851,2021-10-17 14:31:39,882790,28.00,,
H0402_D8_280C10p_att00_Rq0,H0402_D8_280C10p_att00_Rq0_01852,2021-10-17 14:31:44,882028,28.00,,
H0402_D8_280C10p_att00_Rq0,H0402_D8_280C10p_att00_Rq0_01853,2021-10-17 14:31:50,879062,28.00,,
H0402_D8_280C10p_att00_Rq0,H0402_D8_280C10p_att00_Rq0_01854,2021-10-17 14:31:55,879638,28.00,,
H0402_D8_280C10p_att00_Rq0,H0402_D8_280C10p_att00_Rq0_01855,2021-10-17 14:32:01,882801,28.00,,
H0402_D8_280C10p_att00_Rq0,H0402_D8_280C10p_att00_Rq0_01856,2021-10-17 14:32:07,882114,28.00,,
H0402_D8_280C10p_att00_Rq0,H0402_D8_280C10p_att00_Rq0_01857,2021-10-17 14:32:12,878880,28.00,,
H0402_D8_280C10p_att00_Rq0,H0402_D8_280C10p_att00_Rq0_01858,2021-10-17 14:32:18,879264,28.00,,
H0402_D8_280C10p_att00_Rq0,H0402_D8_280C10p_att00_Rq0_01859,2021-10-17 14:32:24,878379,28.00,,
H0402_D8_280C10p_att00_Rq0,H0402_D8_280C10p_att00_Rq0_01860,2021-10-17 14:32:30,887200,28.00,,
H0402_D8_280C10p_att00_Rq0,H0402_D8_280C10p_att00_Rq0_01861,2021-10-17 14:32:38,881969,28.00,,
H0402_D8_280C10p_att00_Rq0,H0402_D8_280C10p_att00_Rq0_01862,2021-10-17 14:32:43,876628,28.00,,
H0402_D8_280C10p_att00_Rq0,H0402_D8_280C10p_att00_Rq0_01863,2021-10-17 14:32:51,885005,28.00,,
H0402_D8_280C10p_att00_Rq0,H0402_D8_280C10p_att00_Rq0_01864,2021-10-17 14:32:57,892815,28.00,,
H0402_D8_280C10p_att00_Rq0,H0402_D8_280C10p_att00_Rq0_01865,2021-10-17 14:33:03,887300,28.00,,
H0402_D8_280C10p_att00_Rq0,H0402_D8_280C10p_att00_Rq0_01866,2021-10-17 14:33:08,884007,28.00,,
H0402_D8_280C10p_att00_Rq0,H0402_D8_280C10p_att00_Rq0_01867,2021-10-17 14:33:14,884297,28.00,,
H0402_D8_280C10p_att00_Rq0,H0402_D8_280C10p_att00_Rq0_01868,2021-10-17 14:33:20,880003,28.00,,
H0402_D8_280C10p_att00_Rq0,H0402_D8_280C10p_att00_Rq0_01869,2021-10-17 14:33:25,880723,28.00,,
H0402_D8_280C10p_att00_Rq0,H0402_D8_280C10p_att00_Rq0_01870,2021-10-17 14:33:31,888930,28.00,,
H0402_D8_280C10p_att00_Rq0,H0402_D8_280C10p_att00_Rq0_01871,2021-10-17 14:33:37,880929,28.00,,
H0402_D8_280C10p_att00_Rq0,H0402_D8_280C10p_att00_Rq0_01872,2021-10-17 14:33:42,883012,28.00,,
H0402_D8_280C10p_att00_Rq0,H0402_D8_280C10p_att00_Rq0_01873,2021-10-17 14:33:48,879170,28.00,,
H0402_D8_280C10p_att00_Rq0,H0402_D8_280C10p_att00_Rq0_01874,2021-10-17 14:33:53,888204,28.00,,
H0402_D8_280C10p_att00_Rq0,H0402_D8_280C10p_att00_Rq0_01875,2021-10-17 14:33:59,880549,28.00,,
H0402_D8_280C10p_att00_Rq0,H0402_D8_280C10p_att00_Rq0_01876,2021-10-17 14:34:05,884796,28.00,,
H0402_D8_280C10p_att00_Rq0,H0402_D8_280C10p_att00_Rq0_01877,2021-10-17 14:34:11,887886,28.00,,
H0402_D8_280C10p_att00_Rq0,H0402_D8_280C10p_att00_Rq0_01878,2021-10-17 14:34:17,886494,28.00,,
H0402_D8_280C10p_att00_Rq0,H0402_D8_280C10p_att00_Rq0_01879,2021-10-17 14:34:22,887477,28.00,,
H0402_D8_280C10p_att00_Rq0,H0402_D8_280C10p_att00_Rq0_01880,2021-10-17 14:34:28,882979,28.00,,
H0402_D8_280C10p_att00_Rq0,H0402_D8_280C10p_att00_Rq0_01881,2021-10-17 14:34:36,883697,28.00,,
H0402_D8_280C10p_att00_Rq0,H0402_D8_280C10p_att00_Rq0_01882,2021-10-17 14:34:41,883252,28.00,,
H0402_D8_280C10p_att00_Rq0,H0402_D8_280C10p_att00_Rq0_01883,2021-10-17 14:34:47,883550,28.00,,
H0402_D8_280C10p_att00_Rq0,H0402_D8_280C10p_att00_Rq0_01884,2021-10-17 14:34:53,892933,28.00,,
H0402_D8_280C10p_att00_Rq0,H0402_D8_280C10p_att00_Rq0_01885,2021-10-17 14:34:58,1006193,28.00,,
H0402_D8_280C10p_att00_Rq0,H0402_D8_280C10p_att00_Rq0_01886,2021-10-17 14:35:04,883656,28.00,,
H0402_D8_280C10p_att00_Rq0,H0402_D8_280C10p_att00_Rq0_01887,2021-10-17 14:35:10,886410,28.00,,
H0402_D8_280C10p_att00_Rq0,H0402_D8_280C10p_att00_Rq0_01888,2021-10-17 14:35:15,884736,28.00,,
H0402_D8_280C10p_att00_Rq0,H0402_D8_280C10p_att00_Rq0_01889,2021-10-17 14:35:21,885802,28.00,,
H0402_D8_280C10p_att00_Rq0,H0402_D8_280C10p_att00_Rq0_01890,2021-10-17 14:35:27,887398,28.00,,
H0402_D8_280C10p_att00_Rq0,H0402_D8_280C10p_att00_Rq0_01891,2021-10-17 14:35:33,886232,28.00,,
H0402_D8_280C10p_att00_Rq0,H0402_D8_280C10p_att00_Rq0_01892,2021-10-17 14:35:38,886280,28.00,,
H0402_D8_280C10p_att00_Rq0,H0402_D8_280C10p_att00_Rq0_01893,2021-10-17 14:35:47,881987,28.00,,
H0402_D8_280C10p_att00_Rq0,H0402_D8_280C10p_att00_Rq0_01894,2021-10-17 14:35:52,882721,28.00,,
H0402_D8_280C10p_att00_Rq0,H0402_D8_280C10p_att00_Rq0_01895,2021-10-17 14:35:58,885828,28.00,,
H0402_D8_280C10p_att00_Rq0,H0402_D8_280C10p_att00_Rq0_01896,2021-10-17 14:36:03,881573,28.00,,
H0402_D8_280C10p_att00_Rq0,H0402_D8_280C10p_att00_Rq0_01897,2021-10-17 14:36:13,888218,28.00,,
H0402_D8_280C10p_att00_Rq0,H0402_D8_280C10p_att00_Rq0_01898,2021-10-17 14:36:19,881216,28.00,,
H0402_D8_280C10p_att00_Rq0,H0402_D8_280C10p_att00_Rq0_01899,2021-10-17 14:36:24,880143,28.00,,
H0402_D8_280C10p_att00_Rq0,H0402_D8_280C10p_att00_Rq0_01900,2021-10-17 14:36:30,886786,28.00,,
H0402_D8_280C10p_att00_Rq0,H0402_D8_280C10p_att00_Rq0_01901,2021-10-17 14:36:38,885011,28.00,,
H0402_D8_280C10p_att00_Rq0,H0402_D8_280C10p_att00_Rq0_01902,2021-10-17 14:36:43,881414,28.00,,
H0402_D8_280C10p_att00_Rq0,H0402_D8_280C10p_att00_Rq0_01903,2021-10-17 14:36:49,891049,28.00,,
H0402_D8_280C10p_att00_Rq0,H0402_D8_280C10p_att00_Rq0_01904,2021-10-17 14:36:55,886958,28.00,,
H0402_D8_280C10p_att00_Rq0,H0402_D8_280C10p_att00_Rq0_01905,2021-10-17 14:37:01,883519,28.00,,
H0402_D8_280C10p_att00_Rq0,H0402_D8_280C10p_att00_Rq0_01906,2021-10-17 14:37:06,888908,28.00,,
H0402_D8_280C10p_att00_Rq0,H0402_D8_280C10p_att00_Rq0_01907,2021-10-17 14:37:12,895142,28.00,,
H0402_D8_280C10p_att00_Rq0,H0402_D8_280C10p_att00_Rq0_01908,2021-10-17 14:37:18,888029,28.00,,
H0402_D8_280C10p_att00_Rq0,H0402_D8_280C10p_att00_Rq0_01909,2021-10-17 14:37:23,883513,28.00,,
H0402_D8_280C10p_att00_Rq0,H0402_D8_280C10p_att00_Rq0_01910,2021-10-17 14:37:29,886754,28.00,,
H0402_D8_280C10p_att00_Rq0,H0402_D8_280C10p_att00_Rq0_01911,2021-10-17 14:37:35,885771,28.00,,
H0402_D8_280C10p_att00_Rq0,H0402_D8_280C10p_att00_Rq0_01912,2021-10-17 14:37:40,894308,28.00,,
H0402_D8_280C10p_att00_Rq0,H0402_D8_280C10p_att00_Rq0_01913,2021-10-17 14:37:46,888313,28.00,,
H0402_D8_280C10p_att00_Rq0,H0402_D8_280C10p_att00_Rq0_01914,2021-10-17 14:37:52,882399,28.00,,
H0402_D8_280C10p_att00_Rq0,H0402_D8_280C10p_att00_Rq0_01915,2021-10-17 14:37:57,885461,28.00,,
H0402_D8_280C10p_att00_Rq0,H0402_D8_280C10p_att00_Rq0_01916,2021-10-17 14:38:03,1046208,28.00,,
H0402_D8_280C10p_att00_Rq0,H0402_D8_280C10p_att00_Rq0_01917,2021-10-17 14:38:09,886506,28.00,,
H0402_D8_280C10p_att00_Rq0,H0402_D8_280C10p_att00_Rq0_01918,2021-10-17 14:38:15,886252,28.00,,
H0402_D8_280C10p_att00_Rq0,H0402_D8_280C10p_att00_Rq0_01919,2021-10-17 14:38:21,882506,28.00,,
H0402_D8_280C10p_att00_Rq0,H0402_D8_280C10p_att00_Rq0_01920,2021-10-17 14:38:26,885811,28.00,,
H0402_D8_280C10p_att00_Rq0,H0402_D8_280C10p_att00_Rq0_01921,2021-10-17 14:38:34,888892,28.00,,
H0402_D8_280C10p_att00_Rq0,H0402_D8_280C10p_att00_Rq0_01922,2021-10-17 14:38:40,884523,28.00,,
H0402_D8_280C10p_att00_Rq0,H0402_D8_280C10p_att00_Rq0_01923,2021-10-17 14:38:45,879100,28.00,,
H0402_D8_280C10p_att00_Rq0,H0402_D8_280C10p_att00_Rq0_01924,2021-10-17 14:38:51,888294,28.00,,
H0402_D8_280C10p_att00_Rq0,H0402_D8_280C10p_att00_Rq0_01925,2021-10-17 14:38:56,883061,28.00,,
H0402_D8_280C10p_att00_Rq0,H0402_D8_280C10p_att00_Rq0_01926,2021-10-17 14:39:02,888185,28.00,,
H0402_D8_280C10p_att00_Rq0,H0402_D8_280C10p_att00_Rq0_01927,2021-10-17 14:39:10,883289,28.00,,
H0402_D8_280C10p_att00_Rq0,H0402_D8_280C10p_att00_Rq0_01928,2021-10-17 14:39:16,885904,28.00,,
H0402_D8_280C10p_att00_Rq0,H0402_D8_280C10p_att00_Rq0_01929,2021-10-17 14:39:22,883120,28.00,,
H0402_D8_280C10p_att00_Rq0,H0402_D8_280C10p_att00_Rq0_01930,2021-10-17 14:39:27,886727,28.00,,
H0402_D8_280C10p_att00_Rq0,H0402_D8_280C10p_att00_Rq0_01931,2021-10-17 14:39:34,882514,28.00,,
H0402_D8_280C10p_att00_Rq0,H0402_D8_280C10p_att00_Rq0_01932,2021-10-17 14:39:40,885997,28.00,,
H0402_D8_280C10p_att00_Rq0,H0402_D8_280C10p_att00_Rq0_01933,2021-10-17 14:39:45,882829,28.00,,
H0402_D8_280C10p_att00_Rq0,H0402_D8_280C10p_att00_Rq0_01934,2021-10-17 14:39:51,885385,28.00,,
H0402_D8_280C10p_att00_Rq0,H0402_D8_280C10p_att00_Rq0_01935,2021-10-17 14:39:57,897250,28.00,,
H0402_D8_280C10p_att00_Rq0,H0402_D8_280C10p_att00_Rq0_01936,2021-10-17 14:40:02,889658,28.00,,
H0402_D8_280C10p_att00_Rq0,H0402_D8_280C10p_att00_Rq0_01937,2021-10-17 14:40:08,881081,28.00,,
H0402_D8_280C10p_att00_Rq0,H0402_D8_280C10p_att00_Rq0_01938,2021-10-17 14:40:14,885959,28.00,,
H0402_D8_280C10p_att00_Rq0,H0402_D8_280C10p_att00_Rq0_01939,2021-10-17 14:40:19,885259,28.00,,
H0402_D8_280C10p_att00_Rq0,H0402_D8_280C10p_att00_Rq0_01940,2021-10-17 14:40:25,885836,28.00,,
H0402_D8_280C10p_att00_Rq0,H0402_D8_280C10p_att00_Rq0_01941,2021-10-17 14:40:33,886920,28.00,,
H0402_D8_280C10p_att00_Rq0,H0402_D8_280C10p_att00_Rq0_01942,2021-10-17 14:40:38,884959,28.00,,
H0402_D8_280C10p_att00_Rq0,H0402_D8_280C10p_att00_Rq0_01943,2021-10-17 14:40:45,886596,28.00,,
H0402_D8_280C10p_att00_Rq0,H0402_D8_280C10p_att00_Rq0_01944,2021-10-17 14:40:51,891656,28.00,,
H0402_D8_280C10p_att00_Rq0,H0402_D8_280C10p_att00_Rq0_01945,2021-10-17 14:40:57,884391,28.00,,
H0402_D8_280C10p_att00_Rq0,H0402_D8_280C10p_att00_Rq0_01946,2021-10-17 14:41:02,884375,28.00,,
H0402_D8_280C10p_att00_Rq0,H0402_D8_280C10p_att00_Rq0_01947,2021-10-17 14:41:08,887261,28.00,,
H0402_D8_280C10p_att00_Rq0,H0402_D8_280C10p_att00_Rq0_01948,2021-10-17 14:41:14,883072,28.00,,
H0402_D8_280C10p_att00_Rq0,H0402_D8_280C10p_att00_Rq0_01949,2021-10-17 14:41:20,886827,28.00,,
H0402_D8_280C10p_att00_Rq0,H0402_D8_280C10p_att00_Rq0_01950,2021-10-17 14:41:25,882712,28.00,,
H0402_D8_280C10p_att00_Rq0,H0402_D8_280C10p_att00_Rq0_01951,2021-10-17 14:41:31,884861,28.00,,
H0402_D8_280C10p_att00_Rq0,H0402_D8_280C10p_att00_Rq0_01952,2021-10-17 14:41:37,886587,28.00,,
H0402_D8_280C10p_att00_Rq0,H0402_D8_280C10p_att00_Rq0_01953,2021-10-17 14:41:42,886454,28.00,,
H0402_D8_280C10p_att00_Rq0,H0402_D8_280C10p_att00_Rq0_01954,2021-10-17 14:41:48,889925,28.00,,
H0402_D8_280C10p_att00_Rq0,H0402_D8_280C10p_att00_Rq0_01955,2021-10-17 14:41:54,885655,28.00,,
H0402_D8_280C10p_att00_Rq0,H0402_D8_280C10p_att00_Rq0_01956,2021-10-17 14:41:59,885609,28.00,,
H0402_D8_280C10p_att00_Rq0,H0402_D8_280C10p_att00_Rq0_01957,2021-10-17 14:42:05,887773,28.00,,
H0402_D8_280C10p_att00_Rq0,H0402_D8_280C10p_att00_Rq0_01958,2021-10-17 14:42:11,885192,28.00,,
H0402_D8_280C10p_att00_Rq0,H0402_D8_280C10p_att00_Rq0_01959,2021-10-17 14:42:16,884381,28.00,,
H0402_D8_280C10p_att00_Rq0,H0402_D8_280C10p_att00_Rq0_01960,2021-10-17 14:42:26,881174,28.00,,
H0402_D8_280C10p_att00_Rq0,H0402_D8_280C10p_att00_Rq0_01961,2021-10-17 14:42:34,887492,28.00,,
H0402_D8_280C10p_att00_Rq0,H0402_D8_280C10p_att00_Rq0_01962,2021-10-17 14:42:40,880529,28.00,,
H0402_D8_280C10p_att00_Rq0,H0402_D8_280C10p_att00_Rq0_01963,2021-10-17 14:42:45,878508,28.00,,
H0402_D8_280C10p_att00_Rq0,H0402_D8_280C10p_att00_Rq0_01964,2021-10-17 14:42:51,886221,28.00,,
H0402_D8_280C10p_att00_Rq0,H0402_D8_280C10p_att00_Rq0_01965,2021-10-17 14:42:57,892312,28.00,,
H0402_D8_280C10p_att00_Rq0,H0402_D8_280C10p_att00_Rq0_01966,2021-10-17 14:43:03,886191,28.00,,
H0402_D8_280C10p_att00_Rq0,H0402_D8_280C10p_att00_Rq0_01967,2021-10-17 14:43:08,888044,28.00,,
H0402_D8_280C10p_att00_Rq0,H0402_D8_280C10p_att00_Rq0_01968,2021-10-17 14:43:14,886850,28.00,,
H0402_D8_280C10p_att00_Rq0,H0402_D8_280C10p_att00_Rq0_01969,2021-10-17 14:43:20,1010068,28.00,,
H0402_D8_280C10p_att00_Rq0,H0402_D8_280C10p_att00_Rq0_01970,2021-10-17 14:43:26,882767,28.00,,
H0402_D8_280C10p_att00_Rq0,H0402_D8_280C10p_att00_Rq0_01971,2021-10-17 14:43:31,890205,28.00,,
H0402_D8_280C10p_att00_Rq0,H0402_D8_280C10p_att00_Rq0_01972,2021-10-17 14:43:37,886421,28.00,,
H0402_D8_280C10p_att00_Rq0,H0402_D8_280C10p_att00_Rq0_01973,2021-10-17 14:43:43,886541,28.00,,
H0402_D8_280C10p_att00_Rq0,H0402_D8_280C10p_att00_Rq0_01974,2021-10-17 14:43:48,881899,28.00,,
H0402_D8_280C10p_att00_Rq0,H0402_D8_280C10p_att00_Rq0_01975,2021-10-17 14:43:54,881795,28.00,,
H0402_D8_280C10p_att00_Rq0,H0402_D8_280C10p_att00_Rq0_01976,2021-10-17 14:44:00,887555,28.00,,
H0402_D8_280C10p_att00_Rq0,H0402_D8_280C10p_att00_Rq0_01977,2021-10-17 14:44:05,881803,28.00,,
H0402_D8_280C10p_att00_Rq0,H0402_D8_280C10p_att00_Rq0_01978,2021-10-17 14:44:11,906588,28.00,,
H0402_D8_280C10p_att00_Rq0,H0402_D8_280C10p_att00_Rq0_01979,2021-10-17 14:44:17,884530,28.00,,
H0402_D8_280C10p_att00_Rq0,H0402_D8_280C10p_att00_Rq0_01980,2021-10-17 14:44:23,886136,28.00,,
H0402_D8_280C10p_att00_Rq0,H0402_D8_280C10p_att00_Rq0_01981,2021-10-17 14:44:32,884207,28.00,,
H0402_D8_280C10p_att00_Rq0,H0402_D8_280C10p_att00_Rq0_01982,2021-10-17 14:44:38,885026,28.00,,
H0402_D8_280C10p_att00_Rq0,H0402_D8_280C10p_att00_Rq0_01983,2021-10-17 14:44:44,883593,28.00,,
H0402_D8_280C10p_att00_Rq0,H0402_D8_280C10p_att00_Rq0_01984,2021-10-17 14:44:49,880841,28.00,,
H0402_D8_280C10p_att00_Rq0,H0402_D8_280C10p_att00_Rq0_01985,2021-10-17 14:44:55,880280,28.00,,
H0402_D8_280C10p_att00_Rq0,H0402_D8_280C10p_att00_Rq0_01986,2021-10-17 14:45:01,886602,28.00,,
H0402_D8_280C10p_att00_Rq0,H0402_D8_280C10p_att00_Rq0_01987,2021-10-17 14:45:07,880059,28.00,,
H0402_D8_280C10p_att00_Rq0,H0402_D8_280C10p_att00_Rq0_01988,2021-10-17 14:45:12,880062,28.00,,
H0402_D8_280C10p_att00_Rq0,H0402_D8_280C10p_att00_Rq0_01989,2021-10-17 14:45:18,888135,28.00,,
H0402_D8_280C10p_att00_Rq0,H0402_D8_280C10p_att00_Rq0_01990,2021-10-17 14:45:24,878869,28.00,,
H0402_D8_280C10p_att00_Rq0,H0402_D8_280C10p_att00_Rq0_01991,2021-10-17 14:45:29,882045,28.00,,
H0402_D8_280C10p_att00_Rq0,H0402_D8_280C10p_att00_Rq0_01992,2021-10-17 14:45:35,884004,28.00,,
H0402_D8_280C10p_att00_Rq0,H0402_D8_280C10p_att00_Rq0_01993,2021-10-17 14:45:41,891238,28.00,,
H0402_D8_280C10p_att00_Rq0,H0402_D8_280C10p_att00_Rq0_01994,2021-10-17 14:45:48,883451,28.00,,
H0402_D8_280C10p_att00_Rq0,H0402_D8_280C10p_att00_Rq0_01995,2021-10-17 14:45:54,882089,28.00,,
H0402_D8_280C10p_att00_Rq0,H0402_D8_280C10p_att00_Rq0_01996,2021-10-17 14:45:59,882283,28.00,,
H0402_D8_280C10p_att00_Rq0,H0402_D8_280C10p_att00_Rq0_01997,2021-10-17 14:46:05,891640,28.00,,
H0402_D8_280C10p_att00_Rq0,H0402_D8_280C10p_att00_Rq0_01998,2021-10-17 14:46:11,884486,28.00,,
H0402_D8_280C10p_att00_Rq0,H0402_D8_280C10p_att00_Rq0_01999,2021-10-17 14:46:17,882751,28.00,,
H0402_D8_280C10p_att00_Rq0,H0402_D8_280C10p_att00_Rq0_02000,2021-10-17 14:46:22,877438,28.00,,
H0402_D8_280C10p_att00_Rq0,H0402_D8_280C10p_att00_Rq0_02001,,,,,no Data Exchange metadata
H0403_D8_060C10p_att00_Rq0,H0403_D8_060C10p_att00_Rq0_00001,2021-10-17 15:11:01,886213,6.00,,
H0403_D8_060C10p_att00_Rq0,H0403_D8_060C10p_att00_Rq0_00002,2021-10-17 15:11:10,901794,6.00,,
H0403_D8_060C10p_att00_Rq0,H0403_D8_060C10p_att00_Rq0_00003,2021-10-17 15:11:16,885209,6.00,,
H0403_D8_060C10p_att00_Rq0,H0403_D8_060C10p_att00_Rq0_00004,2021-10-17 15:11:22,890627,6.00,,
H0403_D8_060C10p_att00_Rq0,H0403_D8_060C10p_att00_Rq0_00005,2021-10-17 15:11:27,889348,6.00,,
H0403_D8_060C10p_att00_Rq0,H0403_D8_060C10p_att00_Rq0_00006,2021-10-17 15:11:33,884740,6.00,,
H0403_D8_060C10p_att00_Rq0,H0403_D8_060C10p_att00_Rq0_00007,2021-10-17 15:11:39,887847,6.00,,
H0403_D8_060C10p_att00_Rq0,H0403_D8_060C10p_att00_Rq0_00008,2021-10-17 15:11:45,885228,6.00,,
H0403_D8_060C10p_att00_Rq0,H0403_D8_060C10p_att00_Rq0_00009,2021-10-17 15:11:50,888931,6.00,,
H0403_D8_060C10p_att00_Rq0,H0403_D8_060C10p_att00_Rq0_00010,2021-10-17 15:11:56,897868,6.00,,
H0403_D8_060C10p_att00_Rq0,H0403_D8_060C10p_att00_Rq0_00011,2021-10-17 15:12:05,890014,6.00,,
H0403_D8_060C10p_att00_Rq0,H0403_D8_060C10p_att00_Rq0_00012,2021-10-17 15:12:11,885706,6.00,,
H0403_D8_060C10p_att00_Rq0,H0403_D8_060C10p_att00_Rq0_00013,2021-10-17 15:12:17,889981,6.00,,
H0403_D8_060C10p_att00_Rq0,H0403_D8_060C10p_att00_Rq0_00014,2021-10-17 15:12:23,888051,6.00,,
H0403_D8_060C10p_att00_Rq0,H0403_D8_060C10p_att00_Rq0_00015,2021-10-17 15:12:28,897063,6.00,,
H0403_D8_060C10p_att00_Rq0,H0403_D8_060C10p_att00_Rq0_00016,2021-10-17 15:12:34,884412,6.00,,
H0403_D8_060C10p_att00_Rq0,H0403_D8_060C10p_att00_Rq0_00017,2021-10-17 15:12:40,891905,6.00,,
H0403_D8_060C10p_att00_Rq0,H0403_D8_060C10p_att00_Rq0_00018,2021-10-17 15:12:45,882131,6.00,,
H0403_D8_060C10p_att00_Rq0,H0403_D8_060C10p_att00_Rq0_00019,2021-10-17 15:12:51,887313,6.00,,
H0403_D8_060C10p_att00_Rq0,H0403_D8_060C10p_att00_Rq0_00020,2021-10-17 15:12:56,890827,6.00,,
H0404_D7_060C10p_att00_Rq0,H0404_D7_060C10p_att00_Rq0_00001,2021-10-17 15:20:20,890338,6.00,,
H0404_D7_060C10p_att00_Rq0,H0404_D7_060C10p_att00_Rq0_00002,2021-10-17 15:20:27,892176,6.00,,
H0404_D7_060C10p_att00_Rq0,H0404_D7_060C10p_att00_Rq0_00003,2021-10-17 15:20:33,888754,6.00,,
H0404_D7_060C10p_att00_Rq0,H0404_D7_060C10p_att00_Rq0_00004,2021-10-17 15:20:39,890001,6.00,,
H0404_D7_060C10p_att00_Rq0,H0404_D7_060C10p_att00_Rq0_00005,2021-10-17 15:20:44,884568,6.00,,
H0404_D7_060C10p_att00_Rq0,H0404_D7_060C10p_att00_Rq0_00006,2021-10-17 15:20:50,900098,6.00,,
H0404_D7_060C10p_att00_Rq0,H0404_D7_060C10p_att00_Rq0_00007,2021-10-17 15:20:55,888640,6.00,,
H0404_D7_060C10p_att00_Rq0,H0404_D7_060C10p_att00_Rq0_00008,2021-10-17 15:21:01,898927,6.00,,
H0404_D7_060C10p_att00_Rq0,H0404_D7_060C10p_att00_Rq0_00009,2021-10-17 15:21:07,891282,6.00,,
H0404_D7_060C10p_att00_Rq0,H0404_D7_060C10p_att00_Rq0_00010,2021-10-17 15:21:13,886057,6.00,,
H0404_D7_060C10p_att00_Rq0,H0404_D7_060C10p_att00_Rq0_00011,2021-10-17 15:21:18,891675,6.00,,
H0404_D7_060C10p_att00_Rq0,H0404_D7_060C10p_att00_Rq0_00012,2021-10-17 15:21:24,891460,6.00,,
H0404_D7_060C10p_att00_Rq0,H0404_D7_060C10p_att00_Rq0_00013,2021-10-17 15:21:34,887872,6.00,,
H0404_D7_060C10p_att00_Rq0,H0404_D7_060C10p_att00_Rq0_00014,2021-10-17 15:21:40,891091,6.00,,
H0404_D7_060C10p_att00_Rq0,H0404_D7_060C10p_att00_Rq0_00015,2021-10-17 15:21:45,887649,6.00,,
H0404_D7_060C10p_att00_Rq0,H0404_D7_060C10p_att00_Rq0_00016,2021-10-17 15:21:51,894381,6.00,,
H0404_D7_060C10p_att00_Rq0,H0404_D7_060C10p_att00_Rq0_00017,2021-10-17 15:22:02,887974,6.00,,
H0404_D7_060C10p_att00_Rq0,H0404_D7_060C10p_att00_Rq0_00018,2021-10-17 15:22:08,887041,6.00,,
H0404_D7_060C10p_att00_Rq0,H0404_D7_060C10p_att00_Rq0_00019,2021-10-17 15:22:13,888996,6.00,,
H0404_D7_060C10p_att00_Rq0,H0404_D7_060C10p_att00_Rq0_00020,2021-10-17 15:22:19,886444,6.00,,
H0404_D7_285C10p_att00_Rq0,H0404_D7_285C10p_att00_Rq0_00001,2021-10-17 15:38:32,891148,28.50,,
H0404_D7_285C10p_att00_Rq0,H0404_D7_285C10p_att00_Rq0_00002,2021-10-17 15:38:39,893910,28.50,,
H0404_D7_285C10p_att00_Rq0,H0404_D7_285C10p_att00_Rq0_00003,2021-10-17 15:38:45,881191,28.50,,
H0404_D7_285C10p_att00_Rq0,H0404_D7_285C10p_att00_Rq0_00004,2021-10-17 15:38:51,889257,28.50,,
H0404_D7_285C10p_att00_Rq0,H0404_D7_285C10p_att00_Rq0_00005,2021-10-17 15:38:57,889102,28.50,,
H0404_D7_285C10p_att00_Rq0,H0404_D7_285C10p_att00_Rq0_00006,2021-10-17 15:39:02,892926,28.50,,
H0404_D7_285C10p_att00_Rq0,H0404_D7_285C10p_att00_Rq0_00007,2021-10-17 15:39:08,897785,28.50,,
H0404_D7_285C10p_att00_Rq0,H0404_D7_285C10p_att00_Rq0_00008,2021-10-17 15:39:17,897944,28.50,,
H0404_D7_285C10p_att00_Rq0,H0404_D7_285C10p_att00_Rq0_00009,2021-10-17 15:39:22,893963,28.50,,
H0404_D7_285C10p_att00_Rq0,H0404_D7_285C10p_att00_Rq0_00010,2021-10-17 15:39:28,895726,28.50,,
H0404_D7_285C10p_att00_Rq0,H0404_D7_285C10p_att00_Rq0_00011,2021-10-17 15:39:34,889718,28.50,,
H0404_D7_285C10p_att00_Rq0,H0404_D7_285C10p_att00_Rq0_00012,2021-10-17 15:39:42,889481,28.50,,
H0404_D7_285C10p_att00_Rq0,H0404_D7_285C10p_att00_Rq0_00013,2021-10-17 15:39:48,885739,28.50,,
H0404_D7_285C10p_att00_Rq0,H0404_D7_285C10p_att00_Rq0_00014,2021-10-17 15:39:53,892237,28.50,,
H0404_D7_285C10p_att00_Rq0,H0404_D7_285C10p_att00_Rq0_00015,2021-10-17 15:39:59,897954,28.50,,
H0404_D7_285C10p_att00_Rq0,H0404_D7_285C10p_att00_Rq0_00016,2021-10-17 15:40:04,888500,28.50,,
H0404_D7_285C10p_att00_Rq0,H0404_D7_285C10p_att00_Rq0_00017,2021-10-17 15:40:10,888339,28.50,,
H0404_D7_285C10p_att00_Rq0,H0404_D7_285C10p_att00_Rq0_00018,2021-10-17 15:40:16,887596,28.50,,
H0404_D7_285C10p_att00_Rq0,H0404_D7_285C10p_att00_Rq0_00019,2021-10-17 15:40:21,888607,28.50,,
H0404_D7_285C10p_att00_Rq0,H0404_D7_285C10p_att00_Rq0_00020,2021-10-17 15:40:27,889577,28.50,,
H0404_D7_285C10p_att00_Rq0,H0404_D7_285C10p_att00_Rq0_00021,2021-10-17 15:40:35,887811,28.50,,
H0404_D7_285C10p_att00_Rq0,H0404_D7_285C10p_att00_Rq0_00022,2021-10-17 15:40:41,883947,28.50,,
H0404_D7_285C10p_att00_Rq0,H0404_D7_285C10p_att00_Rq0_00023,2021-10-17 15:40:46,895682,28.50,,
H0404_D7_285C10p_att00_Rq0,H0404_D7_285C10p_att00_Rq0_00024,2021-10-17 15:40:52,886501,28.50,,
H0404_D7_285C10p_att00_Rq0,H0404_D7_285C10p_att00_Rq0_00025,2021-10-17 15:40:57,890044,28.50,,
H0404_D7_285C10p_att00_Rq0,H0404_D7_285C10p_att00_Rq0_00026,2021-10-17 15:41:03,889350,28.50,,
H0404_D7_285C10p_att00_Rq0,H0404_D7_285C10p_att00_Rq0_00027,2021-10-17 15:41:09,889387,28.50,,
H0404_D7_285C10p_att00_Rq0,H0404_D7_285C10p_att00_Rq0_00028,2021-10-17 15:41:14,885296,28.50,,
H0404_D7_285C10p_att00_Rq0,H0404_D7_285C10p_att00_Rq0_00029,2021-10-17 15:41:24,890140,28.50,,
H0404_D7_285C10p_att00_Rq0,H0404_D7_285C10p_att00_Rq0_00030,2021-10-17 15:41:29,887864,28.50,,
H0404_D7_285C10p_att00_Rq0,H0404_D7_285C10p_att00_Rq0_00031,2021-10-17 15:41:35,889763,28.50,,
H0404_D7_285C10p_att00_Rq0,H0404_D7_285C10p_att00_Rq0_00032,2021-10-17 15:41:41,892262,28.50,,
H0404_D7_285C10p_att00_Rq0,H0404_D7_285C10p_att00_Rq0_00033,2021-10-17 15:41:46,892068,28.50,,
H0404_D7_285C10p_att00_Rq0,H0404_D7_285C10p_att00_Rq0_00034,2021-10-17 15:41:52,882963,28.50,,
H0404_D7_285C10p_att00_Rq0,H0404_D7_285C10p_att00_Rq0_00035,2021-10-17 15:41:57,888263,28.50,,
H0404_D7_285C10p_att00_Rq0,H0404_D7_285C10p_att00_Rq0_00036,2021-10-17 15:42:03,883575,28.50,,
H0404_D7_285C10p_att00_Rq0,H0404_D7_285C10p_att00_Rq0_00037,2021-10-17 15:42:09,888123,28.50,,
H0404_D7_285C10p_att00_Rq0,H0404_D7_285C10p_att00_Rq0_00038,2021-10-17 15:42:14,889213,28.50,,
H0404_D7_285C10p_att00_Rq0,H0404_D7_285C10p_att00_Rq0_00039,2021-10-17 15:42:20,883471,28.50,,
H0404_D7_285C10p_att00_Rq0,H0404_D7_285C10p_att00_Rq0_00040,2021-10-17 15:42:25,886368,28.50,,
H0404_D7_285C10p_att00_Rq0,H0404_D7_285C10p_att00_Rq0_00041,2021-10-17 15:42:33,890372,28.50,,
H0404_D7_285C10p_att00_Rq0,H0404_D7_285C10p_att00_Rq0_00042,2021-10-17 15:42:39,887765,28.50,,
H0404_D7_285C10p_att00_Rq0,H0404_D7_285C10p_att00_Rq0_00043,2021-10-17 15:42:45,879758,28.50,,
H0404_D7_285C10p_att00_Rq0,H0404_D7_285C10p_att00_Rq0_00044,2021-10-17 15:42:50,887444,28.50,,
H0404_D7_285C10p_att00_Rq0,H0404_D7_285C10p_att00_Rq0_00045,2021-10-17 15:42:56,885870,28.50,,
H0404_D7_285C10p_att00_Rq0,H0404_D7_285C10p_att00_Rq0_00046,2021-10-17 15:43:05,885586,28.50,,
H0404_D7_285C10p_att00_Rq0,H0404_D7_285C10p_att00_Rq0_00047,2021-10-17 15:43:10,890414,28.50,,
H0404_D7_285C10p_att00_Rq0,H0404_D7_285C10p_att00_Rq0_00048,2021-10-17 15:43:16,889929,28.50,,
H0404_D7_285C10p_att00_Rq0,H0404_D7_285C10p_att00_Rq0_00049,2021-10-17 15:43:22,888249,28.50,,
H0404_D7_285C10p_att00_Rq0,H0404_D7_285C10p_att00_Rq0_00050,2021-10-17 15:43:27,885393,28.50,,
H0404_D7_285C10p_att00_Rq0,H0404_D7_285C10p_att00_Rq0_00051,2021-10-17 15:43:33,887465,28.50,,
H0404_D7_285C10p_att00_Rq0,H0404_D7_285C10p_att00_Rq0_00052,2021-10-17 15:43:38,892003,28.50,,
H0404_D7_285C10p_att00_Rq0,H0404_D7_285C10p_att00_Rq0_00053,2021-10-17 15:43:44,888048,28.50,,
H0404_D7_285C10p_att00_Rq0,H0404_D7_285C10p_att00_Rq0_00054,2021-10-17 15:43:50,887699,28.50,,
H0404_D7_285C10p_att00_Rq0,H0404_D7_285C10p_att00_Rq0_00055,2021-10-17 15:43:55,894276,28.50,,
H0404_D7_285C10p_att00_Rq0,H0404_D7_285C10p_att00_Rq0_00056,2021-10-17 15:44:01,897958,28.50,,
H0404_D7_285C10p_att00_Rq0,H0404_D7_285C10p_att00_Rq0_00057,2021-10-17 15:44:07,893250,28.50,,
H0404_D7_285C10p_att00_Rq0,H0404_D7_285C10p_att00_Rq0_00058,2021-10-17 15:44:13,888963,28.50,,
H0404_D7_285C10p_att00_Rq0,H0404_D7_285C10p_att00_Rq0_00059,2021-10-17 15:44:19,894982,28.50,,
H0404_D7_285C10p_att00_Rq0,H0404_D7_285C10p_att00_Rq0_00060,2021-10-17 15:44:24,892028,28.50,,
H0404_D7_285C10p_att00_Rq0,H0404_D7_285C10p_att00_Rq0_00061,2021-10-17 15:44:32,892158,28.50,,
H0404_D7_285C10p_att00_Rq0,H0404_D7_285C10p_att00_Rq0_00062,2021-10-17 15:44:38,884480,28.50,,
H0404_D7_285C10p_att00_Rq0,H0404_D7_285C10p_att00_Rq0_00063,2021-10-17 15:44:48,898113,28.50,,
H0404_D7_285C10p_att00_Rq0,H0404_D7_285C10p_att00_Rq0_00064,2021-10-17 15:44:53,890406,28.50,,
H0404_D7_285C10p_att00_Rq0,H0404_D7_285C10p_att00_Rq0_00065,2021-10-17 15:44:59,889498,28.50,,
H0404_D7_285C10p_att00_Rq0,H0404_D7_285C10p_att00_Rq0_00066,2021-10-17 15:45:05,890268,28.50,,
H0404_D7_285C10p_att00_Rq0,H0404_D7_285C10p_att00_Rq0_00067,2021-10-17 15:45:10,890561,28.50,,
H0404_D7_285C10p_att00_Rq0,H0404_D7_285C10p_att00_Rq0_00068,2021-10-17 15:45:16,885768,28.50,,
H0404_D7_285C10p_att00_Rq0,H0404_D7_285C10p_att00_Rq0_00069,2021-10-17 15:45:22,886716,28.50,,
H0404_D7_285C10p_att00_Rq0,H0404_D7_285C10p_att00_Rq0_00070,2021-10-17 15:45:27,889841,28.50,,
H0404_D7_285C10p_att00_Rq0,H0404_D7_285C10p_att00_Rq0_00071,2021-10-17 15:45:33,884716,28.50,,
H0404_D7_285C10p_att00_Rq0,H0404_D7_285C10p_att00_Rq0_00072,2021-10-17 15:45:39,889005,28.50,,
H0404_D7_285C10p_att00_Rq0,H0404_D7_285C10p_att00_Rq0_00073,2021-10-17 15:45:44,889595,28.50,,
H0404_D7_285C10p_att00_Rq0,H0404_D7_285C10p_att00_Rq0_00074,2021-10-17 15:45:50,893946,28.50,,
H0404_D7_285C10p_att00_Rq0,H0404_D7_285C10p_att00_Rq0_00075,2021-10-17 15:45:56,884896,28.50,,
H0404_D7_285C10p_att00_Rq0,H0404_D7_285C10p_att00_Rq0_00076,2021-10-17 15:46:01,888986,28.50,,
H0404_D7_285C10p_att00_Rq0,H0404_D7_285C10p_att00_Rq0_00077,2021-10-17 15:46:07,892657,28.50,,
H0404_D7_285C10p_att00_Rq0,H0404_D7_285C10p_att00_Rq0_00078,2021-10-17 15:46:13,892813,28.50,,
H0404_D7_285C10p_att00_Rq0,H0404_D7_285C10p_att00_Rq0_00079,2021-10-17 15:46:18,895310,28.50,,
H0404_D7_285C10p_att00_Rq0,H0404_D7_285C10p_att00_Rq0_00080,2021-10-17 15:46:24,892723,28.50,,
H0404_D7_285C10p_att00_Rq0,H0404_D7_285C10p_att00_Rq0_00081,2021-10-17 15:46:32,891477,28.50,,
H0404_D7_285C10p_att00_Rq0,H0404_D7_285C10p_att00_Rq0_00082,2021-10-17 15:46:38,887588,28.50,,
H0404_D7_285C10p_att00_Rq0,H0404_D7_285C10p_att00_Rq0_00083,2021-10-17 15:46:43,887082,28.50,,
H0404_D7_285C10p_att00_Rq0,H0404_D7_285C10p_att00_Rq0_00084,2021-10-17 15:46:49,890827,28.50,,
H0404_D7_285C10p_att00_Rq0,H0404_D7_285C10p_att00_Rq0_00085,2021-10-17 15:46:55,894262,28.50,,
H0404_D7_285C10p_att00_Rq0,H0404_D7_285C10p_att00_Rq0_00086,2021-10-17 15:47:01,887690,28.50,,
H0404_D7_285C10p_att00_Rq0,H0404_D7_285C10p_att00_Rq0_00087,2021-10-17 15:47:06,890158,28.50,,
H0404_D7_285C10p_att00_Rq0,H0404_D7_285C10p_att00_Rq0_00088,2021-10-17 15:47:12,889231,28.50,,
H0404_D7_285C10p_att00_Rq0,H0404_D7_285C10p_att00_Rq0_00089,2021-10-17 15:47:18,887158,28.50,,
H0404_D7_285C10p_att00_Rq0,H0404_D7_285C10p_att00_Rq0_00090,2021-10-17 15:47:23,896483,28.50,,
H0404_D7_285C10p_att00_Rq0,H0404_D7_285C10p_att00_Rq0_00091,2021-10-17 15:47:29,890808,28.50,,
H0404_D7_285C10p_att00_Rq0,H0404_D7_285C10p_att00_Rq0_00092,2021-10-17 15:47:34,889168,28.50,,
H0404_D7_285C10p_att00_Rq0,H0404_D7_285C10p_att00_Rq0_00093,2021-10-17 15:47:40,893039,28.50,,
H0404_D7_285C10p_att00_Rq0,H0404_D7_285C10p_att00_Rq0_00094,2021-10-17 15:47:46,884633,28.50,,
H0404_D7_285C10p_att00_Rq0,H0404_D7_285C10p_att00_Rq0_00095,2021-10-17 15:47:51,888916,28.50,,
H0404_D7_285C10p_att00_Rq0,H0404_D7_285C10p_att00_Rq0_00096,2021-10-17 15:47:57,889533,28.50,,
H0404_D7_285C10p_att00_Rq0,H0404_D7_285C10p_att00_Rq0_00097,2021-10-17 15:48:03,884455,28.50,,
H0404_D7_285C10p_att00_Rq0,H0404_D7_285C10p_att00_Rq0_00098,2021-10-17 15:48:08,883495,28.50,,
H0404_D7_285C10p_att00_Rq0,H0404_D7_285C10p_att00_Rq0_00099,2021-10-17 15:48:14,891817,28.50,,
H0404_D7_285C10p_att00_Rq0,H0404_D7_285C10p_att00_Rq0_00100,2021-10-17 15:48:19,895730,28.50,,
H0404_D7_285C10p_att00_Rq0,H0404_D7_285C10p_att00_Rq0_00101,2021-10-17 15:48:27,885119,28.50,,
H0404_D7_285C10p_att00_Rq0,H0404_D7_285C10p_att00_Rq0_00102,2021-10-17 15:48:33,895695,28.50,,
H0404_D7_285C10p_att00_Rq0,H0404_D7_285C10p_att00_Rq0_00103,2021-10-17 15:48:38,886443,28.50,,
H0404_D7_285C10p_att00_Rq0,H0404_D7_285C10p_att00_Rq0_00104,2021-10-17 15:48:44,887158,28.50,,
H0404_D7_285C10p_att00_Rq0,H0404_D7_285C10p_att00_Rq0_00105,2021-10-17 15:48:50,883258,28.50,,
H0404_D7_285C10p_att00_Rq0,H0404_D7_285C10p_att00_Rq0_00106,2021-10-17 15:48:55,896200,28.50,,
H0404_D7_285C10p_att00_Rq0,H0404_D7_285C10p_att00_Rq0_00107,2021-10-17 15:49:01,887014,28.50,,
H0404_D7_285C10p_att00_Rq0,H0404_D7_285C10p_att00_Rq0_00108,2021-10-17 15:49:07,896702,28.50,,
H0404_D7_285C10p_att00_Rq0,H0404_D7_285C10p_att00_Rq0_00109,2021-10-17 15:49:13,883667,28.50,,
H0404_D7_285C10p_att00_Rq0,H0404_D7_285C10p_att00_Rq0_00110,2021-10-17 15:49:18,885669,28.50,,
H0404_D7_285C10p_att00_Rq0,H0404_D7_285C10p_att00_Rq0_00111,2021-10-17 15:49:24,886146,28.50,,
H0404_D7_285C10p_att00_Rq0,H0404_D7_285C10p_att00_Rq0_00112,2021-10-17 15:49:30,885309,28.50,,
H0404_D7_285C10p_att00_Rq0,H0404_D7_285C10p_att00_Rq0_00113,2021-10-17 15:49:35,886861,28.50,,
H0404_D7_285C10p_att00_Rq0,H0404_D7_285C10p_att00_Rq0_00114,2021-10-17 15:49:41,885316,28.50,,
H0404_D7_285C10p_att00_Rq0,H0404_D7_285C10p_att00_Rq0_00115,2021-10-17 15:49:46,893996,28.50,,
H0404_D7_285C10p_att00_Rq0,H0404_D7_285C10p_att00_Rq0_00116,2021-10-17 15:49:52,896278,28.50,,
H0404_D7_285C10p_att00_Rq0,H0404_D7_285C10p_att00_Rq0_00117,2021-10-17 15:49:58,885896,28.50,,
H0404_D7_285C10p_att00_Rq0,H0404_D7_285C10p_att00_Rq0_00118,2021-10-17 15:50:04,881929,28.50,,
H0404_D7_285C10p_att00_Rq0,H0404_D7_285C10p_att00_Rq0_00119,2021-10-17 15:50:09,885103,28.50,,
H0404_D7_285C10p_att00_Rq0,H0404_D7_285C10p_att00_Rq0_00120,2021-10-17 15:50:15,885537,28.50,,
H0404_D7_285C10p_att00_Rq0,H0404_D7_285C10p_att00_Rq0_00121,2021-10-17 15:50:23,885104,28.50,,
H0404_D7_285C10p_att00_Rq0,H0404_D7_285C10p_att00_Rq0_00122,2021-10-17 15:50:28,891467,28.50,,
H0404_D7_285C10p_att00_Rq0,H0404_D7_285C10p_att00_Rq0_00123,2021-10-17 15:50:34,888260,28.50,,
H0404_D7_285C10p_att00_Rq0,H0404_D7_285C10p_att00_Rq0_00124,2021-10-17 15:50:40,884543,28.50,,
H0404_D7_285C10p_att00_Rq0,H0404_D7_285C10p_att00_Rq0_00125,2021-10-17 15:50:45,885131,28.50,,
H0404_D7_285C10p_att00_Rq0,H0404_D7_285C10p_att00_Rq0_00126,2021-10-17 15:50:51,888891,28.50,,
H0404_D7_285C10p_att00_Rq0,H0404_D7_285C10p_att00_Rq0_00127,2021-10-17 15:50:57,891406,28.50,,
H0404_D7_285C10p_att00_Rq0,H0404_D7_285C10p_att00_Rq0_00128,2021-10-17 15:51:02,897488,28.50,,
H0404_D7_285C10p_att00_Rq0,H0404_D7_285C10p_att00_Rq0_00129,2021-10-17 15:51:08,884459,28.50,,
H0404_D7_285C10p_att00_Rq0,H0404_D7_285C10p_att00_Rq0_00130,2021-10-17 15:51:14,891233,28.50,,
H0404_D7_285C10p_att00_Rq0,H0404_D7_285C10p_att00_Rq0_00131,2021-10-17 15:51:20,892137,28.50,,
H0404_D7_285C10p_att00_Rq0,H0404_D7_285C10p_att00_Rq0_00132,2021-10-17 15:51:27,890778,28.50,,
H0404_D7_285C10p_att00_Rq0,H0404_D7_285C10p_att00_Rq0_00133,2021-10-17 15:51:32,888034,28.50,,
H0404_D7_285C10p_att00_Rq0,H0404_D7_285C10p_att00_Rq0_00134,2021-10-17 15:51:38,888067,28.50,,
H0404_D7_285C10p_att00_Rq0,H0404_D7_285C10p_att00_Rq0_00135,2021-10-17 15:51:44,886667,28.50,,
H0404_D7_285C10p_att00_Rq0,H0404_D7_285C10p_att00_Rq0_00136,2021-10-17 15:51:50,893385,28.50,,
H0404_D7_285C10p_att00_Rq0,H0404_D7_285C10p_att00_Rq0_00137,2021-10-17 15:51:55,890092,28.50,,
H0404_D7_285C10p_att00_Rq0,H0404_D7_285C10p_att00_Rq0_00138,2021-10-17 15:52:01,883348,28.50,,
H0404_D7_285C10p_att00_Rq0,H0404_D7_285C10p_att00_Rq0_00139,2021-10-17 15:52:07,899764,28.50,,
H0404_D7_285C10p_att00_Rq0,H0404_D7_285C10p_att00_Rq0_00140,2021-10-17 15:52:12,885549,28.50,,
H0404_D7_285C10p_att00_Rq0,H0404_D7_285C10p_att00_Rq0_00141,2021-10-17 15:52:20,886266,28.50,,
H0404_D7_285C10p_att00_Rq0,H0404_D7_285C10p_att00_Rq0_00142,2021-10-17 15:52:26,893078,28.50,,
H0404_D7_285C10p_att00_Rq0,H0404_D7_285C10p_att00_Rq0_00143,2021-10-17 15:52:31,894723,28.50,,
H0404_D7_285C10p_att00_Rq0,H0404_D7_285C10p_att00_Rq0_00144,2021-10-17 15:52:37,895095,28.50,,
H0404_D7_285C10p_att00_Rq0,H0404_D7_285C10p_att00_Rq0_00145,2021-10-17 15:52:43,882106,28.50,,
H0404_D7_285C10p_att00_Rq0,H0404_D7_285C10p_att00_Rq0_00146,2021-10-17 15:52:48,887568,28.50,,
H0404_D7_285C10p_att00_Rq0,H0404_D7_285C10p_att00_Rq0_00147,2021-10-17 15:52:54,887198,28.50,,
H0404_D7_285C10p_att00_Rq0,H0404_D7_285C10p_att00_Rq0_00148,2021-10-17 15:52:59,893330,28.50,,
H0404_D7_285C10p_att00_Rq0,H0404_D7_285C10p_att00_Rq0_00149,2021-10-17 15:53:05,888166,28.50,,
H0404_D7_285C10p_att00_Rq0,H0404_D7_285C10p_att00_Rq0_00150,2021-10-17 15:53:11,886544,28.50,,
H0404_D7_285C10p_att00_Rq0,H0404_D7_285C10p_att00_Rq0_00151,2021-10-17 15:53:16,884069,28.50,,
H0404_D7_285C10p_att00_Rq0,H0404_D7_285C10p_att00_Rq0_00152,2021-10-17 15:53:22,890640,28.50,,
H0404_D7_285C10p_att00_Rq0,H0404_D7_285C10p_att00_Rq0_00153,2021-10-17 15:53:28,894765,28.50,,
H0404_D7_285C10p_att00_Rq0,H0404_D7_285C10p_att00_Rq0_00154,2021-10-17 15:53:34,892995,28.50,,
H0404_D7_285C10p_att00_Rq0,H0404_D7_285C10p_att00_Rq0_00155,2021-10-17 15:53:39,883449,28.50,,
H0404_D7_285C10p_att00_Rq0,H0404_D7_285C10p_att00_Rq0_00156,2021-10-17 15:53:45,886705,28.50,,
H0404_D7_285C10p_att00_Rq0,H0404_D7_285C10p_att00_Rq0_00157,2021-10-17 15:53:50,882634,28.50,,
H0404_D7_285C10p_att00_Rq0,H0404_D7_285C10p_att00_Rq0_00158,2021-10-17 15:53:56,891974,28.50,,
H0404_D7_285C10p_att00_Rq0,H0404_D7_285C10p_att00_Rq0_00159,2021-10-17 15:54:02,885625,28.50,,
H0404_D7_285C10p_att00_Rq0,H0404_D7_285C10p_att00_Rq0_00160,2021-10-17 15:54:07,939713,28.50,,
H0404_D7_285C10p_att00_Rq0,H0404_D7_285C10p_att00_Rq0_00161,2021-10-17 15:54:16,888638,28.50,,
H0404_D7_285C10p_att00_Rq0,H0404_D7_285C10p_att00_Rq0_00162,2021-10-17 15:54:26,881918,28.50,,
H0404_D7_285C10p_att00_Rq0,H0404_D7_285C10p_att00_Rq0_00163,2021-10-17 15:54:31,886206,28.50,,
H0404_D7_285C10p_att00_Rq0,H0404_D7_285C10p_att00_Rq0_00164,2021-10-17 15:54:37,881641,28.50,,
H0404_D7_285C10p_att00_Rq0,H0404_D7_285C10p_att00_Rq0_00165,2021-10-17 15:54:43,881264,28.50,,
H0404_D7_285C10p_att00_Rq0,H0404_D7_285C10p_att00_Rq0_00166,2021-10-17 15:54:50,890037,28.50,,
H0404_D7_285C10p_att00_Rq0,H0404_D7_285C10p_att00_Rq0_00167,2021-10-17 15:54:55,887253,28.50,,
H0404_D7_285C10p_att00_Rq0,H0404_D7_285C10p_att00_Rq0_00168,2021-10-17 15:55:01,898263,28.50,,
H0404_D7_285C10p_att00_Rq0,H0404_D7_285C10p_att00_Rq0_00169,2021-10-17 15:55:07,895015,28.50,,
H0404_D7_285C10p_att00_Rq0,H0404_D7_285C10p_att00_Rq0_00170,2021-10-17 15:55:13,888641,28.50,,
H0404_D7_285C10p_att00_Rq0,H0404_D7_285C10p_att00_Rq0_00171,2021-10-17 15:55:18,884081,28.50,,
H0404_D7_285C10p_att00_Rq0,H0404_D7_285C10p_att00_Rq0_00172,2021-10-17 15:55:24,887501,28.50,,
H0404_D7_285C10p_att00_Rq0,H0404_D7_285C10p_att00_Rq0_00173,2021-10-17 15:55:30,882542,28.50,,
H0404_D7_285C10p_att00_Rq0,H0404_D7_285C10p_att00_Rq0_00174,2021-10-17 15:55:35,882895,28.50,,
H0404_D7_285C10p_att00_Rq0,H0404_D7_285C10p_att00_Rq0_00175,2021-10-17 15:55:41,887923,28.50,,
H0404_D7_285C10p_att00_Rq0,H0404_D7_285C10p_att00_Rq0_00176,2021-10-17 15:55:47,882216,28.50,,
H0404_D7_285C10p_att00_Rq0,H0404_D7_285C10p_att00_Rq0_00177,2021-10-17 15:55:52,882440,28.50,,
H0404_D7_285C10p_att00_Rq0,H0404_D7_285C10p_att00_Rq0_00178,2021-10-17 15:55:58,882472,28.50,,
H0404_D7_285C10p_att00_Rq0,H0404_D7_285C10p_att00_Rq0_00179,2021-10-17 15:56:03,890627,28.50,,
H0404_D7_285C10p_att00_Rq0,H0404_D7_285C10p_att00_Rq0_00180,2021-10-17 15:56:09,886830,28.50,,
H0404_D7_285C10p_att00_Rq0,H0404_D7_285C10p_att00_Rq0_00181,2021-10-17 15:56:17,888940,28.50,,
H0404_D7_285C10p_att00_Rq0,H0404_D7_285C10p_att00_Rq0_00182,2021-10-17 15:56:22,885570,28.50,,
H0404_D7_285C10p_att00_Rq0,H0404_D7_285C10p_att00_Rq0_00183,2021-10-17 15:56:29,882551,28.50,,
H0404_D7_285C10p_att00_Rq0,H0404_D7_285C10p_att00_Rq0_00184,2021-10-17 15:56:34,885332,28.50,,
H0404_D7_285C10p_att00_Rq0,H0404_D7_285C10p_att00_Rq0_00185,2021-10-17 15:56:40,880227,28.50,,
H0404_D7_285C10p_att00_Rq0,H0404_D7_285C10p_att00_Rq0_00186,2021-10-17 15:56:46,879247,28.50,,
H0404_D7_285C10p_att00_Rq0,H0404_D7_285C10p_att00_Rq0_00187,2021-10-17 15:56:51,887702,28.50,,
H0404_D7_285C10p_att00_Rq0,H0404_D7_285C10p_att00_Rq0_00188,2021-10-17 15:56:57,883613,28.50,,
H0404_D7_285C10p_att00_Rq0,H0404_D7_285C10p_att00_Rq0_00189,2021-10-17 15:57:03,887900,28.50,,
H0404_D7_285C10p_att00_Rq0,H0404_D7_285C10p_att00_Rq0_00190,2021-10-17 15:57:09,890893,28.50,,
H0404_D7_285C10p_att00_Rq0,H0404_D7_285C10p_att00_Rq0_00191,2021-10-17 15:57:14,891094,28.50,,
H0404_D7_285C10p_att00_Rq0,H0404_D7_285C10p_att00_Rq0_00192,2021-10-17 15:57:20,887261,28.50,,
H0404_D7_285C10p_att00_Rq0,H0404_D7_285C10p_att00_Rq0_00193,2021-10-17 15:57:25,886685,28.50,,
H0404_D7_285C10p_att00_Rq0,H0404_D7_285C10p_att00_Rq0_00194,2021-10-17 15:57:31,888439,28.50,,
H0404_D7_285C10p_att00_Rq0,H0404_D7_285C10p_att00_Rq0_00195,2021-10-17 15:57:37,886786,28.50,,
H0404_D7_285C10p_att00_Rq0,H0404_D7_285C10p_att00_Rq0_00196,2021-10-17 15:57:43,894800,28.50,,
H0404_D7_285C10p_att00_Rq0,H0404_D7_285C10p_att00_Rq0_00197,2021-10-17 15:57:49,886396,28.50,,
H0404_D7_285C10p_att00_Rq0,H0404_D7_285C10p_att00_Rq0_00198,2021-10-17 15:57:54,882142,28.50,,
H0404_D7_285C10p_att00_Rq0,H0404_D7_285C10p_att00_Rq0_00199,2021-10-17 15:58:00,892690,28.50,,
H0404_D7_285C10p_att00_Rq0,H0404_D7_285C10p_att00_Rq0_00200,2021-10-17 15:58:06,881716,28.50,,
H0404_D7_285C10p_att00_Rq0,H0404_D7_285C10p_att00_Rq0_00201,2021-10-17 15:58:16,885941,28.50,,
H0404_D7_285C10p_att00_Rq0,H0404_D7_285C10p_att00_Rq0_00202,2021-10-17 15:58:21,883831,28.50,,
H0404_D7_285C10p_att00_Rq0,H0404_D7_285C10p_att00_Rq0_00203,2021-10-17 15:58:27,884788,28.50,,
H0404_D7_285C10p_att00_Rq0,H0404_D7_285C10p_att00_Rq0_00204,2021-10-17 15:58:33,884216,28.50,,
H0404_D7_285C10p_att00_Rq0,H0404_D7_285C10p_att00_Rq0_00205,2021-10-17 15:58:38,881746,28.50,,
H0404_D7_285C10p_att00_Rq0,H0404_D7_285C10p_att00_Rq0_00206,2021-10-17 15:58:44,879590,28.50,,
H0404_D7_285C10p_att00_Rq0,H0404_D7_285C10p_att00_Rq0_00207,2021-10-17 15:58:49,890027,28.50,,
H0404_D7_285C10p_att00_Rq0,H0404_D7_285C10p_att00_Rq0_00208,2021-10-17 15:58:55,893041,28.50,,
H0404_D7_285C10p_att00_Rq0,H0404_D7_285C10p_att00_Rq0_00209,2021-10-17 15:59:01,891545,28.50,,
H0404_D7_285C10p_att00_Rq0,H0404_D7_285C10p_att00_Rq0_00210,2021-10-17 15:59:07,883711,28.50,,
H0404_D7_285C10p_att00_Rq0,H0404_D7_285C10p_att00_Rq0_00211,2021-10-17 15:59:12,887802,28.50,,
H0404_D7_285C10p_att00_Rq0,H0404_D7_285C10p_att00_Rq0_00212,2021-10-17 15:59:18,894597,28.50,,
H0404_D7_285C10p_att00_Rq0,H0404_D7_285C10p_att00_Rq0_00213,2021-10-17 15:59:26,889773,28.50,,
H0404_D7_285C10p_att00_Rq0,H0404_D7_285C10p_att00_Rq0_00214,2021-10-17 15:59:31,884866,28.50,,
H0404_D7_285C10p_att00_Rq0,H0404_D7_285C10p_att00_Rq0_00215,2021-10-17 15:59:37,889784,28.50,,
H0404_D7_285C10p_att00_Rq0,H0404_D7_285C10p_att00_Rq0_00216,2021-10-17 15:59:43,888153,28.50,,
H0404_D7_285C10p_att00_Rq0,H0404_D7_285C10p_att00_Rq0_00217,2021-10-17 15:59:48,889784,28.50,,
H0404_D7_285C10p_att00_Rq0,H0404_D7_285C10p_att00_Rq0_00218,2021-10-17 15:59:54,882266,28.50,,
H0404_D7_285C10p_att00_Rq0,H0404_D7_285C10p_att00_Rq0_00219,2021-10-17 16:00:00,886429,28.50,,
H0404_D7_285C10p_att00_Rq0,H0404_D7_285C10p_att00_Rq0_00220,2021-10-17 16:00:06,891031,28.50,,
H0404_D7_285C10p_att00_Rq0,H0404_D7_285C10p_att00_Rq0_00221,2021-10-17 16:00:14,886593,28.50,,
H0404_D7_285C10p_att00_Rq0,H0404_D7_285C10p_att00_Rq0_00222,2021-10-17 16:00:19,890364,28.50,,
H0404_D7_285C10p_att00_Rq0,H0404_D7_285C10p_att00_Rq0_00223,2021-10-17 16:00:25,886664,28.50,,
H0404_D7_285C10p_att00_Rq0,H0404_D7_285C10p_att00_Rq0_00224,2021-10-17 16:00:31,890934,28.50,,
H0404_D7_285C10p_att00_Rq0,H0404_D7_285C10p_att00_Rq0_00225,2021-10-17 16:00:36,895122,28.50,,
H0404_D7_285C10p_att00_Rq0,H0404_D7_285C10p_att00_Rq0_00226,2021-10-17 16:00:42,885395,28.50,,
H0404_D7_285C10p_att00_Rq0,H0404_D7_285C10p_att00_Rq0_00227,2021-10-17 16:00:48,888855,28.50,,
H0404_D7_285C10p_att00_Rq0,H0404_D7_285C10p_att00_Rq0_00228,2021-10-17 16:00:53,888632,28.50,,
H0404_D7_285C10p_att00_Rq0,H0404_D7_285C10p_att00_Rq0_00229,2021-10-17 16:00:59,888194,28.50,,
H0404_D7_285C10p_att00_Rq0,H0404_D7_285C10p_att00_Rq0_00230,2021-10-17 16:01:05,896077,28.50,,
H0404_D7_285C10p_att00_Rq0,H0404_D7_285C10p_att00_Rq0_00231,2021-10-17 16:01:10,889594,28.50,,
H0404_D7_285C10p_att00_Rq0,H0404_D7_285C10p_att00_Rq0_00232,2021-10-17 16:01:16,887359,28.50,,
H0404_D7_285C10p_att00_Rq0,H0404_D7_285C10p_att00_Rq0_00233,2021-10-17 16:01:22,883431,28.50,,
H0404_D7_285C10p_att00_Rq0,H0404_D7_285C10p_att00_Rq0_00234,2021-10-17 16:01:27,884109,28.50,,
H0404_D7_285C10p_att00_Rq0,H0404_D7_285C10p_att00_Rq0_00235,2021-10-17 16:01:33,887063,28.50,,
H0404_D7_285C10p_att00_Rq0,H0404_D7_285C10p_att00_Rq0_00236,2021-10-17 16:01:38,886995,28.50,,
H0404_D7_285C10p_att00_Rq0,H0404_D7_285C10p_att00_Rq0_00237,2021-10-17 16:01:44,886327,28.50,,
H0404_D7_285C10p_att00_Rq0,H0404_D7_285C10p_att00_Rq0_00238,2021-10-17 16:01:50,883112,28.50,,
H0404_D7_285C10p_att00_Rq0,H0404_D7_285C10p_att00_Rq0_00239,2021-10-17 16:01:55,882853,28.50,,
H0404_D7_285C10p_att00_Rq0,H0404_D7_285C10p_att00_Rq0_00240,2021-10-17 16:02:01,887130,28.50,,
H0404_D7_285C10p_att00_Rq0,H0404_D7_285C10p_att00_Rq0_00241,2021-10-17 16:02:09,885701,28.50,,
H0404_D7_285C10p_att00_Rq0,H0404_D7_285C10p_att00_Rq0_00242,2021-10-17 16:02:15,883791,28.50,,
H0404_D7_285C10p_att00_Rq0,H0404_D7_285C10p_att00_Rq0_00243,2021-10-17 16:02:20,886888,28.50,,
H0404_D7_285C10p_att00_Rq0,H0404_D7_285C10p_att00_Rq0_00244,2021-10-17 16:02:26,888063,28.50,,
H0404_D7_285C10p_att00_Rq0,H0404_D7_285C10p_att00_Rq0_00245,2021-10-17 16:02:31,887956,28.50,,
H0404_D7_285C10p_att00_Rq0,H0404_D7_285C10p_att00_Rq0_00246,2021-10-17 16:02:37,886760,28.50,,
H0404_D7_285C10p_att00_Rq0,H0404_D7_285C10p_att00_Rq0_00247,2021-10-17 16:02:43,894377,28.50,,
H0404_D7_285C10p_att00_Rq0,H0404_D7_285C10p_att00_Rq0_00248,2021-10-17 16:02:49,890372,28.50,,
H0404_D7_285C10p_att00_Rq0,H0404_D7_285C10p_att00_Rq0_00249,2021-10-17 16:02:54,889830,28.50,,
H0404_D7_285C10p_att00_Rq0,H0404_D7_285C10p_att00_Rq0_00250,2021-10-17 16:03:00,899641,28.50,,
H0404_D7_285C10p_att00_Rq0,H0404_D7_285C10p_att00_Rq0_00251,2021-10-17 16:03:06,885149,28.50,,
H0404_D7_285C10p_att00_Rq0,H0404_D7_285C10p_att00_Rq0_00252,2021-10-17 16:03:11,888170,28.50,,
H0404_D7_285C10p_att00_Rq0,H0404_D7_285C10p_att00_Rq0_00253,2021-10-17 16:03:17,887009,28.50,,
H0404_D7_285C10p_att00_Rq0,H0404_D7_285C10p_att00_Rq0_00254,2021-10-17 16:03:23,896954,28.50,,
H0404_D7_285C10p_att00_Rq0,H0404_D7_285C10p_att00_Rq0_00255,2021-10-17 16:03:28,883774,28.50,,
H0404_D7_285C10p_att00_Rq0,H0404_D7_285C10p_att00_Rq0_00256,2021-10-17 16:03:34,890469,28.50,,
H0404_D7_285C10p_att00_Rq0,H0404_D7_285C10p_att00_Rq0_00257,2021-10-17 16:03:39,887722,28.50,,
H0404_D7_285C10p_att00_Rq0,H0404_D7_285C10p_att00_Rq0_00258,2021-10-17 16:03:45,887393,28.50,,
H0404_D7_285C10p_att00_Rq0,H0404_D7_285C10p_att00_Rq0_00259,2021-10-17 16:03:51,894548,28.50,,
H0404_D7_285C10p_att00_Rq0,H0404_D7_285C10p_att00_Rq0_00260,2021-10-17 16:03:56,882781,28.50,,
H0404_D7_285C10p_att00_Rq0,H0404_D7_285C10p_att00_Rq0_00261,2021-10-17 16:04:05,888059,28.50,,
H0404_D7_285C10p_att00_Rq0,H0404_D7_285C10p_att00_Rq0_00262,2021-10-17 16:04:10,886307,28.50,,
H0404_D7_285C10p_att00_Rq0,H0404_D7_285C10p_att00_Rq0_00263,2021-10-17 16:04:16,887513,28.50,,
H0404_D7_285C10p_att00_Rq0,H0404_D7_285C10p_att00_Rq0_00264,2021-10-17 16:04:22,881588,28.50,,
H0404_D7_285C10p_att00_Rq0,H0404_D7_285C10p_att00_Rq0_00265,2021-10-17 16:04:27,881766,28.50,,
H0404_D7_285C10p_att00_Rq0,H0404_D7_285C10p_att00_Rq0_00266,2021-10-17 16:04:33,894059,28.50,,
H0404_D7_285C10p_att00_Rq0,H0404_D7_285C10p_att00_Rq0_00267,2021-10-17 16:04:38,882317,28.50,,
H0404_D7_285C10p_att00_Rq0,H0404_D7_285C10p_att00_Rq0_00268,2021-10-17 16:04:44,890744,28.50,,
H0404_D7_285C10p_att00_Rq0,H0404_D7_285C10p_att00_Rq0_00269,2021-10-17 16:04:50,894342,28.50,,
H0404_D7_285C10p_att00_Rq0,H0404_D7_285C10p_att00_Rq0_00270,2021-10-17 16:04:55,888185,28.50,,
H0404_D7_285C10p_att00_Rq0,H0404_D7_285C10p_att00_Rq0_00271,2021-10-17 16:05:01,888644,28.50,,
H0404_D7_285C10p_att00_Rq0,H0404_D7_285C10p_att00_Rq0_00272,2021-10-17 16:05:07,885104,28.50,,
H0404_D7_285C10p_att00_Rq0,H0404_D7_285C10p_att00_Rq0_00273,2021-10-17 16:05:12,887663,28.50,,
H0404_D7_285C10p_att00_Rq0,H0404_D7_285C10p_att00_Rq0_00274,2021-10-17 16:05:18,894270,28.50,,
H0404_D7_285C10p_att00_Rq0,H0404_D7_285C10p_att00_Rq0_00275,2021-10-17 16:05:24,884047,28.50,,
H0404_D7_285C10p_att00_Rq0,H0404_D7_285C10p_att00_Rq0_00276,2021-10-17 16:05:30,882861,28.50,,
H0404_D7_285C10p_att00_Rq0,H0404_D7_285C10p_att00_Rq0_00277,2021-10-17 16:05:35,887509,28.50,,
H0404_D7_285C10p_att00_Rq0,H0404_D7_285C10p_att00_Rq0_00278,2021-10-17 16:05:41,891001,28.50,,
H0404_D7_285C10p_att00_Rq0,H0404_D7_285C10p_att00_Rq0_00279,2021-10-17 16:05:47,886172,28.50,,
H0404_D7_285C10p_att00_Rq0,H0404_D7_285C10p_att00_Rq0_00280,2021-10-17 16:05:52,886939,28.50,,
H0404_D7_285C10p_att00_Rq0,H0404_D7_285C10p_att00_Rq0_00281,2021-10-17 16:06:00,888528,28.50,,
H0404_D7_285C10p_att00_Rq0,H0404_D7_285C10p_att00_Rq0_00282,2021-10-17 16:06:06,885695,28.50,,
H0404_D7_285C10p_att00_Rq0,H0404_D7_285C10p_att00_Rq0_00283,2021-10-17 16:06:11,887056,28.50,,
H0404_D7_285C10p_att00_Rq0,H0404_D7_285C10p_att00_Rq0_00284,2021-10-17 16:06:17,886536,28.50,,
H0404_D7_285C10p_att00_Rq0,H0404_D7_285C10p_att00_Rq0_00285,2021-10-17 16:06:23,885714,28.50,,
H0404_D7_285C10p_att00_Rq0,H0404_D7_285C10p_att00_Rq0_00286,2021-10-17 16:06:28,884532,28.50,,
H0404_D7_285C10p_att00_Rq0,H0404_D7_285C10p_att00_Rq0_00287,2021-10-17 16:06:34,885284,28.50,,
H0404_D7_285C10p_att00_Rq0,H0404_D7_285C10p_att00_Rq0_00288,2021-10-17 16:06:40,888268,28.50,,
H0404_D7_285C10p_att00_Rq0,H0404_D7_285C10p_att00_Rq0_00289,2021-10-17 16:06:46,889827,28.50,,
H0404_D7_285C10p_att00_Rq0,H0404_D7_285C10p_att00_Rq0_00290,2021-10-17 16:06:51,884245,28.50,,
H0404_D7_285C10p_att00_Rq0,H0404_D7_285C10p_att00_Rq0_00291,2021-10-17 16:06:57,885017,28.50,,
H0404_D7_285C10p_att00_Rq0,H0404_D7_285C10p_att00_Rq0_00292,2021-10-17 16:07:03,893169,28.50,,
H0404_D7_285C10p_att00_Rq0,H0404_D7_285C10p_att00_Rq0_00293,2021-10-17 16:07:08,895797,28.50,,
H0404_D7_285C10p_att00_Rq0,H0404_D7_285C10p_att00_Rq0_00294,2021-10-17 16:07:14,891642,28.50,,
H0404_D7_285C10p_att00_Rq0,H0404_D7_285C10p_att00_Rq0_00295,2021-10-17 16:07:20,885898,28.50,,
H0404_D7_285C10p_att00_Rq0,H0404_D7_285C10p_att00_Rq0_00296,2021-10-17 16:07:25,884558,28.50,,
H0404_D7_285C10p_att00_Rq0,H0404_D7_285C10p_att00_Rq0_00297,2021-10-17 16:07:31,887095,28.50,,
H0404_D7_285C10p_att00_Rq0,H0404_D7_285C10p_att00_Rq0_00298,2021-10-17 16:07:37,890727,28.50,,
H0404_D7_285C10p_att00_Rq0,H0404_D7_285C10p_att00_Rq0_00299,2021-10-17 16:07:43,895401,28.50,,
H0404_D7_285C10p_att00_Rq0,H0404_D7_285C10p_att00_Rq0_00300,2021-10-17 16:07:48,884299,28.50,,
H0404_D7_285C10p_att00_Rq0,H0404_D7_285C10p_att00_Rq0_00301,2021-10-17 16:07:56,887730,28.50,,
H0404_D7_285C10p_att00_Rq0,H0404_D7_285C10p_att00_Rq0_00302,2021-10-17 16:08:02,887848,28.50,,
H0404_D7_285C10p_att00_Rq0,H0404_D7_285C10p_att00_Rq0_00303,2021-10-17 16:08:10,890700,28.50,,
H0404_D7_285C10p_att00_Rq0,H0404_D7_285C10p_att00_Rq0_00304,2021-10-17 16:08:16,889237,28.50,,
H0404_D7_285C10p_att00_Rq0,H0404_D7_285C10p_att00_Rq0_00305,2021-10-17 16:08:22,886182,28.50,,
H0404_D7_285C10p_att00_Rq0,H0404_D7_285C10p_att00_Rq0_00306,2021-10-17 16:08:27,886812,28.50,,
H0404_D7_285C10p_att00_Rq0,H0404_D7_285C10p_att00_Rq0_00307,2021-10-17 16:08:33,890641,28.50,,
H0404_D7_285C10p_att00_Rq0,H0404_D7_285C10p_att00_Rq0_00308,2021-10-17 16:08:39,886588,28.50,,
H0404_D7_285C10p_att00_Rq0,H0404_D7_285C10p_att00_Rq0_00309,2021-10-17 16:08:44,890444,28.50,,
H0404_D7_285C10p_att00_Rq0,H0404_D7_285C10p_att00_Rq0_00310,2021-10-17 16:08:50,889820,28.50,,
H0404_D7_285C10p_att00_Rq0,H0404_D7_285C10p_att00_Rq0_00311,2021-10-17 16:08:56,895657,28.50,,
H0404_D7_285C10p_att00_Rq0,H0404_D7_285C10p_att00_Rq0_00312,2021-10-17 16:09:01,892292,28.50,,
H0404_D7_285C10p_att00_Rq0,H0404_D7_285C10p_att00_Rq0_00313,2021-10-17 16:09:07,888235,28.50,,
H0404_D7_285C10p_att00_Rq0,H0404_D7_285C10p_att00_Rq0_00314,2021-10-17 16:09:13,897444,28.50,,
H0404_D7_285C10p_att00_Rq0,H0404_D7_285C10p_att00_Rq0_00315,2021-10-17 16:09:19,888478,28.50,,
H0404_D7_285C10p_att00_Rq0,H0404_D7_285C10p_att00_Rq0_00316,2021-10-17 16:09:28,887585,28.50,,
H0404_D7_285C10p_att00_Rq0,H0404_D7_285C10p_att00_Rq0_00317,2021-10-17 16:09:34,883538,28.50,,
H0404_D7_285C10p_att00_Rq0,H0404_D7_285C10p_att00_Rq0_00318,2021-10-17 16:09:39,896097,28.50,,
H0404_D7_285C10p_att00_Rq0,H0404_D7_285C10p_att00_Rq0_00319,2021-10-17 16:09:45,892085,28.50,,
H0404_D7_285C10p_att00_Rq0,H0404_D7_285C10p_att00_Rq0_00320,2021-10-17 16:09:53,887727,28.50,,
H0404_D7_285C10p_att00_Rq0,H0404_D7_285C10p_att00_Rq0_00321,2021-10-17 16:10:01,893031,28.50,,
H0404_D7_285C10p_att00_Rq0,H0404_D7_285C10p_att00_Rq0_00322,2021-10-17 16:10:07,883655,28.50,,
H0404_D7_285C10p_att00_Rq0,H0404_D7_285C10p_att00_Rq0_00323,2021-10-17 16:10:12,889841,28.50,,
H0404_D7_285C10p_att00_Rq0,H0404_D7_285C10p_att00_Rq0_00324,2021-10-17 16:10:18,886274,28.50,,
H0404_D7_285C10p_att00_Rq0,H0404_D7_285C10p_att00_Rq0_00325,2021-10-17 16:10:24,891507,28.50,,
H0404_D7_285C10p_att00_Rq0,H0404_D7_285C10p_att00_Rq0_00326,2021-10-17 16:10:29,882652,28.50,,
H0404_D7_285C10p_att00_Rq0,H0404_D7_285C10p_att00_Rq0_00327,2021-10-17 16:10:35,895606,28.50,,
H0404_D7_285C10p_att00_Rq0,H0404_D7_285C10p_att00_Rq0_00328,2021-10-17 16:10:41,894158,28.50,,
H0404_D7_285C10p_att00_Rq0,H0404_D7_285C10p_att00_Rq0_00329,2021-10-17 16:10:47,886845,28.50,,
H0404_D7_285C10p_att00_Rq0,H0404_D7_285C10p_att00_Rq0_00330,2021-10-17 16:10:52,882682,28.50,,
H0404_D7_285C10p_att00_Rq0,H0404_D7_285C10p_att00_Rq0_00331,2021-10-17 16:10:58,882051,28.50,,
H0404_D7_285C10p_att00_Rq0,H0404_D7_285C10p_att00_Rq0_00332,2021-10-17 16:11:03,881009,28.50,,
H0404_D7_285C10p_att00_Rq0,H0404_D7_285C10p_att00_Rq0_00333,2021-10-17 16:11:09,885618,28.50,,
H0404_D7_285C10p_att00_Rq0,H0404_D7_285C10p_att00_Rq0_00334,2021-10-17 16:11:14,885745,28.50,,
H0404_D7_285C10p_att00_Rq0,H0404_D7_285C10p_att00_Rq0_00335,2021-10-17 16:11:20,893135,28.50,,
H0404_D7_285C10p_att00_Rq0,H0404_D7_285C10p_att00_Rq0_00336,2021-10-17 16:11:26,881092,28.50,,
H0404_D7_285C10p_att00_Rq0,H0404_D7_285C10p_att00_Rq0_00337,2021-10-17 16:11:31,884686,28.50,,
H0404_D7_285C10p_att00_Rq0,H0404_D7_285C10p_att00_Rq0_00338,2021-10-17 16:11:37,893395,28.50,,
H0404_D7_285C10p_att00_Rq0,H0404_D7_285C10p_att00_Rq0_00339,2021-10-17 16:11:43,886690,28.50,,
H0404_D7_285C10p_att00_Rq0,H0404_D7_285C10p_att00_Rq0_00340,2021-10-17 16:11:49,892215,28.50,,
H0404_D7_285C10p_att00_Rq0,H0404_D7_285C10p_att00_Rq0_00341,2021-10-17 16:11:57,887663,28.50,,
H0404_D7_285C10p_att00_Rq0,H0404_D7_285C10p_att00_Rq0_00342,2021-10-17 16:12:03,881277,28.50,,
H0404_D7_285C10p_att00_Rq0,H0404_D7_285C10p_att00_Rq0_00343,2021-10-17 16:12:08,887205,28.50,,
H0404_D7_285C10p_att00_Rq0,H0404_D7_285C10p_att00_Rq0_00344,2021-10-17 16:12:14,883092,28.50,,
H0404_D7_285C10p_att00_Rq0,H0404_D7_285C10p_att00_Rq0_00345,2021-10-17 16:12:19,879791,28.50,,
H0404_D7_285C10p_att00_Rq0,H0404_D7_285C10p_att00_Rq0_00346,2021-10-17 16:12:25,891734,28.50,,
H0404_D7_285C10p_att00_Rq0,H0404_D7_285C10p_att00_Rq0_00347,2021-10-17 16:12:31,884101,28.50,,
H0404_D7_285C10p_att00_Rq0,H0404_D7_285C10p_att00_Rq0_00348,2021-10-17 16:12:37,879738,28.50,,
H0404_D7_285C10p_att00_Rq0,H0404_D7_285C10p_att00_Rq0_00349,2021-10-17 16:12:42,884024,28.50,,
H0404_D7_285C10p_att00_Rq0,H0404_D7_285C10p_att00_Rq0_00350,2021-10-17 16:12:50,886545,28.50,,
H0404_D7_285C10p_att00_Rq0,H0404_D7_285C10p_att00_Rq0_00351,2021-10-17 16:12:55,885794,28.50,,
H0404_D7_285C10p_att00_Rq0,H0404_D7_285C10p_att00_Rq0_00352,2021-10-17 16:13:01,885310,28.50,,
H0404_D7_285C10p_att00_Rq0,H0404_D7_285C10p_att00_Rq0_00353,2021-10-17 16:13:07,896529,28.50,,
H0404_D7_285C10p_att00_Rq0,H0404_D7_285C10p_att00_Rq0_00354,2021-10-17 16:13:14,890209,28.50,,
H0404_D7_285C10p_att00_Rq0,H0404_D7_285C10p_att00_Rq0_00355,2021-10-17 16:13:20,880123,28.50,,
H0404_D7_285C10p_att00_Rq0,H0404_D7_285C10p_att00_Rq0_00356,2021-10-17 16:13:25,892863,28.50,,
H0404_D7_285C10p_att00_Rq0,H0404_D7_285C10p_att00_Rq0_00357,2021-10-17 16:13:31,886547,28.50,,
H0404_D7_285C10p_att00_Rq0,H0404_D7_285C10p_att00_Rq0_00358,2021-10-17 16:13:37,884728,28.50,,
H0404_D7_285C10p_att00_Rq0,H0404_D7_285C10p_att00_Rq0_00359,2021-10-17 16:13:43,888827,28.50,,
H0404_D7_285C10p_att00_Rq0,H0404_D7_285C10p_att00_Rq0_00360,2021-10-17 16:13:48,884286,28.50,,
H0404_D7_285C10p_att00_Rq0,H0404_D7_285C10p_att00_Rq0_00361,2021-10-17 16:13:56,888339,28.50,,
H0404_D7_285C10p_att00_Rq0,H0404_D7_285C10p_att00_Rq0_00362,2021-10-17 16:14:02,887472,28.50,,
H0404_D7_285C10p_att00_Rq0,H0404_D7_285C10p_att00_Rq0_00363,2021-10-17 16:14:08,884857,28.50,,
H0404_D7_285C10p_att00_Rq0,H0404_D7_285C10p_att00_Rq0_00364,2021-10-17 16:14:13,885956,28.50,,
H0404_D7_285C10p_att00_Rq0,H0404_D7_285C10p_att00_Rq0_00365,2021-10-17 16:14:19,884614,28.50,,
H0404_D7_285C10p_att00_Rq0,H0404_D7_285C10p_att00_Rq0_00366,2021-10-17 16:14:25,880547,28.50,,
H0404_D7_285C10p_att00_Rq0,H0404_D7_285C10p_att00_Rq0_00367,2021-10-17 16:14:30,890802,28.50,,
H0404_D7_285C10p_att00_Rq0,H0404_D7_285C10p_att00_Rq0_00368,2021-10-17 16:14:36,884609,28.50,,
H0404_D7_285C10p_att00_Rq0,H0404_D7_285C10p_att00_Rq0_00369,2021-10-17 16:14:42,884029,28.50,,
H0404_D7_285C10p_att00_Rq0,H0404_D7_285C10p_att00_Rq0_00370,2021-10-17 16:14:48,892881,28.50,,
H0404_D7_285C10p_att00_Rq0,H0404_D7_285C10p_att00_Rq0_00371,2021-10-17 16:14:53,958733,28.50,,
H0404_D7_285C10p_att00_Rq0,H0404_D7_285C10p_att00_Rq0_00372,2021-10-17 16:14:59,890383,28.50,,
H0404_D7_285C10p_att00_Rq0,H0404_D7_285C10p_att00_Rq0_00373,2021-10-17 16:15:05,892134,28.50,,
H0404_D7_285C10p_att00_Rq0,H0404_D7_285C10p_att00_Rq0_00374,2021-10-17 16:15:10,897456,28.50,,
H0404_D7_285C10p_att00_Rq0,H0404_D7_285C10p_att00_Rq0_00375,2021-10-17 16:15:16,886263,28.50,,
H0404_D7_285C10p_att00_Rq0,H0404_D7_285C10p_att00_Rq0_00376,2021-10-17 16:15:22,885166,28.50,,
H0404_D7_285C10p_att00_Rq0,H0404_D7_285C10p_att00_Rq0_00377,2021-10-17 16:15:27,886028,28.50,,
H0404_D7_285C10p_att00_Rq0,H0404_D7_285C10p_att00_Rq0_00378,2021-10-17 16:15:33,882184,28.50,,
H0404_D7_285C10p_att00_Rq0,H0404_D7_285C10p_att00_Rq0_00379,2021-10-17 16:15:39,881962,28.50,,
H0404_D7_285C10p_att00_Rq0,H0404_D7_285C10p_att00_Rq0_00380,2021-10-17 16:15:44,889418,28.50,,
H0404_D7_285C10p_att00_Rq0,H0404_D7_285C10p_att00_Rq0_00381,2021-10-17 16:15:54,888246,28.50,,
H0404_D7_285C10p_att00_Rq0,H0404_D7_285C10p_att00_Rq0_00382,2021-10-17 16:16:00,890824,28.50,,
H0404_D7_285C10p_att00_Rq0,H0404_D7_285C10p_att00_Rq0_00383,2021-10-17 16:16:06,886103,28.50,,
H0404_D7_285C10p_att00_Rq0,H0404_D7_285C10p_att00_Rq0_00384,2021-10-17 16:16:11,884533,28.50,,
H0404_D7_285C10p_att00_Rq0,H0404_D7_285C10p_att00_Rq0_00385,2021-10-17 16:16:17,883410,28.50,,
H0404_D7_285C10p_att00_Rq0,H0404_D7_285C10p_att00_Rq0_00386,2021-10-17 16:16:23,898544,28.50,,
H0404_D7_285C10p_att00_Rq0,H0404_D7_285C10p_att00_Rq0_00387,2021-10-17 16:16:29,880168,28.50,,
H0404_D7_285C10p_att00_Rq0,H0404_D7_285C10p_att00_Rq0_00388,2021-10-17 16:16:36,879079,28.50,,
H0404_D7_285C10p_att00_Rq0,H0404_D7_285C10p_att00_Rq0_00389,2021-10-17 16:16:42,891214,28.50,,
H0404_D7_285C10p_att00_Rq0,H0404_D7_285C10p_att00_Rq0_00390,2021-10-17 16:16:47,885885,28.50,,
H0404_D7_285C10p_att00_Rq0,H0404_D7_285C10p_att00_Rq0_00391,2021-10-17 16:16:53,894073,28.50,,
H0404_D7_285C10p_att00_Rq0,H0404_D7_285C10p_att00_Rq0_00392,2021-10-17 16:16:59,889641,28.50,,
H0404_D7_285C10p_att00_Rq0,H0404_D7_285C10p_att00_Rq0_00393,2021-10-17 16:17:04,885615,28.50,,
H0404_D7_285C10p_att00_Rq0,H0404_D7_285C10p_att00_Rq0_00394,2021-10-17 16:17:10,885373,28.50,,
H0404_D7_285C10p_att00_Rq0,H0404_D7_285C10p_att00_Rq0_00395,2021-10-17 16:17:15,886441,28.50,,
H0404_D7_285C10p_att00_Rq0,H0404_D7_285C10p_att00_Rq0_00396,2021-10-17 16:17:21,881469,28.50,,
H0404_D7_285C10p_att00_Rq0,H0404_D7_285C10p_att00_Rq0_00397,2021-10-17 16:17:27,885191,28.50,,
H0404_D7_285C10p_att00_Rq0,H0404_D7_285C10p_att00_Rq0_00398,2021-10-17 16:17:32,886185,28.50,,
H0404_D7_285C10p_att00_Rq0,H0404_D7_285C10p_att00_Rq0_00399,2021-10-17 16:17:38,887306,28.50,,
H0404_D7_285C10p_att00_Rq0,H0404_D7_285C10p_att00_Rq0_00400,2021-10-17 16:17:44,884110,28.50,,
H0404_D7_285C10p_att00_Rq0,H0404_D7_285C10p_att00_Rq0_00401,2021-10-17 16:17:52,885569,28.50,,
H0404_D7_285C10p_att00_Rq0,H0404_D7_285C10p_att00_Rq0_00402,2021-10-17 16:17:57,886975,28.50,,
H0404_D7_285C10p_att00_Rq0,H0404_D7_285C10p_att00_Rq0_00403,2021-10-17 16:18:03,886163,28.50,,
H0404_D7_285C10p_att00_Rq0,H0404_D7_285C10p_att00_Rq0_00404,2021-10-17 16:18:09,881131,28.50,,
H0404_D7_285C10p_att00_Rq0,H0404_D7_285C10p_att00_Rq0_00405,2021-10-17 16:18:16,889036,28.50,,
H0404_D7_285C10p_att00_Rq0,H0404_D7_285C10p_att00_Rq0_00406,2021-10-17 16:18:22,886588,28.50,,
H0404_D7_285C10p_att00_Rq0,H0404_D7_285C10p_att00_Rq0_00407,2021-10-17 16:18:27,882808,28.50,,
H0404_D7_285C10p_att00_Rq0,H0404_D7_285C10p_att00_Rq0_00408,2021-10-17 16:18:33,891732,28.50,,
H0404_D7_285C10p_att00_Rq0,H0404_D7_285C10p_att00_Rq0_00409,2021-10-17 16:18:39,883196,28.50,,
H0404_D7_285C10p_att00_Rq0,H0404_D7_285C10p_att00_Rq0_00410,2021-10-17 16:18:44,879907,28.50,,
H0404_D7_285C10p_att00_Rq0,H0404_D7_285C10p_att00_Rq0_00411,2021-10-17 16:18:50,883624,28.50,,
H0404_D7_285C10p_att00_Rq0,H0404_D7_285C10p_att00_Rq0_00412,2021-10-17 16:18:56,886267,28.50,,
H0404_D7_285C10p_att00_Rq0,H0404_D7_285C10p_att00_Rq0_00413,2021-10-17 16:19:01,882171,28.50,,
H0404_D7_285C10p_att00_Rq0,H0404_D7_285C10p_att00_Rq0_00414,2021-10-17 16:19:07,891281,28.50,,
H0404_D7_285C10p_att00_Rq0,H0404_D7_285C10p_att00_Rq0_00415,2021-10-17 16:19:13,885305,28.50,,
H0404_D7_285C10p_att00_Rq0,H0404_D7_285C10p_att00_Rq0_00416,2021-10-17 16:19:19,885452,28.50,,
H0404_D7_285C10p_att00_Rq0,H0404_D7_285C10p_att00_Rq0_00417,2021-10-17 16:19:24,886455,28.50,,
H0404_D7_285C10p_att00_Rq0,H0404_D7_285C10p_att00_Rq0_00418,2021-10-17 16:19:33,886308,28.50,,
H0404_D7_285C10p_att00_Rq0,H0404_D7_285C10p_att00_Rq0_00419,2021-10-17 16:19:39,1126889,28.50,,
H0404_D7_285C10p_att00_Rq0,H0404_D7_285C10p_att00_Rq0_00420,2021-10-17 16:19:45,886961,28.50,,
H0404_D7_285C10p_att00_Rq0,H0404_D7_285C10p_att00_Rq0_00421,2021-10-17 16:19:53,885241,28.50,,
H0404_D7_285C10p_att00_Rq0,H0404_D7_285C10p_att00_Rq0_00422,2021-10-17 16:19:59,881682,28.50,,
H0404_D7_285C10p_att00_Rq0,H0404_D7_285C10p_att00_Rq0_00423,2021-10-17 16:20:05,885165,28.50,,
H0404_D7_285C10p_att00_Rq0,H0404_D7_285C10p_att00_Rq0_00424,2021-10-17 16:20:10,1011573,28.50,,
H0404_D7_285C10p_att00_Rq0,H0404_D7_285C10p_att00_Rq0_00425,2021-10-17 16:20:16,884396,28.50,,
H0404_D7_285C10p_att00_Rq0,H0404_D7_285C10p_att00_Rq0_00426,2021-10-17 16:20:22,889437,28.50,,
H0404_D7_285C10p_att00_Rq0,H0404_D7_285C10p_att00_Rq0_00427,2021-10-17 16:20:27,881033,28.50,,
H0404_D7_285C10p_att00_Rq0,H0404_D7_285C10p_att00_Rq0_00428,2021-10-17 16:20:33,883482,28.50,,
H0404_D7_285C10p_att00_Rq0,H0404_D7_285C10p_att00_Rq0_00429,2021-10-17 16:20:39,884477,28.50,,
H0404_D7_285C10p_att00_Rq0,H0404_D7_285C10p_att00_Rq0_00430,2021-10-17 16:20:44,872743,28.50,,
H0404_D7_285C10p_att00_Rq0,H0404_D7_285C10p_att00_Rq0_00431,2021-10-17 16:20:50,882559,28.50,,
H0404_D7_285C10p_att00_Rq0,H0404_D7_285C10p_att00_Rq0_00432,2021-10-17 16:20:56,880842,28.50,,
H0404_D7_285C10p_att00_Rq0,H0404_D7_285C10p_att00_Rq0_00433,2021-10-17 16:21:01,887112,28.50,,
H0404_D7_285C10p_att00_Rq0,H0404_D7_285C10p_att00_Rq0_00434,2021-10-17 16:21:07,886263,28.50,,
H0404_D7_285C10p_att00_Rq0,H0404_D7_285C10p_att00_Rq0_00435,2021-10-17 16:21:13,882117,28.50,,
H0404_D7_285C10p_att00_Rq0,H0404_D7_285C10p_att00_Rq0_00436,2021-10-17 16:21:19,884956,28.50,,
H0404_D7_285C10p_att00_Rq0,H0404_D7_285C10p_att00_Rq0_00437,2021-10-17 16:21:24,882845,28.50,,
H0404_D7_285C10p_att00_Rq0,H0404_D7_285C10p_att00_Rq0_00438,2021-10-17 16:21:30,892168,28.50,,
H0404_D7_285C10p_att00_Rq0,H0404_D7_285C10p_att00_Rq0_00439,2021-10-17 16:21:40,881629,28.50,,
H0404_D7_285C10p_att00_Rq0,H0404_D7_285C10p_att00_Rq0_00440,2021-10-17 16:21:46,886001,28.50,,
H0404_D7_285C10p_att00_Rq0,H0404_D7_285C10p_att00_Rq0_00441,2021-10-17 16:21:54,884762,28.50,,
H0404_D7_285C10p_att00_Rq0,H0404_D7_285C10p_att00_Rq0_00442,2021-10-17 16:22:00,884299,28.50,,
H0404_D7_285C10p_att00_Rq0,H0404_D7_285C10p_att00_Rq0_00443,2021-10-17 16:22:06,880826,28.50,,
H0404_D7_285C10p_att00_Rq0,H0404_D7_285C10p_att00_Rq0_00444,2021-10-17 16:22:11,882949,28.50,,
H0404_D7_285C10p_att00_Rq0,H0404_D7_285C10p_att00_Rq0_00445,2021-10-17 16:22:17,884714,28.50,,
H0404_D7_285C10p_att00_Rq0,H0404_D7_285C10p_att00_Rq0_00446,2021-10-17 16:22:22,884741,28.50,,
H0404_D7_285C10p_att00_Rq0,H0404_D7_285C10p_att00_Rq0_00447,2021-10-17 16:22:28,891128,28.50,,
H0404_D7_285C10p_att00_Rq0,H0404_D7_285C10p_att00_Rq0_00448,2021-10-17 16:22:34,879381,28.50,,
H0404_D7_285C10p_att00_Rq0,H0404_D7_285C10p_att00_Rq0_00449,2021-10-17 16:22:39,885491,28.50,,
H0404_D7_285C10p_att00_Rq0,H0404_D7_285C10p_att00_Rq0_00450,2021-10-17 16:22:45,880705,28.50,,
H0404_D7_285C10p_att00_Rq0,H0404_D7_285C10p_att00_Rq0_00451,2021-10-17 16:22:54,886815,28.50,,
H0404_D7_285C10p_att00_Rq0,H0404_D7_285C10p_att00_Rq0_00452,2021-10-17 16:22:59,1095549,28.50,,
H0404_D7_285C10p_att00_Rq0,H0404_D7_285C10p_att00_Rq0_00453,2021-10-17 16:23:06,879095,28.50,,
H0404_D7_285C10p_att00_Rq0,H0404_D7_285C10p_att00_Rq0_00454,2021-10-17 16:23:11,892892,28.50,,
H0404_D7_285C10p_att00_Rq0,H0404_D7_285C10p_att00_Rq0_00455,2021-10-17 16:23:19,893557,28.50,,
H0404_D7_285C10p_att00_Rq0,H0404_D7_285C10p_att00_Rq0_00456,2021-10-17 16:23:25,885517,28.50,,
H0404_D7_285C10p_att00_Rq0,H0404_D7_285C10p_att00_Rq0_00457,2021-10-17 16:23:31,886176,28.50,,
H0404_D7_285C10p_att00_Rq0,H0404_D7_285C10p_att00_Rq0_00458,2021-10-17 16:23:36,884757,28.50,,
H0404_D7_285C10p_att00_Rq0,H0404_D7_285C10p_att00_Rq0_00459,2021-10-17 16:23:42,885215,28.50,,
H0404_D7_285C10p_att00_Rq0,H0404_D7_285C10p_att00_Rq0_00460,2021-10-17 16:23:48,887382,28.50,,
H0404_D7_285C10p_att00_Rq0,H0404_D7_285C10p_att00_Rq0_00461,2021-10-17 16:23:55,885301,28.50,,
H0404_D7_285C10p_att00_Rq0,H0404_D7_285C10p_att00_Rq0_00462,2021-10-17 16:24:01,886211,28.50,,
H0404_D7_285C10p_att00_Rq0,H0404_D7_285C10p_att00_Rq0_00463,2021-10-17 16:24:06,884740,28.50,,
H0404_D7_285C10p_att00_Rq0,H0404_D7_285C10p_att00_Rq0_00464,2021-10-17 16:24:12,884014,28.50,,
H0404_D7_285C10p_att00_Rq0,H0404_D7_285C10p_att00_Rq0_00465,2021-10-17 16:24:18,881182,28.50,,
H0404_D7_285C10p_att00_Rq0,H0404_D7_285C10p_att00_Rq0_00466,2021-10-17 16:24:23,880104,28.50,,
H0404_D7_285C10p_att00_Rq0,H0404_D7_285C10p_att00_Rq0_00467,2021-10-17 16:24:29,884450,28.50,,
H0404_D7_285C10p_att00_Rq0,H0404_D7_285C10p_att00_Rq0_00468,2021-10-17 16:24:35,888273,28.50,,
H0404_D7_285C10p_att00_Rq0,H0404_D7_285C10p_att00_Rq0_00469,2021-10-17 16:24:40,891615,28.50,,
H0404_D7_285C10p_att00_Rq0,H0404_D7_285C10p_att00_Rq0_00470,2021-10-17 16:24:46,881736,28.50,,
H0404_D7_285C10p_att00_Rq0,H0404_D7_285C10p_att00_Rq0_00471,2021-10-17 16:24:52,882225,28.50,,
H0404_D7_285C10p_att00_Rq0,H0404_D7_285C10p_att00_Rq0_00472,2021-10-17 16:24:57,881185,28.50,,
H0404_D7_285C10p_att00_Rq0,H0404_D7_285C10p_att00_Rq0_00473,2021-10-17 16:25:03,881636,28.50,,
H0404_D7_285C10p_att00_Rq0,H0404_D7_285C10p_att00_Rq0_00474,2021-10-17 16:25:09,882511,28.50,,
H0404_D7_285C10p_att00_Rq0,H0404_D7_285C10p_att00_Rq0_00475,2021-10-17 16:25:15,885524,28.50,,
H0404_D7_285C10p_att00_Rq0,H0404_D7_285C10p_att00_Rq0_00476,2021-10-17 16:25:20,885860,28.50,,
H0404_D7_285C10p_att00_Rq0,H0404_D7_285C10p_att00_Rq0_00477,2021-10-17 16:25:26,892645,28.50,,
H0404_D7_285C10p_att00_Rq0,H0404_D7_285C10p_att00_Rq0_00478,2021-10-17 16:25:32,886091,28.50,,
H0404_D7_285C10p_att00_Rq0,H0404_D7_285C10p_att00_Rq0_00479,2021-10-17 16:25:37,1084800,28.50,,
H0404_D7_285C10p_att00_Rq0,H0404_D7_285C10p_att00_Rq0_00480,2021-10-17 16:25:43,885633,28.50,,
H0404_D7_285C10p_att00_Rq0,H0404_D7_285C10p_att00_Rq0_00481,2021-10-17 16:25:51,884493,28.50,,
H0404_D7_285C10p_att00_Rq0,H0404_D7_285C10p_att00_Rq0_00482,2021-10-17 16:25:57,883699,28.50,,
H0404_D7_285C10p_att00_Rq0,H0404_D7_285C10p_att00_Rq0_00483,2021-10-17 16:26:03,972549,28.50,,
H0404_D7_285C10p_att00_Rq0,H0404_D7_285C10p_att00_Rq0_00484,2021-10-17 16:26:09,881522,28.50,,
H0404_D7_285C10p_att00_Rq0,H0404_D7_285C10p_att00_Rq0_00485,2021-10-17 16:26:14,880726,28.50,,
H0404_D7_285C10p_att00_Rq0,H0404_D7_285C10p_att00_Rq0_00486,2021-10-17 16:26:20,884877,28.50,,
H0404_D7_285C10p_att00_Rq0,H0404_D7_285C10p_att00_Rq0_00487,2021-10-17 16:26:26,881346,28.50,,
H0404_D7_285C10p_att00_Rq0,H0404_D7_285C10p_att00_Rq0_00488,2021-10-17 16:26:31,883930,28.50,,
H0404_D7_285C10p_att00_Rq0,H0404_D7_285C10p_att00_Rq0_00489,2021-10-17 16:26:37,887279,28.50,,
H0404_D7_285C10p_att00_Rq0,H0404_D7_285C10p_att00_Rq0_00490,2021-10-17 16:26:42,880136,28.50,,
H0404_D7_285C10p_att00_Rq0,H0404_D7_285C10p_att00_Rq0_00491,2021-10-17 16:26:48,887407,28.50,,
H0404_D7_285C10p_att00_Rq0,H0404_D7_285C10p_att00_Rq0_00492,2021-10-17 16:26:53,886528,28.50,,
H0404_D7_285C10p_att00_Rq0,H0404_D7_285C10p_att00_Rq0_00493,2021-10-17 16:26:59,887141,28.50,,
H0404_D7_285C10p_att00_Rq0,H0404_D7_285C10p_att00_Rq0_00494,2021-10-17 16:27:05,882864,28.50,,
H0404_D7_285C10p_att00_Rq0,H0404_D7_285C10p_att00_Rq0_00495,2021-10-17 16:27:10,894618,28.50,,
H0404_D7_285C10p_att00_Rq0,H0404_D7_285C10p_att00_Rq0_00496,2021-10-17 16:27:16,886167,28.50,,
H0404_D7_285C10p_att00_Rq0,H0404_D7_285C10p_att00_Rq0_00497,2021-10-17 16:27:22,886972,28.50,,
H0404_D7_285C10p_att00_Rq0,H0404_D7_285C10p_att00_Rq0_00498,2021-10-17 16:27:27,882310,28.50,,
H0404_D7_285C10p_att00_Rq0,H0404_D7_285C10p_att00_Rq0_00499,2021-10-17 16:27:33,883075,28.50,,
H0404_D7_285C10p_att00_Rq0,H0404_D7_285C10p_att00_Rq0_00500,2021-10-17 16:27:39,884995,28.50,,
H0404_D7_285C10p_att00_Rq0,H0404_D7_285C10p_att00_Rq0_00501,2021-10-17 16:27:47,887468,28.50,,
H0404_D7_285C10p_att00_Rq0,H0404_D7_285C10p_att00_Rq0_00502,2021-10-17 16:27:55,884479,28.50,,
H0404_D7_285C10p_att00_Rq0,H0404_D7_285C10p_att00_Rq0_00503,2021-10-17 16:28:00,891262,28.50,,
H0404_D7_285C10p_att00_Rq0,H0404_D7_285C10p_att00_Rq0_00504,2021-10-17 16:28:06,1154736,28.50,,
H0404_D7_285C10p_att00_Rq0,H0404_D7_285C10p_att00_Rq0_00505,2021-10-17 16:28:13,884560,28.50,,
H0404_D7_285C10p_att00_Rq0,H0404_D7_285C10p_att00_Rq0_00506,2021-10-17 16:28:22,884792,28.50,,
H0404_D7_285C10p_att00_Rq0,H0404_D7_285C10p_att00_Rq0_00507,2021-10-17 16:28:28,884745,28.50,,
H0404_D7_285C10p_att00_Rq0,H0404_D7_285C10p_att00_Rq0_00508,2021-10-17 16:28:34,889604,28.50,,
H0404_D7_285C10p_att00_Rq0,H0404_D7_285C10p_att00_Rq0_00509,2021-10-17 16:28:39,884823,28.50,,
H0404_D7_285C10p_att00_Rq0,H0404_D7_285C10p_att00_Rq0_00510,2021-10-17 16:28:45,886691,28.50,,
H0404_D7_285C10p_att00_Rq0,H0404_D7_285C10p_att00_Rq0_00511,2021-10-17 16:28:51,883463,28.50,,
H0404_D7_285C10p_att00_Rq0,H0404_D7_285C10p_att00_Rq0_00512,2021-10-17 16:28:56,886615,28.50,,
H0404_D7_285C10p_att00_Rq0,H0404_D7_285C10p_att00_Rq0_00513,2021-10-17 16:29:02,891297,28.50,,
H0404_D7_285C10p_att00_Rq0,H0404_D7_285C10p_att00_Rq0_00514,2021-10-17 16:29:08,887214,28.50,,
H0404_D7_285C10p_att00_Rq0,H0404_D7_285C10p_att00_Rq0_00515,2021-10-17 16:29:13,887435,28.50,,
H0404_D7_285C10p_att00_Rq0,H0404_D7_285C10p_att00_Rq0_00516,2021-10-17 16:29:19,886072,28.50,,
H0404_D7_285C10p_att00_Rq0,H0404_D7_285C10p_att00_Rq0_00517,2021-10-17 16:29:25,892532,28.50,,
H0404_D7_285C10p_att00_Rq0,H0404_D7_285C10p_att00_Rq0_00518,2021-10-17 16:29:30,890754,28.50,,
H0404_D7_285C10p_att00_Rq0,H0404_D7_285C10p_att00_Rq0_00519,2021-10-17 16:29:36,895433,28.50,,
H0404_D7_285C10p_att00_Rq0,H0404_D7_285C10p_att00_Rq0_00520,2021-10-17 16:29:42,881540,28.50,,
H0404_D7_285C10p_att00_Rq0,H0404_D7_285C10p_att00_Rq0_00521,2021-10-17 16:29:50,889671,28.50,,
H0404_D7_285C10p_att00_Rq0,H0404_D7_285C10p_att00_Rq0_00522,2021-10-17 16:29:55,889738,28.50,,
H0404_D7_285C10p_att00_Rq0,H0404_D7_285C10p_att00_Rq0_00523,2021-10-17 16:30:01,885477,28.50,,
H0404_D7_285C10p_att00_Rq0,H0404_D7_285C10p_att00_Rq0_00524,2021-10-17 16:30:07,886077,28.50,,
H0404_D7_285C10p_att00_Rq0,H0404_D7_285C10p_att00_Rq0_00525,2021-10-17 16:30:13,892216,28.50,,
H0404_D7_285C10p_att00_Rq0,H0404_D7_285C10p_att00_Rq0_00526,2021-10-17 16:30:19,885449,28.50,,
H0404_D7_285C10p_att00_Rq0,H0404_D7_285C10p_att00_Rq0_00527,2021-10-17 16:30:24,1118363,28.50,,
H0404_D7_285C10p_att00_Rq0,H0404_D7_285C10p_att00_Rq0_00528,2021-10-17 16:30:31,890782,28.50,,
H0404_D7_285C10p_att00_Rq0,H0404_D7_285C10p_att00_Rq0_00529,2021-10-17 16:30:36,889518,28.50,,
H0404_D7_285C10p_att00_Rq0,H0404_D7_285C10p_att00_Rq0_00530,2021-10-17 16:30:42,885573,28.50,,
H0404_D7_285C10p_att00_Rq0,H0404_D7_285C10p_att00_Rq0_00531,2021-10-17 16:30:48,887514,28.50,,
H0404_D7_285C10p_att00_Rq0,H0404_D7_285C10p_att00_Rq0_00532,2021-10-17 16:30:53,888928,28.50,,
H0404_D7_285C10p_att00_Rq0,H0404_D7_285C10p_att00_Rq0_00533,2021-10-17 16:30:59,888686,28.50,,
H0404_D7_285C10p_att00_Rq0,H0404_D7_285C10p_att00_Rq0_00534,2021-10-17 16:31:04,884595,28.50,,
H0404_D7_285C10p_att00_Rq0,H0404_D7_285C10p_att00_Rq0_00535,2021-10-17 16:31:10,883959,28.50,,
H0404_D7_285C10p_att00_Rq0,H0404_D7_285C10p_att00_Rq0_00536,2021-10-17 16:31:16,890620,28.50,,
H0404_D7_285C10p_att00_Rq0,H0404_D7_285C10p_att00_Rq0_00537,2021-10-17 16:31:21,886909,28.50,,
H0404_D7_285C10p_att00_Rq0,H0404_D7_285C10p_att00_Rq0_00538,2021-10-17 16:31:27,890943,28.50,,
H0404_D7_285C10p_att00_Rq0,H0404_D7_285C10p_att00_Rq0_00539,2021-10-17 16:31:33,887218,28.50,,
H0404_D7_285C10p_att00_Rq0,H0404_D7_285C10p_att00_Rq0_00540,2021-10-17 16:31:38,886466,28.50,,
H0404_D7_285C10p_att00_Rq0,H0404_D7_285C10p_att00_Rq0_00541,2021-10-17 16:31:46,891457,28.50,,
H0404_D7_285C10p_att00_Rq0,H0404_D7_285C10p_att00_Rq0_00542,2021-10-17 16:31:52,882355,28.50,,
H0404_D7_285C10p_att00_Rq0,H0404_D7_285C10p_att00_Rq0_00543,2021-10-17 16:31:57,881649,28.50,,
H0404_D7_285C10p_att00_Rq0,H0404_D7_285C10p_att00_Rq0_00544,2021-10-17 16:32:03,894487,28.50,,
H0404_D7_285C10p_att00_Rq0,H0404_D7_285C10p_att00_Rq0_00545,2021-10-17 16:32:09,881482,28.50,,
H0404_D7_285C10p_att00_Rq0,H0404_D7_285C10p_att00_Rq0_00546,2021-10-17 16:32:14,886036,28.50,,
H0404_D7_285C10p_att00_Rq0,H0404_D7_285C10p_att00_Rq0_00547,2021-10-17 16:32:20,890523,28.50,,
H0404_D7_285C10p_att00_Rq0,H0404_D7_285C10p_att00_Rq0_00548,2021-10-17 16:32:26,881598,28.50,,
H0404_D7_285C10p_att00_Rq0,H0404_D7_285C10p_att00_Rq0_00549,2021-10-17 16:32:31,886111,28.50,,
H0404_D7_285C10p_att00_Rq0,H0404_D7_285C10p_att00_Rq0_00550,2021-10-17 16:32:37,885534,28.50,,
H0404_D7_285C10p_att00_Rq0,H0404_D7_285C10p_att00_Rq0_00551,2021-10-17 16:32:43,885970,28.50,,
H0404_D7_285C10p_att00_Rq0,H0404_D7_285C10p_att00_Rq0_00552,2021-10-17 16:32:48,881801,28.50,,
H0404_D7_285C10p_att00_Rq0,H0404_D7_285C10p_att00_Rq0_00553,2021-10-17 16:32:54,894115,28.50,,
H0404_D7_285C10p_att00_Rq0,H0404_D7_285C10p_att00_Rq0_00554,2021-10-17 16:33:00,884018,28.50,,
H0404_D7_285C10p_att00_Rq0,H0404_D7_285C10p_att00_Rq0_00555,2021-10-17 16:33:05,884779,28.50,,
H0404_D7_285C10p_att00_Rq0,H0404_D7_285C10p_att00_Rq0_00556,2021-10-17 16:33:11,885253,28.50,,
H0404_D7_285C10p_att00_Rq0,H0404_D7_285C10p_att00_Rq0_00557,2021-10-17 16:33:16,887642,28.50,,
H0404_D7_285C10p_att00_Rq0,H0404_D7_285C10p_att00_Rq0_00558,2021-10-17 16:33:23,880819,28.50,,
H0404_D7_285C10p_att00_Rq0,H0404_D7_285C10p_att00_Rq0_00559,2021-10-17 16:33:29,892706,28.50,,
H0404_D7_285C10p_att00_Rq0,H0404_D7_285C10p_att00_Rq0_00560,2021-10-17 16:33:35,884014,28.50,,
H0404_D7_285C10p_att00_Rq0,H0404_D7_285C10p_att00_Rq0_00561,2021-10-17 16:33:42,882988,28.50,,
H0404_D7_285C10p_att00_Rq0,H0404_D7_285C10p_att00_Rq0_00562,2021-10-17 16:33:48,886851,28.50,,
H0404_D7_285C10p_att00_Rq0,H0404_D7_285C10p_att00_Rq0_00563,2021-10-17 16:33:54,878785,28.50,,
H0404_D7_285C10p_att00_Rq0,H0404_D7_285C10p_att00_Rq0_00564,2021-10-17 16:33:59,882961,28.50,,
H0404_D7_285C10p_att00_Rq0,H0404_D7_285C10p_att00_Rq0_00565,2021-10-17 16:34:05,892314,28.50,,
H0404_D7_285C10p_att00_Rq0,H0404_D7_285C10p_att00_Rq0_00566,2021-10-17 16:34:11,878296,28.50,,
H0404_D7_285C10p_att00_Rq0,H0404_D7_285C10p_att00_Rq0_00567,2021-10-17 16:34:16,881176,28.50,,
H0404_D7_285C10p_att00_Rq0,H0404_D7_285C10p_att00_Rq0_00568,2021-10-17 16:34:22,891373,28.50,,
H0404_D7_285C10p_att00_Rq0,H0404_D7_285C10p_att00_Rq0_00569,2021-10-17 16:34:28,882331,28.50,,
H0404_D7_285C10p_att00_Rq0,H0404_D7_285C10p_att00_Rq0_00570,2021-10-17 16:34:33,881364,28.50,,
H0404_D7_285C10p_att00_Rq0,H0404_D7_285C10p_att00_Rq0_00571,2021-10-17 16:34:39,879212,28.50,,
H0404_D7_285C10p_att00_Rq0,H0404_D7_285C10p_att00_Rq0_00572,2021-10-17 16:34:45,883950,28.50,,
H0404_D7_285C10p_att00_Rq0,H0404_D7_285C10p_att00_Rq0_00573,2021-10-17 16:34:50,887765,28.50,,
H0404_D7_285C10p_att00_Rq0,H0404_D7_285C10p_att00_Rq0_00574,2021-10-17 16:34:56,883658,28.50,,
H0404_D7_285C10p_att00_Rq0,H0404_D7_285C10p_att00_Rq0_00575,2021-10-17 16:35:01,881159,28.50,,
H0404_D7_285C10p_att00_Rq0,H0404_D7_285C10p_att00_Rq0_00576,2021-10-17 16:35:07,882233,28.50,,
H0404_D7_285C10p_att00_Rq0,H0404_D7_285C10p_att00_Rq0_00577,2021-10-17 16:35:13,885664,28.50,,
H0404_D7_285C10p_att00_Rq0,H0404_D7_285C10p_att00_Rq0_00578,2021-10-17 16:35:18,885844,28.50,,
H0404_D7_285C10p_att00_Rq0,H0404_D7_285C10p_att00_Rq0_00579,2021-10-17 16:35:24,881195,28.50,,
H0404_D7_285C10p_att00_Rq0,H0404_D7_285C10p_att00_Rq0_00580,2021-10-17 16:35:30,888872,28.50,,
H0404_D7_285C10p_att00_Rq0,H0404_D7_285C10p_att00_Rq0_00581,2021-10-17 16:35:38,884869,28.50,,
H0404_D7_285C10p_att00_Rq0,H0404_D7_285C10p_att00_Rq0_00582,2021-10-17 16:35:43,880257,28.50,,
H0404_D7_285C10p_att00_Rq0,H0404_D7_285C10p_att00_Rq0_00583,2021-10-17 16:35:49,884501,28.50,,
H0404_D7_285C10p_att00_Rq0,H0404_D7_285C10p_att00_Rq0_00584,2021-10-17 16:35:55,1133348,28.50,,
H0404_D7_285C10p_att00_Rq0,H0404_D7_285C10p_att00_Rq0_00585,2021-10-17 16:36:01,885489,28.50,,
H0404_D7_285C10p_att00_Rq0,H0404_D7_285C10p_att00_Rq0_00586,2021-10-17 16:36:07,881019,28.50,,
H0404_D7_285C10p_att00_Rq0,H0404_D7_285C10p_att00_Rq0_00587,2021-10-17 16:36:12,882356,28.50,,
H0404_D7_285C10p_att00_Rq0,H0404_D7_285C10p_att00_Rq0_00588,2021-10-17 16:36:18,886290,28.50,,
H0404_D7_285C10p_att00_Rq0,H0404_D7_285C10p_att00_Rq0_00589,2021-10-17 16:36:23,890075,28.50,,
H0404_D7_285C10p_att00_Rq0,H0404_D7_285C10p_att00_Rq0_00590,2021-10-17 16:36:29,880924,28.50,,
H0404_D7_285C10p_att00_Rq0,H0404_D7_285C10p_att00_Rq0_00591,2021-10-17 16:36:35,878722,28.50,,
H0404_D7_285C10p_att00_Rq0,H0404_D7_285C10p_att00_Rq0_00592,2021-10-17 16:36:40,887311,28.50,,
H0404_D7_285C10p_att00_Rq0,H0404_D7_285C10p_att00_Rq0_00593,2021-10-17 16:36:46,889372,28.50,,
H0404_D7_285C10p_att00_Rq0,H0404_D7_285C10p_att00_Rq0_00594,2021-10-17 16:36:52,886623,28.50,,
H0404_D7_285C10p_att00_Rq0,H0404_D7_285C10p_att00_Rq0_00595,2021-10-17 16:36:57,885873,28.50,,
H0404_D7_285C10p_att00_Rq0,H0404_D7_285C10p_att00_Rq0_00596,2021-10-17 16:37:03,886227,28.50,,
H0404_D7_285C10p_att00_Rq0,H0404_D7_285C10p_att00_Rq0_00597,2021-10-17 16:37:09,880859,28.50,,
H0404_D7_285C10p_att00_Rq0,H0404_D7_285C10p_att00_Rq0_00598,2021-10-17 16:37:14,889590,28.50,,
H0404_D7_285C10p_att00_Rq0,H0404_D7_285C10p_att00_Rq0_00599,2021-10-17 16:37:20,881208,28.50,,
H0404_D7_285C10p_att00_Rq0,H0404_D7_285C10p_att00_Rq0_00600,2021-10-17 16:37:26,885675,28.50,,
H0404_D7_285C10p_att00_Rq0,H0404_D7_285C10p_att00_Rq0_00601,2021-10-17 16:37:33,881897,28.50,,
H0404_D7_285C10p_att00_Rq0,H0404_D7_285C10p_att00_Rq0_00602,2021-10-17 16:37:39,885569,28.50,,
H0404_D7_285C10p_att00_Rq0,H0404_D7_285C10p_att00_Rq0_00603,2021-10-17 16:37:45,893495,28.50,,
H0404_D7_285C10p_att00_Rq0,H0404_D7_285C10p_att00_Rq0_00604,2021-10-17 16:37:51,884341,28.50,,
H0404_D7_285C10p_att00_Rq0,H0404_D7_285C10p_att00_Rq0_00605,2021-10-17 16:37:57,883017,28.50,,
H0404_D7_285C10p_att00_Rq0,H0404_D7_285C10p_att00_Rq0_00606,2021-10-17 16:38:02,884707,28.50,,
H0404_D7_285C10p_att00_Rq0,H0404_D7_285C10p_att00_Rq0_00607,2021-10-17 16:38:08,886394,28.50,,
H0404_D7_285C10p_att00_Rq0,H0404_D7_285C10p_att00_Rq0_00608,2021-10-17 16:38:13,886131,28.50,,
H0404_D7_285C10p_att00_Rq0,H0404_D7_285C10p_att00_Rq0_00609,2021-10-17 16:38:19,880349,28.50,,
H0404_D7_285C10p_att00_Rq0,H0404_D7_285C10p_att00_Rq0_00610,2021-10-17 16:38:28,880290,28.50,,
H0404_D7_285C10p_att00_Rq0,H0404_D7_285C10p_att00_Rq0_00611,2021-10-17 16:38:33,883427,28.50,,
H0404_D7_285C10p_att00_Rq0,H0404_D7_285C10p_att00_Rq0_00612,2021-10-17 16:38:39,884244,28.50,,
H0404_D7_285C10p_att00_Rq0,H0404_D7_285C10p_att00_Rq0_00613,2021-10-17 16:38:44,880815,28.50,,
H0404_D7_285C10p_att00_Rq0,H0404_D7_285C10p_att00_Rq0_00614,2021-10-17 16:38:50,890896,28.50,,
H0404_D7_285C10p_att00_Rq0,H0404_D7_285C10p_att00_Rq0_00615,2021-10-17 16:38:56,886961,28.50,,
H0404_D7_285C10p_att00_Rq0,H0404_D7_285C10p_att00_Rq0_00616,2021-10-17 16:39:01,885619,28.50,,
H0404_D7_285C10p_att00_Rq0,H0404_D7_285C10p_att00_Rq0_00617,2021-10-17 16:39:07,886312,28.50,,
H0404_D7_285C10p_att00_Rq0,H0404_D7_285C10p_att00_Rq0_00618,2021-10-17 16:39:13,894478,28.50,,
H0404_D7_285C10p_att00_Rq0,H0404_D7_285C10p_att00_Rq0_00619,2021-10-17 16:39:18,886218,28.50,,
H0404_D7_285C10p_att00_Rq0,H0404_D7_285C10p_att00_Rq0_00620,2021-10-17 16:39:24,930930,28.50,,
H0404_D7_285C10p_att00_Rq0,H0404_D7_285C10p_att00_Rq0_00621,2021-10-17 16:39:32,881937,28.50,,
H0404_D7_285C10p_att00_Rq0,H0404_D7_285C10p_att00_Rq0_00622,2021-10-17 16:39:38,893669,28.50,,
H0404_D7_285C10p_att00_Rq0,H0404_D7_285C10p_att00_Rq0_00623,2021-10-17 16:39:44,891295,28.50,,
H0404_D7_285C10p_att00_Rq0,H0404_D7_285C10p_att00_Rq0_00624,2021-10-17 16:39:49,881144,28.50,,
H0404_D7_285C10p_att00_Rq0,H0404_D7_285C10p_att00_Rq0_00625,2021-10-17 16:39:55,884049,28.50,,
H0404_D7_285C10p_att00_Rq0,H0404_D7_285C10p_att00_Rq0_00626,2021-10-17 16:40:01,884411,28.50,,
H0404_D7_285C10p_att00_Rq0,H0404_D7_285C10p_att00_Rq0_00627,2021-10-17 16:40:06,880018,28.50,,
H0404_D7_285C10p_att00_Rq0,H0404_D7_285C10p_att00_Rq0_00628,2021-10-17 16:40:15,890118,28.50,,
H0404_D7_285C10p_att00_Rq0,H0404_D7_285C10p_att00_Rq0_00629,2021-10-17 16:40:21,880041,28.50,,
H0404_D7_285C10p_att00_Rq0,H0404_D7_285C10p_att00_Rq0_00630,2021-10-17 16:40:26,882006,28.50,,
H0404_D7_285C10p_att00_Rq0,H0404_D7_285C10p_att00_Rq0_00631,2021-10-17 16:40:32,882595,28.50,,
H0404_D7_285C10p_att00_Rq0,H0404_D7_285C10p_att00_Rq0_00632,2021-10-17 16:40:38,891041,28.50,,
H0404_D7_285C10p_att00_Rq0,H0404_D7_285C10p_att00_Rq0_00633,2021-10-17 16:40:43,883191,28.50,,
H0404_D7_285C10p_att00_Rq0,H0404_D7_285C10p_att00_Rq0_00634,2021-10-17 16:40:49,885502,28.50,,
H0404_D7_285C10p_att00_Rq0,H0404_D7_285C10p_att00_Rq0_00635,2021-10-17 16:40:55,882295,28.50,,
H0404_D7_285C10p_att00_Rq0,H0404_D7_285C10p_att00_Rq0_00636,2021-10-17 16:41:00,885258,28.50,,
H0404_D7_285C10p_att00_Rq0,H0404_D7_285C10p_att00_Rq0_00637,2021-10-17 16:41:06,881528,28.50,,
H0404_D7_285C10p_att00_Rq0,H0404_D7_285C10p_att00_Rq0_00638,2021-10-17 16:41:12,884829,28.50,,
H0404_D7_285C10p_att00_Rq0,H0404_D7_285C10p_att00_Rq0_00639,2021-10-17 16:41:18,890250,28.50,,
H0404_D7_285C10p_att00_Rq0,H0404_D7_285C10p_att00_Rq0_00640,2021-10-17 16:41:23,881305,28.50,,
H0404_D7_285C10p_att00_Rq0,H0404_D7_285C10p_att00_Rq0_00641,2021-10-17 16:41:31,888813,28.50,,
H0404_D7_285C10p_att00_Rq0,H0404_D7_285C10p_att00_Rq0_00642,2021-10-17 16:41:37,888794,28.50,,
H0404_D7_285C10p_att00_Rq0,H0404_D7_285C10p_att00_Rq0_00643,2021-10-17 16:41:43,883835,28.50,,
H0404_D7_285C10p_att00_Rq0,H0404_D7_285C10p_att00_Rq0_00644,2021-10-17 16:41:48,881048,28.50,,
H0404_D7_285C10p_att00_Rq0,H0404_D7_285C10p_att00_Rq0_00645,2021-10-17 16:41:57,880747,28.50,,
H0404_D7_285C10p_att00_Rq0,H0404_D7_285C10p_att00_Rq0_00646,2021-10-17 16:42:03,890055,28.50,,
H0404_D7_285C10p_att00_Rq0,H0404_D7_285C10p_att00_Rq0_00647,2021-10-17 16:42:09,888439,28.50,,
H0404_D7_285C10p_att00_Rq0,H0404_D7_285C10p_att00_Rq0_00648,2021-10-17 16:42:15,883663,28.50,,
H0404_D7_285C10p_att00_Rq0,H0404_D7_285C10p_att00_Rq0_00649,2021-10-17 16:42:20,891921,28.50,,
H0404_D7_285C10p_att00_Rq0,H0404_D7_285C10p_att00_Rq0_00650,2021-10-17 16:42:26,892934,28.50,,
H0404_D7_285C10p_att00_Rq0,H0404_D7_285C10p_att00_Rq0_00651,2021-10-17 16:42:32,889129,28.50,,
H0404_D7_285C10p_att00_Rq0,H0404_D7_285C10p_att00_Rq0_00652,2021-10-17 16:42:38,889803,28.50,,
H0404_D7_285C10p_att00_Rq0,H0404_D7_285C10p_att00_Rq0_00653,2021-10-17 16:42:43,884182,28.50,,
H0404_D7_285C10p_att00_Rq0,H0404_D7_285C10p_att00_Rq0_00654,2021-10-17 16:42:49,882684,28.50,,
H0404_D7_285C10p_att00_Rq0,H0404_D7_285C10p_att00_Rq0_00655,2021-10-17 16:42:54,891973,28.50,,
H0404_D7_285C10p_att00_Rq0,H0404_D7_285C10p_att00_Rq0_00656,2021-10-17 16:43:00,881832,28.50,,
H0404_D7_285C10p_att00_Rq0,H0404_D7_285C10p_att00_Rq0_00657,2021-10-17 16:43:06,882267,28.50,,
H0404_D7_285C10p_att00_Rq0,H0404_D7_285C10p_att00_Rq0_00658,2021-10-17 16:43:12,886421,28.50,,
H0404_D7_285C10p_att00_Rq0,H0404_D7_285C10p_att00_Rq0_00659,2021-10-17 16:43:17,885505,28.50,,
H0404_D7_285C10p_att00_Rq0,H0404_D7_285C10p_att00_Rq0_00660,2021-10-17 16:43:23,885009,28.50,,
H0404_D7_285C10p_att00_Rq0,H0404_D7_285C10p_att00_Rq0_00661,2021-10-17 16:43:31,886324,28.50,,
H0404_D7_285C10p_att00_Rq0,H0404_D7_285C10p_att00_Rq0_00662,2021-10-17 16:43:36,880186,28.50,,
H0404_D7_285C10p_att00_Rq0,H0404_D7_285C10p_att00_Rq0_00663,2021-10-17 16:43:42,890846,28.50,,
H0404_D7_285C10p_att00_Rq0,H0404_D7_285C10p_att00_Rq0_00664,2021-10-17 16:43:48,890384,28.50,,
H0404_D7_285C10p_att00_Rq0,H0404_D7_285C10p_att00_Rq0_00665,2021-10-17 16:43:53,879973,28.50,,
H0404_D7_285C10p_att00_Rq0,H0404_D7_285C10p_att00_Rq0_00666,2021-10-17 16:43:59,1093403,28.50,,
H0404_D7_285C10p_att00_Rq0,H0404_D7_285C10p_att00_Rq0_00667,2021-10-17 16:44:05,885473,28.50,,
H0404_D7_285C10p_att00_Rq0,H0404_D7_285C10p_att00_Rq0_00668,2021-10-17 16:44:11,879559,28.50,,
H0404_D7_285C10p_att00_Rq0,H0404_D7_285C10p_att00_Rq0_00669,2021-10-17 16:44:17,883407,28.50,,
H0404_D7_285C10p_att00_Rq0,H0404_D7_285C10p_att00_Rq0_00670,2021-10-17 16:44:22,880110,28.50,,
H0404_D7_285C10p_att00_Rq0,H0404_D7_285C10p_att00_Rq0_00671,2021-10-17 16:44:28,883519,28.50,,
H0404_D7_285C10p_att00_Rq0,H0404_D7_285C10p_att00_Rq0_00672,2021-10-17 16:44:33,880128,28.50,,
H0404_D7_285C10p_att00_Rq0,H0404_D7_285C10p_att00_Rq0_00673,2021-10-17 16:44:39,882633,28.50,,
H0404_D7_285C10p_att00_Rq0,H0404_D7_285C10p_att00_Rq0_00674,2021-10-17 16:44:45,876296,28.50,,
H0404_D7_285C10p_att00_Rq0,H0404_D7_285C10p_att00_Rq0_00675,2021-10-17 16:44:55,881586,28.50,,
H0404_D7_285C10p_att00_Rq0,H0404_D7_285C10p_att00_Rq0_00676,2021-10-17 16:45:00,886325,28.50,,
H0404_D7_285C10p_att00_Rq0,H0404_D7_285C10p_att00_Rq0_00677,2021-10-17 16:45:06,885493,28.50,,
H0404_D7_285C10p_att00_Rq0,H0404_D7_285C10p_att00_Rq0_00678,2021-10-17 16:45:12,881503,28.50,,
H0404_D7_285C10p_att00_Rq0,H0404_D7_285C10p_att00_Rq0_00679,2021-10-17 16:45:18,885422,28.50,,
H0404_D7_285C10p_att00_Rq0,H0404_D7_285C10p_att00_Rq0_00680,2021-10-17 16:45:24,890705,28.50,,
H0404_D7_285C10p_att00_Rq0,H0404_D7_285C10p_att00_Rq0_00681,2021-10-17 16:45:32,884757,28.50,,
H0404_D7_285C10p_att00_Rq0,H0404_D7_285C10p_att00_Rq0_00682,2021-10-17 16:45:37,880873,28.50,,
H0404_D7_285C10p_att00_Rq0,H0404_D7_285C10p_att00_Rq0_00683,2021-10-17 16:45:43,880540,28.50,,
H0404_D7_285C10p_att00_Rq0,H0404_D7_285C10p_att00_Rq0_00684,2021-10-17 16:45:49,890164,28.50,,
H0404_D7_285C10p_att00_Rq0,H0404_D7_285C10p_att00_Rq0_00685,2021-10-17 16:45:54,881034,28.50,,
H0404_D7_285C10p_att00_Rq0,H0404_D7_285C10p_att00_Rq0_00686,2021-10-17 16:46:00,883502,28.50,,
H0404_D7_285C10p_att00_Rq0,H0404_D7_285C10p_att00_Rq0_00687,2021-10-17 16:46:06,879810,28.50,,
H0404_D7_285C10p_att00_Rq0,H0404_D7_285C10p_att00_Rq0_00688,2021-10-17 16:46:11,888153,28.50,,
H0404_D7_285C10p_att00_Rq0,H0404_D7_285C10p_att00_Rq0_00689,2021-10-17 16:46:17,884443,28.50,,
H0404_D7_285C10p_att00_Rq0,H0404_D7_285C10p_att00_Rq0_00690,2021-10-17 16:46:23,879698,28.50,,
H0404_D7_285C10p_att00_Rq0,H0404_D7_285C10p_att00_Rq0_00691,2021-10-17 16:46:29,884363,28.50,,
H0404_D7_285C10p_att00_Rq0,H0404_D7_285C10p_att00_Rq0_00692,2021-10-17 16:46:34,967655,28.50,,
H0404_D7_285C10p_att00_Rq0,H0404_D7_285C10p_att00_Rq0_00693,2021-10-17 16:46:40,882694,28.50,,
H0404_D7_285C10p_att00_Rq0,H0404_D7_285C10p_att00_Rq0_00694,2021-10-17 16:46:46,876926,28.50,,
H0404_D7_285C10p_att00_Rq0,H0404_D7_285C10p_att00_Rq0_00695,2021-10-17 16:46:52,881231,28.50,,
H0404_D7_285C10p_att00_Rq0,H0404_D7_285C10p_att00_Rq0_00696,2021-10-17 16:46:57,886407,28.50,,
H0404_D7_285C10p_att00_Rq0,H0404_D7_285C10p_att00_Rq0_00697,2021-10-17 16:47:03,886698,28.50,,
H0404_D7_285C10p_att00_Rq0,H0404_D7_285C10p_att00_Rq0_00698,2021-10-17 16:47:09,885493,28.50,,
H0404_D7_285C10p_att00_Rq0,H0404_D7_285C10p_att00_Rq0_00699,2021-10-17 16:47:14,885084,28.50,,
H0404_D7_285C10p_att00_Rq0,H0404_D7_285C10p_att00_Rq0_00700,2021-10-17 16:47:20,885659,28.50,,
H0404_D7_285C10p_att00_Rq0,H0404_D7_285C10p_att00_Rq0_00701,2021-10-17 16:47:28,891626,28.50,,
H0404_D7_285C10p_att00_Rq0,H0404_D7_285C10p_att00_Rq0_00702,2021-10-17 16:47:34,886103,28.50,,
H0404_D7_285C10p_att00_Rq0,H0404_D7_285C10p_att00_Rq0_00703,2021-10-17 16:47:39,881736,28.50,,
H0404_D7_285C10p_att00_Rq0,H0404_D7_285C10p_att00_Rq0_00704,2021-10-17 16:47:45,882999,28.50,,
H0404_D7_285C10p_att00_Rq0,H0404_D7_285C10p_att00_Rq0_00705,2021-10-17 16:47:50,885366,28.50,,
H0404_D7_285C10p_att00_Rq0,H0404_D7_285C10p_att00_Rq0_00706,2021-10-17 16:47:56,885342,28.50,,
H0404_D7_285C10p_att00_Rq0,H0404_D7_285C10p_att00_Rq0_00707,2021-10-17 16:48:02,881341,28.50,,
H0404_D7_285C10p_att00_Rq0,H0404_D7_285C10p_att00_Rq0_00708,2021-10-17 16:48:09,887892,28.50,,
H0404_D7_285C10p_att00_Rq0,H0404_D7_285C10p_att00_Rq0_00709,2021-10-17 16:48:14,880876,28.50,,
H0404_D7_285C10p_att00_Rq0,H0404_D7_285C10p_att00_Rq0_00710,2021-10-17 16:48:20,885091,28.50,,
H0404_D7_285C10p_att00_Rq0,H0404_D7_285C10p_att00_Rq0_00711,2021-10-17 16:48:26,880810,28.50,,
H0404_D7_285C10p_att00_Rq0,H0404_D7_285C10p_att00_Rq0_00712,2021-10-17 16:48:31,887088,28.50,,
H0404_D7_285C10p_att00_Rq0,H0404_D7_285C10p_att00_Rq0_00713,2021-10-17 16:48:37,884053,28.50,,
H0404_D7_285C10p_att00_Rq0,H0404_D7_285C10p_att00_Rq0_00714,2021-10-17 16:48:43,887770,28.50,,
H0404_D7_285C10p_att00_Rq0,H0404_D7_285C10p_att00_Rq0_00715,2021-10-17 16:48:48,886818,28.50,,
H0404_D7_285C10p_att00_Rq0,H0404_D7_285C10p_att00_Rq0_00716,2021-10-17 16:48:54,883116,28.50,,
H0404_D7_285C10p_att00_Rq0,H0404_D7_285C10p_att00_Rq0_00717,2021-10-17 16:49:00,882856,28.50,,
H0404_D7_285C10p_att00_Rq0,H0404_D7_285C10p_att00_Rq0_00718,2021-10-17 16:49:05,883633,28.50,,
H0404_D7_285C10p_att00_Rq0,H0404_D7_285C10p_att00_Rq0_00719,2021-10-17 16:49:11,886066,28.50,,
H0404_D7_285C10p_att00_Rq0,H0404_D7_285C10p_att00_Rq0_00720,2021-10-17 16:49:17,891966,28.50,,
H0404_D7_285C10p_att00_Rq0,H0404_D7_285C10p_att00_Rq0_00721,2021-10-17 16:49:24,890586,28.50,,
H0404_D7_285C10p_att00_Rq0,H0404_D7_285C10p_att00_Rq0_00722,2021-10-17 16:49:30,882654,28.50,,
H0404_D7_285C10p_att00_Rq0,H0404_D7_285C10p_att00_Rq0_00723,2021-10-17 16:49:36,885768,28.50,,
H0404_D7_285C10p_att00_Rq0,H0404_D7_285C10p_att00_Rq0_00724,2021-10-17 16:49:42,882094,28.50,,
H0404_D7_285C10p_att00_Rq0,H0404_D7_285C10p_att00_Rq0_00725,2021-10-17 16:49:48,884939,28.50,,
H0404_D7_285C10p_att00_Rq0,H0404_D7_285C10p_att00_Rq0_00726,2021-10-17 16:49:53,889252,28.50,,
H0404_D7_285C10p_att00_Rq0,H0404_D7_285C10p_att00_Rq0_00727,2021-10-17 16:49:59,882232,28.50,,
H0404_D7_285C10p_att00_Rq0,H0404_D7_285C10p_att00_Rq0_00728,2021-10-17 16:50:04,880631,28.50,,
H0404_D7_285C10p_att00_Rq0,H0404_D7_285C10p_att00_Rq0_00729,2021-10-17 16:50:10,881362,28.50,,
H0404_D7_285C10p_att00_Rq0,H0404_D7_285C10p_att00_Rq0_00730,2021-10-17 16:50:16,884453,28.50,,
H0404_D7_285C10p_att00_Rq0,H0404_D7_285C10p_att00_Rq0_00731,2021-10-17 16:50:21,880803,28.50,,
H0404_D7_285C10p_att00_Rq0,H0404_D7_285C10p_att00_Rq0_00732,2021-10-17 16:50:27,892480,28.50,,
H0404_D7_285C10p_att00_Rq0,H0404_D7_285C10p_att00_Rq0_00733,2021-10-17 16:50:33,878897,28.50,,
H0404_D7_285C10p_att00_Rq0,H0404_D7_285C10p_att00_Rq0_00734,2021-10-17 16:50:39,874577,28.50,,
H0404_D7_285C10p_att00_Rq0,H0404_D7_285C10p_att00_Rq0_00735,2021-10-17 16:50:44,875949,28.50,,
H0404_D7_285C10p_att00_Rq0,H0404_D7_285C10p_att00_Rq0_00736,2021-10-17 16:50:50,892101,28.50,,
H0404_D7_285C10p_att00_Rq0,H0404_D7_285C10p_att00_Rq0_00737,2021-10-17 16:50:55,886785,28.50,,
H0404_D7_285C10p_att00_Rq0,H0404_D7_285C10p_att00_Rq0_00738,2021-10-17 16:51:01,883955,28.50,,
H0404_D7_285C10p_att00_Rq0,H0404_D7_285C10p_att00_Rq0_00739,2021-10-17 16:51:06,883622,28.50,,
H0404_D7_285C10p_att00_Rq0,H0404_D7_285C10p_att00_Rq0_00740,2021-10-17 16:51:12,886694,28.50,,
H0404_D7_285C10p_att00_Rq0,H0404_D7_285C10p_att00_Rq0_00741,2021-10-17 16:51:20,887472,28.50,,
H0404_D7_285C10p_att00_Rq0,H0404_D7_285C10p_att00_Rq0_00742,2021-10-17 16:51:26,887291,28.50,,
H0404_D7_285C10p_att00_Rq0,H0404_D7_285C10p_att00_Rq0_00743,2021-10-17 16:51:32,886313,28.50,,
H0404_D7_285C10p_att00_Rq0,H0404_D7_285C10p_att00_Rq0_00744,2021-10-17 16:51:38,895079,28.50,,
H0404_D7_285C10p_att00_Rq0,H0404_D7_285C10p_att00_Rq0_00745,2021-10-17 16:51:43,886578,28.50,,
H0404_D7_285C10p_att00_Rq0,H0404_D7_285C10p_att00_Rq0_00746,2021-10-17 16:51:49,886383,28.50,,
H0404_D7_285C10p_att00_Rq0,H0404_D7_285C10p_att00_Rq0_00747,2021-10-17 16:51:54,882992,28.50,,
H0404_D7_285C10p_att00_Rq0,H0404_D7_285C10p_att00_Rq0_00748,2021-10-17 16:52:00,894005,28.50,,
H0404_D7_285C10p_att00_Rq0,H0404_D7_285C10p_att00_Rq0_00749,2021-10-17 16:52:06,886713,28.50,,
H0404_D7_285C10p_att00_Rq0,H0404_D7_285C10p_att00_Rq0_00750,2021-10-17 16:52:12,886013,28.50,,
H0404_D7_285C10p_att00_Rq0,H0404_D7_285C10p_att00_Rq0_00751,2021-10-17 16:52:17,885797,28.50,,
H0404_D7_285C10p_att00_Rq0,H0404_D7_285C10p_att00_Rq0_00752,2021-10-17 16:52:23,885363,28.50,,
H0404_D7_285C10p_att00_Rq0,H0404_D7_285C10p_att00_Rq0_00753,2021-10-17 16:52:29,883811,28.50,,
H0404_D7_285C10p_att00_Rq0,H0404_D7_285C10p_att00_Rq0_00754,2021-10-17 16:52:34,884480,28.50,,
H0404_D7_285C10p_att00_Rq0,H0404_D7_285C10p_att00_Rq0_00755,2021-10-17 16:52:40,881502,28.50,,
H0404_D7_285C10p_att00_Rq0,H0404_D7_285C10p_att00_Rq0_00756,2021-10-17 16:52:46,884324,28.50,,
H0404_D7_285C10p_att00_Rq0,H0404_D7_285C10p_att00_Rq0_00757,2021-10-17 16:52:51,892300,28.50,,
H0404_D7_285C10p_att00_Rq0,H0404_D7_285C10p_att00_Rq0_00758,2021-10-17 16:52:57,883989,28.50,,
H0404_D7_285C10p_att00_Rq0,H0404_D7_285C10p_att00_Rq0_00759,2021-10-17 16:53:03,882746,28.50,,
H0404_D7_285C10p_att00_Rq0,H0404_D7_285C10p_att00_Rq0_00760,2021-10-17 16:53:09,887233,28.50,,
H0404_D7_285C10p_att00_Rq0,H0404_D7_285C10p_att00_Rq0_00761,2021-10-17 16:53:17,891098,28.50,,
H0404_D7_285C10p_att00_Rq0,H0404_D7_285C10p_att00_Rq0_00762,2021-10-17 16:53:23,886195,28.50,,
H0404_D7_285C10p_att00_Rq0,H0404_D7_285C10p_att00_Rq0_00763,2021-10-17 16:53:28,882755,28.50,,
H0404_D7_285C10p_att00_Rq0,H0404_D7_285C10p_att00_Rq0_00764,2021-10-17 16:53:34,886783,28.50,,
H0404_D7_285C10p_att00_Rq0,H0404_D7_285C10p_att00_Rq0_00765,2021-10-17 16:53:39,882530,28.50,,
H0404_D7_285C10p_att00_Rq0,H0404_D7_285C10p_att00_Rq0_00766,2021-10-17 16:53:45,886012,28.50,,
H0404_D7_285C10p_att00_Rq0,H0404_D7_285C10p_att00_Rq0_00767,2021-10-17 16:53:51,894850,28.50,,
H0404_D7_285C10p_att00_Rq0,H0404_D7_285C10p_att00_Rq0_00768,2021-10-17 16:53:57,885009,28.50,,
H0404_D7_285C10p_att00_Rq0,H0404_D7_285C10p_att00_Rq0_00769,2021-10-17 16:54:02,886942,28.50,,
H0404_D7_285C10p_att00_Rq0,H0404_D7_285C10p_att00_Rq0_00770,2021-10-17 16:54:08,911695,28.50,,
H0404_D7_285C10p_att00_Rq0,H0404_D7_285C10p_att00_Rq0_00771,2021-10-17 16:54:14,890088,28.50,,
H0404_D7_285C10p_att00_Rq0,H0404_D7_285C10p_att00_Rq0_00772,2021-10-17 16:54:20,881639,28.50,,
H0404_D7_285C10p_att00_Rq0,H0404_D7_285C10p_att00_Rq0_00773,2021-10-17 16:54:25,881946,28.50,,
H0404_D7_285C10p_att00_Rq0,H0404_D7_285C10p_att00_Rq0_00774,2021-10-17 16:54:31,884908,28.50,,
H0404_D7_285C10p_att00_Rq0,H0404_D7_285C10p_att00_Rq0_00775,2021-10-17 16:54:37,886809,28.50,,
H0404_D7_285C10p_att00_Rq0,H0404_D7_285C10p_att00_Rq0_00776,2021-10-17 16:54:42,885917,28.50,,
H0404_D7_285C10p_att00_Rq0,H0404_D7_285C10p_att00_Rq0_00777,2021-10-17 16:54:48,895300,28.50,,
H0404_D7_285C10p_att00_Rq0,H0404_D7_285C10p_att00_Rq0_00778,2021-10-17 16:54:54,885231,28.50,,
H0404_D7_285C10p_att00_Rq0,H0404_D7_285C10p_att00_Rq0_00779,2021-10-17 16:54:59,885871,28.50,,
H0404_D7_285C10p_att00_Rq0,H0404_D7_285C10p_att00_Rq0_00780,2021-10-17 16:55:05,880693,28.50,,
H0404_D7_285C10p_att00_Rq0,H0404_D7_285C10p_att00_Rq0_00781,2021-10-17 16:55:15,884520,28.50,,
H0404_D7_285C10p_att00_Rq0,H0404_D7_285C10p_att00_Rq0_00782,2021-10-17 16:55:21,885377,28.50,,
H0404_D7_285C10p_att00_Rq0,H0404_D7_285C10p_att00_Rq0_00783,2021-10-17 16:55:26,891044,28.50,,
H0404_D7_285C10p_att00_Rq0,H0404_D7_285C10p_att00_Rq0_00784,2021-10-17 16:55:32,881952,28.50,,
H0404_D7_285C10p_att00_Rq0,H0404_D7_285C10p_att00_Rq0_00785,2021-10-17 16:55:38,890095,28.50,,
H0404_D7_285C10p_att00_Rq0,H0404_D7_285C10p_att00_Rq0_00786,2021-10-17 16:55:43,889721,28.50,,
H0404_D7_285C10p_att00_Rq0,H0404_D7_285C10p_att00_Rq0_00787,2021-10-17 16:55:49,880274,28.50,,
H0404_D7_285C10p_att00_Rq0,H0404_D7_285C10p_att00_Rq0_00788,2021-10-17 16:55:55,883146,28.50,,
H0404_D7_285C10p_att00_Rq0,H0404_D7_285C10p_att00_Rq0_00789,2021-10-17 16:56:01,891506,28.50,,
H0404_D7_285C10p_att00_Rq0,H0404_D7_285C10p_att00_Rq0_00790,2021-10-17 16:56:06,878600,28.50,,
H0404_D7_285C10p_att00_Rq0,H0404_D7_285C10p_att00_Rq0_00791,2021-10-17 16:56:12,879716,28.50,,
H0404_D7_285C10p_att00_Rq0,H0404_D7_285C10p_att00_Rq0_00792,2021-10-17 16:56:18,890175,28.50,,
H0404_D7_285C10p_att00_Rq0,H0404_D7_285C10p_att00_Rq0_00793,2021-10-17 16:56:24,888939,28.50,,
H0404_D7_285C10p_att00_Rq0,H0404_D7_285C10p_att00_Rq0_00794,2021-10-17 16:56:29,881898,28.50,,
H0404_D7_285C10p_att00_Rq0,H0404_D7_285C10p_att00_Rq0_00795,2021-10-17 16:56:35,891926,28.50,,
H0404_D7_285C10p_att00_Rq0,H0404_D7_285C10p_att00_Rq0_00796,2021-10-17 16:56:41,881873,28.50,,
H0404_D7_285C10p_att00_Rq0,H0404_D7_285C10p_att00_Rq0_00797,2021-10-17 16:56:47,891082,28.50,,
H0404_D7_285C10p_att00_Rq0,H0404_D7_285C10p_att00_Rq0_00798,2021-10-17 16:56:53,892211,28.50,,
H0404_D7_285C10p_att00_Rq0,H0404_D7_285C10p_att00_Rq0_00799,2021-10-17 16:57:02,891829,28.50,,
H0404_D7_285C10p_att00_Rq0,H0404_D7_285C10p_att00_Rq0_00800,2021-10-17 16:57:07,891653,28.50,,
H0404_D7_285C10p_att00_Rq0,H0404_D7_285C10p_att00_Rq0_00801,2021-10-17 16:57:15,881357,28.50,,
H0404_D7_285C10p_att00_Rq0,H0404_D7_285C10p_att00_Rq0_00802,2021-10-17 16:57:21,893756,28.50,,
H0404_D7_285C10p_att00_Rq0,H0404_D7_285C10p_att00_Rq0_00803,2021-10-17 16:57:27,885424,28.50,,
H0404_D7_285C10p_att00_Rq0,H0404_D7_285C10p_att00_Rq0_00804,2021-10-17 16:57:33,881635,28.50,,
H0404_D7_285C10p_att00_Rq0,H0404_D7_285C10p_att00_Rq0_00805,2021-10-17 16:57:38,879770,28.50,,
H0404_D7_285C10p_att00_Rq0,H0404_D7_285C10p_att00_Rq0_00806,2021-10-17 16:57:44,894108,28.50,,
H0404_D7_285C10p_att00_Rq0,H0404_D7_285C10p_att00_Rq0_00807,2021-10-17 16:57:50,892223,28.50,,
H0404_D7_285C10p_att00_Rq0,H0404_D7_285C10p_att00_Rq0_00808,2021-10-17 16:57:56,881401,28.50,,
H0404_D7_285C10p_att00_Rq0,H0404_D7_285C10p_att00_Rq0_00809,2021-10-17 16:58:01,881351,28.50,,
H0404_D7_285C10p_att00_Rq0,H0404_D7_285C10p_att00_Rq0_00810,2021-10-17 16:58:07,883519,28.50,,
H0404_D7_285C10p_att00_Rq0,H0404_D7_285C10p_att00_Rq0_00811,2021-10-17 16:58:13,886180,28.50,,
H0404_D7_285C10p_att00_Rq0,H0404_D7_285C10p_att00_Rq0_00812,2021-10-17 16:58:18,879956,28.50,,
H0404_D7_285C10p_att00_Rq0,H0404_D7_285C10p_att00_Rq0_00813,2021-10-17 16:58:24,883127,28.50,,
H0404_D7_285C10p_att00_Rq0,H0404_D7_285C10p_att00_Rq0_00814,2021-10-17 16:58:30,887942,28.50,,
H0404_D7_285C10p_att00_Rq0,H0404_D7_285C10p_att00_Rq0_00815,2021-10-17 16:58:35,879121,28.50,,
H0404_D7_285C10p_att00_Rq0,H0404_D7_285C10p_att00_Rq0_00816,2021-10-17 16:58:42,884098,28.50,,
H0404_D7_285C10p_att00_Rq0,H0404_D7_285C10p_att00_Rq0_00817,2021-10-17 16:58:48,887274,28.50,,
H0404_D7_285C10p_att00_Rq0,H0404_D7_285C10p_att00_Rq0_00818,2021-10-17 16:58:54,884832,28.50,,
H0404_D7_285C10p_att00_Rq0,H0404_D7_285C10p_att00_Rq0_00819,2021-10-17 16:59:00,885419,28.50,,
H0404_D7_285C10p_att00_Rq0,H0404_D7_285C10p_att00_Rq0_00820,2021-10-17 16:59:05,889505,28.50,,
H0404_D7_285C10p_att00_Rq0,H0404_D7_285C10p_att00_Rq0_00821,2021-10-17 16:59:13,885787,28.50,,
H0404_D7_285C10p_att00_Rq0,H0404_D7_285C10p_att00_Rq0_00822,2021-10-17 16:59:19,884480,28.50,,
H0404_D7_285C10p_att00_Rq0,H0404_D7_285C10p_att00_Rq0_00823,2021-10-17 16:59:24,886040,28.50,,
H0404_D7_285C10p_att00_Rq0,H0404_D7_285C10p_att00_Rq0_00824,2021-10-17 16:59:30,885743,28.50,,
H0404_D7_285C10p_att00_Rq0,H0404_D7_285C10p_att00_Rq0_00825,2021-10-17 16:59:36,885189,28.50,,
H0404_D7_285C10p_att00_Rq0,H0404_D7_285C10p_att00_Rq0_00826,2021-10-17 16:59:42,884820,28.50,,
H0404_D7_285C10p_att00_Rq0,H0404_D7_285C10p_att00_Rq0_00827,2021-10-17 16:59:47,884886,28.50,,
H0404_D7_285C10p_att00_Rq0,H0404_D7_285C10p_att00_Rq0_00828,2021-10-17 16:59:53,885393,28.50,,
H0404_D7_285C10p_att00_Rq0,H0404_D7_285C10p_att00_Rq0_00829,2021-10-17 16:59:59,884304,28.50,,
H0404_D7_285C10p_att00_Rq0,H0404_D7_285C10p_att00_Rq0_00830,2021-10-17 17:00:05,881198,28.50,,
H0404_D7_285C10p_att00_Rq0,H0404_D7_285C10p_att00_Rq0_00831,2021-10-17 17:00:10,880025,28.50,,
H0404_D7_285C10p_att00_Rq0,H0404_D7_285C10p_att00_Rq0_00832,2021-10-17 17:00:16,901168,28.50,,
H0404_D7_285C10p_att00_Rq0,H0404_D7_285C10p_att00_Rq0_00833,2021-10-17 17:00:22,880054,28.50,,
H0404_D7_285C10p_att00_Rq0,H0404_D7_285C10p_att00_Rq0_00834,2021-10-17 17:00:27,883877,28.50,,
H0404_D7_285C10p_att00_Rq0,H0404_D7_285C10p_att00_Rq0_00835,2021-10-17 17:00:33,883282,28.50,,
H0404_D7_285C10p_att00_Rq0,H0404_D7_285C10p_att00_Rq0_00836,2021-10-17 17:00:39,878867,28.50,,
H0404_D7_285C10p_att00_Rq0,H0404_D7_285C10p_att00_Rq0_00837,2021-10-17 17:00:44,878258,28.50,,
H0404_D7_285C10p_att00_Rq0,H0404_D7_285C10p_att00_Rq0_00838,2021-10-17 17:00:50,881902,28.50,,
H0404_D7_285C10p_att00_Rq0,H0404_D7_285C10p_att00_Rq0_00839,2021-10-17 17:00:55,894605,28.50,,
H0404_D7_285C10p_att00_Rq0,H0404_D7_285C10p_att00_Rq0_00840,2021-10-17 17:01:01,882362,28.50,,
H0404_D7_285C10p_att00_Rq0,H0404_D7_285C10p_att00_Rq0_00841,2021-10-17 17:01:09,1244694,28.50,,
H0404_D7_285C10p_att00_Rq0,H0404_D7_285C10p_att00_Rq0_00842,2021-10-17 17:01:16,895379,28.50,,
H0404_D7_285C10p_att00_Rq0,H0404_D7_285C10p_att00_Rq0_00843,2021-10-17 17:01:22,892013,28.50,,
H0404_D7_285C10p_att00_Rq0,H0404_D7_285C10p_att00_Rq0_00844,2021-10-17 17:01:28,885062,28.50,,
H0404_D7_285C10p_att00_Rq0,H0404_D7_285C10p_att00_Rq0_00845,2021-10-17 17:01:34,885367,28.50,,
H0404_D7_285C10p_att00_Rq0,H0404_D7_285C10p_att00_Rq0_00846,2021-10-17 17:01:40,878261,28.50,,
H0404_D7_285C10p_att00_Rq0,H0404_D7_285C10p_att00_Rq0_00847,2021-10-17 17:01:46,883150,28.50,,
H0404_D7_285C10p_att00_Rq0,H0404_D7_285C10p_att00_Rq0_00848,2021-10-17 17:01:52,886785,28.50,,
H0404_D7_285C10p_att00_Rq0,H0404_D7_285C10p_att00_Rq0_00849,2021-10-17 17:01:57,892864,28.50,,
H0404_D7_285C10p_att00_Rq0,H0404_D7_285C10p_att00_Rq0_00850,2021-10-17 17:02:04,879445,28.50,,
H0404_D7_285C10p_att00_Rq0,H0404_D7_285C10p_att00_Rq0_00851,2021-10-17 17:02:10,888572,28.50,,
H0404_D7_285C10p_att00_Rq0,H0404_D7_285C10p_att00_Rq0_00852,2021-10-17 17:02:15,882997,28.50,,
H0404_D7_285C10p_att00_Rq0,H0404_D7_285C10p_att00_Rq0_00853,2021-10-17 17:02:21,888298,28.50,,
H0404_D7_285C10p_att00_Rq0,H0404_D7_285C10p_att00_Rq0_00854,2021-10-17 17:02:27,881798,28.50,,
H0404_D7_285C10p_att00_Rq0,H0404_D7_285C10p_att00_Rq0_00855,2021-10-17 17:02:33,879764,28.50,,
H0404_D7_285C10p_att00_Rq0,H0404_D7_285C10p_att00_Rq0_00856,2021-10-17 17:02:38,883722,28.50,,
H0404_D7_285C10p_att00_Rq0,H0404_D7_285C10p_att00_Rq0_00857,2021-10-17 17:02:44,878701,28.50,,
H0404_D7_285C10p_att00_Rq0,H0404_D7_285C10p_att00_Rq0_00858,2021-10-17 17:02:49,894413,28.50,,
H0404_D7_285C10p_att00_Rq0,H0404_D7_285C10p_att00_Rq0_00859,2021-10-17 17:02:55,891229,28.50,,
H0404_D7_285C10p_att00_Rq0,H0404_D7_285C10p_att00_Rq0_00860,2021-10-17 17:03:01,886430,28.50,,
H0404_D7_285C10p_att00_Rq0,H0404_D7_285C10p_att00_Rq0_00861,2021-10-17 17:03:09,890620,28.50,,
H0404_D7_285C10p_att00_Rq0,H0404_D7_285C10p_att00_Rq0_00862,2021-10-17 17:03:14,885762,28.50,,
H0404_D7_285C10p_att00_Rq0,H0404_D7_285C10p_att00_Rq0_00863,2021-10-17 17:03:21,882099,28.50,,
H0404_D7_285C10p_att00_Rq0,H0404_D7_285C10p_att00_Rq0_00864,2021-10-17 17:03:27,885438,28.50,,
H0404_D7_285C10p_att00_Rq0,H0404_D7_285C10p_att00_Rq0_00865,2021-10-17 17:03:33,884180,28.50,,
H0404_D7_285C10p_att00_Rq0,H0404_D7_285C10p_att00_Rq0_00866,2021-10-17 17:03:38,886855,28.50,,
H0404_D7_285C10p_att00_Rq0,H0404_D7_285C10p_att00_Rq0_00867,2021-10-17 17:03:45,891650,28.50,,
H0404_D7_285C10p_att00_Rq0,H0404_D7_285C10p_att00_Rq0_00868,2021-10-17 17:03:51,884043,28.50,,
H0404_D7_285C10p_att00_Rq0,H0404_D7_285C10p_att00_Rq0_00869,2021-10-17 17:03:56,879780,28.50,,
H0404_D7_285C10p_att00_Rq0,H0404_D7_285C10p_att00_Rq0_00870,2021-10-17 17:04:02,883507,28.50,,
H0404_D7_285C10p_att00_Rq0,H0404_D7_285C10p_att00_Rq0_00871,2021-10-17 17:04:08,879465,28.50,,
H0404_D7_285C10p_att00_Rq0,H0404_D7_285C10p_att00_Rq0_00872,2021-10-17 17:04:13,878845,28.50,,
H0404_D7_285C10p_att00_Rq0,H0404_D7_285C10p_att00_Rq0_00873,2021-10-17 17:04:19,892360,28.50,,
H0404_D7_285C10p_att00_Rq0,H0404_D7_285C10p_att00_Rq0_00874,2021-10-17 17:04:25,878639,28.50,,
H0404_D7_285C10p_att00_Rq0,H0404_D7_285C10p_att00_Rq0_00875,2021-10-17 17:04:30,883156,28.50,,
H0404_D7_285C10p_att00_Rq0,H0404_D7_285C10p_att00_Rq0_00876,2021-10-17 17:04:36,882458,28.50,,
H0404_D7_285C10p_att00_Rq0,H0404_D7_285C10p_att00_Rq0_00877,2021-10-17 17:04:42,877928,28.50,,
H0404_D7_285C10p_att00_Rq0,H0404_D7_285C10p_att00_Rq0_00878,2021-10-17 17:04:47,881298,28.50,,
H0404_D7_285C10p_att00_Rq0,H0404_D7_285C10p_att00_Rq0_00879,2021-10-17 17:04:53,885626,28.50,,
H0404_D7_285C10p_att00_Rq0,H0404_D7_285C10p_att00_Rq0_00880,2021-10-17 17:05:01,889159,28.50,,
H0404_D7_285C10p_att00_Rq0,H0404_D7_285C10p_att00_Rq0_00881,2021-10-17 17:05:09,880848,28.50,,
H0404_D7_285C10p_att00_Rq0,H0404_D7_285C10p_att00_Rq0_00882,2021-10-17 17:05:14,880481,28.50,,
H0404_D7_285C10p_att00_Rq0,H0404_D7_285C10p_att00_Rq0_00883,2021-10-17 17:05:20,881736,28.50,,
H0404_D7_285C10p_att00_Rq0,H0404_D7_285C10p_att00_Rq0_00884,2021-10-17 17:05:26,885007,28.50,,
H0404_D7_285C10p_att00_Rq0,H0404_D7_285C10p_att00_Rq0_00885,2021-10-17 17:05:31,880798,28.50,,
H0404_D7_285C10p_att00_Rq0,H0404_D7_285C10p_att00_Rq0_00886,2021-10-17 17:05:37,883176,28.50,,
H0404_D7_285C10p_att00_Rq0,H0404_D7_285C10p_att00_Rq0_00887,2021-10-17 17:05:43,883757,28.50,,
H0404_D7_285C10p_att00_Rq0,H0404_D7_285C10p_att00_Rq0_00888,2021-10-17 17:05:48,888635,28.50,,
H0404_D7_285C10p_att00_Rq0,H0404_D7_285C10p_att00_Rq0_00889,2021-10-17 17:05:54,897444,28.50,,
H0404_D7_285C10p_att00_Rq0,H0404_D7_285C10p_att00_Rq0_00890,2021-10-17 17:06:00,888261,28.50,,
H0404_D7_285C10p_att00_Rq0,H0404_D7_285C10p_att00_Rq0_00891,2021-10-17 17:06:05,879165,28.50,,
H0404_D7_285C10p_att00_Rq0,H0404_D7_285C10p_att00_Rq0_00892,2021-10-17 17:06:11,879988,28.50,,
H0404_D7_285C10p_att00_Rq0,H0404_D7_285C10p_att00_Rq0_00893,2021-10-17 17:06:16,883648,28.50,,
H0404_D7_285C10p_att00_Rq0,H0404_D7_285C10p_att00_Rq0_00894,2021-10-17 17:06:22,882594,28.50,,
H0404_D7_285C10p_att00_Rq0,H0404_D7_285C10p_att00_Rq0_00895,2021-10-17 17:06:28,887223,28.50,,
H0404_D7_285C10p_att00_Rq0,H0404_D7_285C10p_att00_Rq0_00896,2021-10-17 17:06:37,882206,28.50,,
H0404_D7_285C10p_att00_Rq0,H0404_D7_285C10p_att00_Rq0_00897,2021-10-17 17:06:42,886780,28.50,,
H0404_D7_285C10p_att00_Rq0,H0404_D7_285C10p_att00_Rq0_00898,2021-10-17 17:06:48,884906,28.50,,
H0404_D7_285C10p_att00_Rq0,H0404_D7_285C10p_att00_Rq0_00899,2021-10-17 17:06:54,884224,28.50,,
H0404_D7_285C10p_att00_Rq0,H0404_D7_285C10p_att00_Rq0_00900,2021-10-17 17:07:01,888494,28.50,,
H0404_D7_285C10p_att00_Rq0,H0404_D7_285C10p_att00_Rq0_00901,2021-10-17 17:07:09,885205,28.50,,
H0404_D7_285C10p_att00_Rq0,H0404_D7_285C10p_att00_Rq0_00902,2021-10-17 17:07:15,884371,28.50,,
H0404_D7_285C10p_att00_Rq0,H0404_D7_285C10p_att00_Rq0_00903,2021-10-17 17:07:21,883731,28.50,,
H0404_D7_285C10p_att00_Rq0,H0404_D7_285C10p_att00_Rq0_00904,2021-10-17 17:07:26,879771,28.50,,
H0404_D7_285C10p_att00_Rq0,H0404_D7_285C10p_att00_Rq0_00905,2021-10-17 17:07:32,884199,28.50,,
H0404_D7_285C10p_att00_Rq0,H0404_D7_285C10p_att00_Rq0_00906,2021-10-17 17:07:38,888116,28.50,,
H0404_D7_285C10p_att00_Rq0,H0404_D7_285C10p_att00_Rq0_00907,2021-10-17 17:07:43,887845,28.50,,
H0404_D7_285C10p_att00_Rq0,H0404_D7_285C10p_att00_Rq0_00908,2021-10-17 17:07:49,887569,28.50,,
H0404_D7_285C10p_att00_Rq0,H0404_D7_285C10p_att00_Rq0_00909,2021-10-17 17:07:55,884086,28.50,,
H0404_D7_285C10p_att00_Rq0,H0404_D7_285C10p_att00_Rq0_00910,2021-10-17 17:08:01,887091,28.50,,
H0404_D7_285C10p_att00_Rq0,H0404_D7_285C10p_att00_Rq0_00911,2021-10-17 17:08:06,879169,28.50,,
H0404_D7_285C10p_att00_Rq0,H0404_D7_285C10p_att00_Rq0_00912,2021-10-17 17:08:12,882915,28.50,,
H0404_D7_285C10p_att00_Rq0,H0404_D7_285C10p_att00_Rq0_00913,2021-10-17 17:08:22,886577,28.50,,
H0404_D7_285C10p_att00_Rq0,H0404_D7_285C10p_att00_Rq0_00914,2021-10-17 17:08:28,882648,28.50,,
H0404_D7_285C10p_att00_Rq0,H0404_D7_285C10p_att00_Rq0_00915,2021-10-17 17:08:33,878622,28.50,,
H0404_D7_285C10p_att00_Rq0,H0404_D7_285C10p_att00_Rq0_00916,2021-10-17 17:08:39,882029,28.50,,
H0404_D7_285C10p_att00_Rq0,H0404_D7_285C10p_att00_Rq0_00917,2021-10-17 17:08:45,875324,28.50,,
H0404_D7_285C10p_att00_Rq0,H0404_D7_285C10p_att00_Rq0_00918,2021-10-17 17:08:50,881484,28.50,,
H0404_D7_285C10p_att00_Rq0,H0404_D7_285C10p_att00_Rq0_00919,2021-10-17 17:08:56,891271,28.50,,
H0404_D7_285C10p_att00_Rq0,H0404_D7_285C10p_att00_Rq0_00920,2021-10-17 17:09:02,884182,28.50,,
H0404_D7_285C10p_att00_Rq0,H0404_D7_285C10p_att00_Rq0_00921,2021-10-17 17:09:10,884882,28.50,,
H0404_D7_285C10p_att00_Rq0,H0404_D7_285C10p_att00_Rq0_00922,2021-10-17 17:09:15,882578,28.50,,
H0404_D7_285C10p_att00_Rq0,H0404_D7_285C10p_att00_Rq0_00923,2021-10-17 17:09:21,877769,28.50,,
H0404_D7_285C10p_att00_Rq0,H0404_D7_285C10p_att00_Rq0_00924,2021-10-17 17:09:27,884321,28.50,,
H0404_D7_285C10p_att00_Rq0,H0404_D7_285C10p_att00_Rq0_00925,2021-10-17 17:09:32,939148,28.50,,
H0404_D7_285C10p_att00_Rq0,H0404_D7_285C10p_att00_Rq0_00926,2021-10-17 17:09:38,881136,28.50,,
H0404_D7_285C10p_att00_Rq0,H0404_D7_285C10p_att00_Rq0_00927,2021-10-17 17:09:44,884241,28.50,,
H0404_D7_285C10p_att00_Rq0,H0404_D7_285C10p_att00_Rq0_00928,2021-10-17 17:09:50,880744,28.50,,
H0404_D7_285C10p_att00_Rq0,H0404_D7_285C10p_att00_Rq0_00929,2021-10-17 17:09:55,880567,28.50,,
H0404_D7_285C10p_att00_Rq0,H0404_D7_285C10p_att00_Rq0_00930,2021-10-17 17:10:01,879510,28.50,,
H0404_D7_285C10p_att00_Rq0,H0404_D7_285C10p_att00_Rq0_00931,2021-10-17 17:10:06,883326,28.50,,
H0404_D7_285C10p_att00_Rq0,H0404_D7_285C10p_att00_Rq0_00932,2021-10-17 17:10:12,882045,28.50,,
H0404_D7_285C10p_att00_Rq0,H0404_D7_285C10p_att00_Rq0_00933,2021-10-17 17:10:18,879949,28.50,,
H0404_D7_285C10p_att00_Rq0,H0404_D7_285C10p_att00_Rq0_00934,2021-10-17 17:10:25,878777,28.50,,
H0404_D7_285C10p_att00_Rq0,H0404_D7_285C10p_att00_Rq0_00935,2021-10-17 17:10:30,883580,28.50,,
H0404_D7_285C10p_att00_Rq0,H0404_D7_285C10p_att00_Rq0_00936,2021-10-17 17:10:36,892558,28.50,,
H0404_D7_285C10p_att00_Rq0,H0404_D7_285C10p_att00_Rq0_00937,2021-10-17 17:10:42,878271,28.50,,
H0404_D7_285C10p_att00_Rq0,H0404_D7_285C10p_att00_Rq0_00938,2021-10-17 17:10:47,881473,28.50,,
H0404_D7_285C10p_att00_Rq0,H0404_D7_285C10p_att00_Rq0_00939,2021-10-17 17:10:53,885327,28.50,,
H0404_D7_285C10p_att00_Rq0,H0404_D7_285C10p_att00_Rq0_00940,2021-10-17 17:10:58,888905,28.50,,
H0404_D7_285C10p_att00_Rq0,H0404_D7_285C10p_att00_Rq0_00941,2021-10-17 17:11:06,881309,28.50,,
H0404_D7_285C10p_att00_Rq0,H0404_D7_285C10p_att00_Rq0_00942,2021-10-17 17:11:12,884525,28.50,,
H0404_D7_285C10p_att00_Rq0,H0404_D7_285C10p_att00_Rq0_00943,2021-10-17 17:11:18,885485,28.50,,
H0404_D7_285C10p_att00_Rq0,H0404_D7_285C10p_att00_Rq0_00944,2021-10-17 17:11:23,885273,28.50,,
H0404_D7_285C10p_att00_Rq0,H0404_D7_285C10p_att00_Rq0_00945,2021-10-17 17:11:29,883638,28.50,,
H0404_D7_285C10p_att00_Rq0,H0404_D7_285C10p_att00_Rq0_00946,2021-10-17 17:11:34,891863,28.50,,
H0404_D7_285C10p_att00_Rq0,H0404_D7_285C10p_att00_Rq0_00947,2021-10-17 17:11:40,885016,28.50,,
H0404_D7_285C10p_att00_Rq0,H0404_D7_285C10p_att00_Rq0_00948,2021-10-17 17:11:46,891403,28.50,,
H0404_D7_285C10p_att00_Rq0,H0404_D7_285C10p_att00_Rq0_00949,2021-10-17 17:11:51,882255,28.50,,
H0404_D7_285C10p_att00_Rq0,H0404_D7_285C10p_att00_Rq0_00950,2021-10-17 17:11:57,892588,28.50,,
H0404_D7_285C10p_att00_Rq0,H0404_D7_285C10p_att00_Rq0_00951,2021-10-17 17:12:04,881418,28.50,,
H0404_D7_285C10p_att00_Rq0,H0404_D7_285C10p_att00_Rq0_00952,2021-10-17 17:12:10,879503,28.50,,
H0404_D7_285C10p_att00_Rq0,H0404_D7_285C10p_att00_Rq0_00953,2021-10-17 17:12:15,883412,28.50,,
H0404_D7_285C10p_att00_Rq0,H0404_D7_285C10p_att00_Rq0_00954,2021-10-17 17:12:21,883757,28.50,,
H0404_D7_285C10p_att00_Rq0,H0404_D7_285C10p_att00_Rq0_00955,2021-10-17 17:12:26,883206,28.50,,
H0404_D7_285C10p_att00_Rq0,H0404_D7_285C10p_att00_Rq0_00956,2021-10-17 17:12:32,888182,28.50,,
H0404_D7_285C10p_att00_Rq0,H0404_D7_285C10p_att00_Rq0_00957,2021-10-17 17:12:38,887341,28.50,,
H0404_D7_285C10p_att00_Rq0,H0404_D7_285C10p_att00_Rq0_00958,2021-10-17 17:12:44,883512,28.50,,
H0404_D7_285C10p_att00_Rq0,H0404_D7_285C10p_att00_Rq0_00959,2021-10-17 17:12:49,883276,28.50,,
H0404_D7_285C10p_att00_Rq0,H0404_D7_285C10p_att00_Rq0_00960,2021-10-17 17:12:55,887438,28.50,,
H0404_D7_285C10p_att00_Rq0,H0404_D7_285C10p_att00_Rq0_00961,2021-10-17 17:13:03,886719,28.50,,
H0404_D7_285C10p_att00_Rq0,H0404_D7_285C10p_att00_Rq0_00962,2021-10-17 17:13:09,886167,28.50,,
H0404_D7_285C10p_att00_Rq0,H0404_D7_285C10p_att00_Rq0_00963,2021-10-17 17:13:15,883883,28.50,,
H0404_D7_285C10p_att00_Rq0,H0404_D7_285C10p_att00_Rq0_00964,2021-10-17 17:13:20,889553,28.50,,
H0404_D7_285C10p_att00_Rq0,H0404_D7_285C10p_att00_Rq0_00965,2021-10-17 17:13:26,882149,28.50,,
H0404_D7_285C10p_att00_Rq0,H0404_D7_285C10p_att00_Rq0_00966,2021-10-17 17:13:32,885797,28.50,,
H0404_D7_285C10p_att00_Rq0,H0404_D7_285C10p_att00_Rq0_00967,2021-10-17 17:13:37,881744,28.50,,
H0404_D7_285C10p_att00_Rq0,H0404_D7_285C10p_att00_Rq0_00968,2021-10-17 17:13:43,892711,28.50,,
H0404_D7_285C10p_att00_Rq0,H0404_D7_285C10p_att00_Rq0_00969,2021-10-17 17:13:49,881321,28.50,,
H0404_D7_285C10p_att00_Rq0,H0404_D7_285C10p_att00_Rq0_00970,2021-10-17 17:13:54,877506,28.50,,
H0404_D7_285C10p_att00_Rq0,H0404_D7_285C10p_att00_Rq0_00971,2021-10-17 17:14:00,876939,28.50,,
H0404_D7_285C10p_att00_Rq0,H0404_D7_285C10p_att00_Rq0_00972,2021-10-17 17:14:06,877789,28.50,,
H0404_D7_285C10p_att00_Rq0,H0404_D7_285C10p_att00_Rq0_00973,2021-10-17 17:14:11,881938,28.50,,
H0404_D7_285C10p_att00_Rq0,H0404_D7_285C10p_att00_Rq0_00974,2021-10-17 17:14:17,881895,28.50,,
H0404_D7_285C10p_att00_Rq0,H0404_D7_285C10p_att00_Rq0_00975,2021-10-17 17:14:23,877555,28.50,,
H0404_D7_285C10p_att00_Rq0,H0404_D7_285C10p_att00_Rq0_00976,2021-10-17 17:14:28,877157,28.50,,
H0404_D7_285C10p_att00_Rq0,H0404_D7_285C10p_att00_Rq0_00977,2021-10-17 17:14:34,876960,28.50,,
H0404_D7_285C10p_att00_Rq0,H0404_D7_285C10p_att00_Rq0_00978,2021-10-17 17:14:39,881266,28.50,,
H0404_D7_285C10p_att00_Rq0,H0404_D7_285C10p_att00_Rq0_00979,2021-10-17 17:14:45,882771,28.50,,
H0404_D7_285C10p_att00_Rq0,H0404_D7_285C10p_att00_Rq0_00980,2021-10-17 17:14:51,884808,28.50,,
H0404_D7_285C10p_att00_Rq0,H0404_D7_285C10p_att00_Rq0_00981,2021-10-17 17:15:03,878881,28.50,,
H0404_D7_285C10p_att00_Rq0,H0404_D7_285C10p_att00_Rq0_00982,2021-10-17 17:15:09,880265,28.50,,
H0404_D7_285C10p_att00_Rq0,H0404_D7_285C10p_att00_Rq0_00983,2021-10-17 17:15:14,883627,28.50,,
H0404_D7_285C10p_att00_Rq0,H0404_D7_285C10p_att00_Rq0_00984,2021-10-17 17:15:20,884392,28.50,,
H0404_D7_285C10p_att00_Rq0,H0404_D7_285C10p_att00_Rq0_00985,2021-10-17 17:15:26,889026,28.50,,
H0404_D7_285C10p_att00_Rq0,H0404_D7_285C10p_att00_Rq0_00986,2021-10-17 17:15:32,881419,28.50,,
H0404_D7_285C10p_att00_Rq0,H0404_D7_285C10p_att00_Rq0_00987,2021-10-17 17:15:38,890034,28.50,,
H0404_D7_285C10p_att00_Rq0,H0404_D7_285C10p_att00_Rq0_00988,2021-10-17 17:15:43,892409,28.50,,
H0404_D7_285C10p_att00_Rq0,H0404_D7_285C10p_att00_Rq0_00989,2021-10-17 17:15:49,881887,28.50,,
H0404_D7_285C10p_att00_Rq0,H0404_D7_285C10p_att00_Rq0_00990,2021-10-17 17:15:54,883262,28.50,,
H0404_D7_285C10p_att00_Rq0,H0404_D7_285C10p_att00_Rq0_00991,2021-10-17 17:16:00,884882,28.50,,
H0404_D7_285C10p_att00_Rq0,H0404_D7_285C10p_att00_Rq0_00992,2021-10-17 17:16:06,878386,28.50,,
H0404_D7_285C10p_att00_Rq0,H0404_D7_285C10p_att00_Rq0_00993,2021-10-17 17:16:11,880588,28.50,,
H0404_D7_285C10p_att00_Rq0,H0404_D7_285C10p_att00_Rq0_00994,2021-10-17 17:16:17,881423,28.50,,
H0404_D7_285C10p_att00_Rq0,H0404_D7_285C10p_att00_Rq0_00995,2021-10-17 17:16:23,882615,28.50,,
H0404_D7_285C10p_att00_Rq0,H0404_D7_285C10p_att00_Rq0_00996,2021-10-17 17:16:28,877824,28.50,,
H0404_D7_285C10p_att00_Rq0,H0404_D7_285C10p_att00_Rq0_00997,2021-10-17 17:16:34,876119,28.50,,
H0404_D7_285C10p_att00_Rq0,H0404_D7_285C10p_att00_Rq0_00998,2021-10-17 17:16:39,877124,28.50,,
H0404_D7_285C10p_att00_Rq0,H0404_D7_285C10p_att00_Rq0_00999,2021-10-17 17:16:45,877720,28.50,,
H0404_D7_285C10p_att00_Rq0,H0404_D7_285C10p_att00_Rq0_01000,2021-10-17 17:16:51,880195,28.50,,
H0404_D7_285C10p_att00_Rq0,H0404_D7_285C10p_att00_Rq0_01001,2021-10-17 17:16:59,879898,28.50,,
H0404_D7_285C10p_att00_Rq0,H0404_D7_285C10p_att00_Rq0_01002,2021-10-17 17:17:08,879716,28.50,,
H0404_D7_285C10p_att00_Rq0,H0404_D7_285C10p_att00_Rq0_01003,2021-10-17 17:17:14,881390,28.50,,
H0404_D7_285C10p_att00_Rq0,H0404_D7_285C10p_att00_Rq0_01004,2021-10-17 17:17:19,879631,28.50,,
H0404_D7_285C10p_att00_Rq0,H0404_D7_285C10p_att00_Rq0_01005,2021-10-17 17:17:25,879155,28.50,,
H0404_D7_285C10p_att00_Rq0,H0404_D7_285C10p_att00_Rq0_01006,2021-10-17 17:17:31,880335,28.50,,
H0404_D7_285C10p_att00_Rq0,H0404_D7_285C10p_att00_Rq0_01007,2021-10-17 17:17:36,883089,28.50,,
H0404_D7_285C10p_att00_Rq0,H0404_D7_285C10p_att00_Rq0_01008,2021-10-17 17:17:42,882619,28.50,,
H0404_D7_285C10p_att00_Rq0,H0404_D7_285C10p_att00_Rq0_01009,2021-10-17 17:17:48,878853,28.50,,
H0404_D7_285C10p_att00_Rq0,H0404_D7_285C10p_att00_Rq0_01010,2021-10-17 17:17:53,882587,28.50,,
H0404_D7_285C10p_att00_Rq0,H0404_D7_285C10p_att00_Rq0_01011,2021-10-17 17:17:59,877737,28.50,,
H0404_D7_285C10p_att00_Rq0,H0404_D7_285C10p_att00_Rq0_01012,2021-10-17 17:18:05,879237,28.50,,
H0404_D7_285C10p_att00_Rq0,H0404_D7_285C10p_att00_Rq0_01013,2021-10-17 17:18:10,890097,28.50,,
H0404_D7_285C10p_att00_Rq0,H0404_D7_285C10p_att00_Rq0_01014,2021-10-17 17:18:16,883478,28.50,,
H0404_D7_285C10p_att00_Rq0,H0404_D7_285C10p_att00_Rq0_01015,2021-10-17 17:18:22,883278,28.50,,
H0404_D7_285C10p_att00_Rq0,H0404_D7_285C10p_att00_Rq0_01016,2021-10-17 17:18:27,878576,28.50,,
H0404_D7_285C10p_att00_Rq0,H0404_D7_285C10p_att00_Rq0_01017,2021-10-17 17:18:33,885108,28.50,,
H0404_D7_285C10p_att00_Rq0,H0404_D7_285C10p_att00_Rq0_01018,2021-10-17 17:18:39,885010,28.50,,
H0404_D7_285C10p_att00_Rq0,H0404_D7_285C10p_att00_Rq0_01019,2021-10-17 17:18:44,876106,28.50,,
H0404_D7_285C10p_att00_Rq0,H0404_D7_285C10p_att00_Rq0_01020,2021-10-17 17:18:50,880781,28.50,,
H0404_D7_285C10p_att00_Rq0,H0404_D7_285C10p_att00_Rq0_01021,2021-10-17 17:18:58,883619,28.50,,
H0404_D7_285C10p_att00_Rq0,H0404_D7_285C10p_att00_Rq0_01022,2021-10-17 17:19:04,883309,28.50,,
H0404_D7_285C10p_att00_Rq0,H0404_D7_285C10p_att00_Rq0_01023,2021-10-17 17:19:09,887602,28.50,,
H0404_D7_285C10p_att00_Rq0,H0404_D7_285C10p_att00_Rq0_01024,2021-10-17 17:19:15,879457,28.50,,
H0404_D7_285C10p_att00_Rq0,H0404_D7_285C10p_att00_Rq0_01025,2021-10-17 17:19:20,883447,28.50,,
H0404_D7_285C10p_att00_Rq0,H0404_D7_285C10p_att00_Rq0_01026,2021-10-17 17:19:26,882609,28.50,,
H0404_D7_285C10p_att00_Rq0,H0404_D7_285C10p_att00_Rq0_01027,2021-10-17 17:19:31,883429,28.50,,
H0404_D7_285C10p_att00_Rq0,H0404_D7_285C10p_att00_Rq0_01028,2021-10-17 17:19:37,881458,28.50,,
H0404_D7_285C10p_att00_Rq0,H0404_D7_285C10p_att00_Rq0_01029,2021-10-17 17:19:43,879346,28.50,,
H0404_D7_285C10p_att00_Rq0,H0404_D7_285C10p_att00_Rq0_01030,2021-10-17 17:19:48,878436,28.50,,
H0404_D7_285C10p_att00_Rq0,H0404_D7_285C10p_att00_Rq0_01031,2021-10-17 17:19:54,886568,28.50,,
H0404_D7_285C10p_att00_Rq0,H0404_D7_285C10p_att00_Rq0_01032,2021-10-17 17:20:00,886030,28.50,,
H0404_D7_285C10p_att00_Rq0,H0404_D7_285C10p_att00_Rq0_01033,2021-10-17 17:20:06,887543,28.50,,
H0404_D7_285C10p_att00_Rq0,H0404_D7_285C10p_att00_Rq0_01034,2021-10-17 17:20:11,889870,28.50,,
H0404_D7_285C10p_att00_Rq0,H0404_D7_285C10p_att00_Rq0_01035,2021-10-17 17:20:17,881421,28.50,,
H0404_D7_285C10p_att00_Rq0,H0404_D7_285C10p_att00_Rq0_01036,2021-10-17 17:20:23,878367,28.50,,
H0404_D7_285C10p_att00_Rq0,H0404_D7_285C10p_att00_Rq0_01037,2021-10-17 17:20:31,877232,28.50,,
H0404_D7_285C10p_att00_Rq0,H0404_D7_285C10p_att00_Rq0_01038,2021-10-17 17:20:36,877854,28.50,,
H0404_D7_285C10p_att00_Rq0,H0404_D7_285C10p_att00_Rq0_01039,2021-10-17 17:20:42,882988,28.50,,
H0404_D7_285C10p_att00_Rq0,H0404_D7_285C10p_att00_Rq0_01040,2021-10-17 17:20:48,921910,28.50,,
H0404_D7_285C10p_att00_Rq0,H0404_D7_285C10p_att00_Rq0_01041,2021-10-17 17:20:56,888612,28.50,,
H0404_D7_285C10p_att00_Rq0,H0404_D7_285C10p_att00_Rq0_01042,2021-10-17 17:21:01,884208,28.50,,
H0404_D7_285C10p_att00_Rq0,H0404_D7_285C10p_att00_Rq0_01043,2021-10-17 17:21:07,884631,28.50,,
H0404_D7_285C10p_att00_Rq0,H0404_D7_285C10p_att00_Rq0_01044,2021-10-17 17:21:13,883877,28.50,,
H0404_D7_285C10p_att00_Rq0,H0404_D7_285C10p_att00_Rq0_01045,2021-10-17 17:21:18,883716,28.50,,
H0404_D7_285C10p_att00_Rq0,H0404_D7_285C10p_att00_Rq0_01046,2021-10-17 17:21:24,883717,28.50,,
H0404_D7_285C10p_att00_Rq0,H0404_D7_285C10p_att00_Rq0_01047,2021-10-17 17:21:30,1056172,28.50,,
H0404_D7_285C10p_att00_Rq0,H0404_D7_285C10p_att00_Rq0_01048,2021-10-17 17:21:36,888680,28.50,,
H0404_D7_285C10p_att00_Rq0,H0404_D7_285C10p_att00_Rq0_01049,2021-10-17 17:21:41,875438,28.50,,
H0404_D7_285C10p_att00_Rq0,H0404_D7_285C10p_att00_Rq0_01050,2021-10-17 17:21:47,879906,28.50,,
H0404_D7_285C10p_att00_Rq0,H0404_D7_285C10p_att00_Rq0_01051,2021-10-17 17:21:53,884130,28.50,,
H0404_D7_285C10p_att00_Rq0,H0404_D7_285C10p_att00_Rq0_01052,2021-10-17 17:21:58,877384,28.50,,
H0404_D7_285C10p_att00_Rq0,H0404_D7_285C10p_att00_Rq0_01053,2021-10-17 17:22:04,879906,28.50,,
H0404_D7_285C10p_att00_Rq0,H0404_D7_285C10p_att00_Rq0_01054,2021-10-17 17:22:11,872831,28.50,,
H0404_D7_285C10p_att00_Rq0,H0404_D7_285C10p_att00_Rq0_01055,2021-10-17 17:22:16,877663,28.50,,
H0404_D7_285C10p_att00_Rq0,H0404_D7_285C10p_att00_Rq0_01056,2021-10-17 17:22:22,889117,28.50,,
H0404_D7_285C10p_att00_Rq0,H0404_D7_285C10p_att00_Rq0_01057,2021-10-17 17:22:27,886451,28.50,,
H0404_D7_285C10p_att00_Rq0,H0404_D7_285C10p_att00_Rq0_01058,2021-10-17 17:22:33,874257,28.50,,
H0404_D7_285C10p_att00_Rq0,H0404_D7_285C10p_att00_Rq0_01059,2021-10-17 17:22:39,883118,28.50,,
H0404_D7_285C10p_att00_Rq0,H0404_D7_285C10p_att00_Rq0_01060,2021-10-17 17:22:44,870520,28.50,,
H0404_D7_285C10p_att00_Rq0,H0404_D7_285C10p_att00_Rq0_01061,2021-10-17 17:22:52,885379,28.50,,
H0404_D7_285C10p_att00_Rq0,H0404_D7_285C10p_att00_Rq0_01062,2021-10-17 17:22:58,888683,28.50,,
H0404_D7_285C10p_att00_Rq0,H0404_D7_285C10p_att00_Rq0_01063,2021-10-17 17:23:03,884061,28.50,,
H0404_D7_285C10p_att00_Rq0,H0404_D7_285C10p_att00_Rq0_01064,2021-10-17 17:23:09,891873,28.50,,
H0404_D7_285C10p_att00_Rq0,H0404_D7_285C10p_att00_Rq0_01065,2021-10-17 17:23:15,881649,28.50,,
H0404_D7_285C10p_att00_Rq0,H0404_D7_285C10p_att00_Rq0_01066,2021-10-17 17:23:25,891469,28.50,,
H0404_D7_285C10p_att00_Rq0,H0404_D7_285C10p_att00_Rq0_01067,2021-10-17 17:23:31,879940,28.50,,
H0404_D7_285C10p_att00_Rq0,H0404_D7_285C10p_att00_Rq0_01068,2021-10-17 17:23:36,883528,28.50,,
H0404_D7_285C10p_att00_Rq0,H0404_D7_285C10p_att00_Rq0_01069,2021-10-17 17:23:42,883877,28.50,,
H0404_D7_285C10p_att00_Rq0,H0404_D7_285C10p_att00_Rq0_01070,2021-10-17 17:23:50,883538,28.50,,
H0404_D7_285C10p_att00_Rq0,H0404_D7_285C10p_att00_Rq0_01071,2021-10-17 17:23:55,883411,28.50,,
H0404_D7_285C10p_att00_Rq0,H0404_D7_285C10p_att00_Rq0_01072,2021-10-17 17:24:01,883527,28.50,,
H0404_D7_285C10p_att00_Rq0,H0404_D7_285C10p_att00_Rq0_01073,2021-10-17 17:24:07,884516,28.50,,
H0404_D7_285C10p_att00_Rq0,H0404_D7_285C10p_att00_Rq0_01074,2021-10-17 17:24:12,891115,28.50,,
H0404_D7_285C10p_att00_Rq0,H0404_D7_285C10p_att00_Rq0_01075,2021-10-17 17:24:18,885740,28.50,,
H0404_D7_285C10p_att00_Rq0,H0404_D7_285C10p_att00_Rq0_01076,2021-10-17 17:24:24,884488,28.50,,
H0404_D7_285C10p_att00_Rq0,H0404_D7_285C10p_att00_Rq0_01077,2021-10-17 17:24:29,888449,28.50,,
H0404_D7_285C10p_att00_Rq0,H0404_D7_285C10p_att00_Rq0_01078,2021-10-17 17:24:35,882677,28.50,,
H0404_D7_285C10p_att00_Rq0,H0404_D7_285C10p_att00_Rq0_01079,2021-10-17 17:24:41,882799,28.50,,
H0404_D7_285C10p_att00_Rq0,H0404_D7_285C10p_att00_Rq0_01080,2021-10-17 17:24:46,880507,28.50,,
H0404_D7_285C10p_att00_Rq0,H0404_D7_285C10p_att00_Rq0_01081,2021-10-17 17:24:54,884891,28.50,,
H0404_D7_285C10p_att00_Rq0,H0404_D7_285C10p_att00_Rq0_01082,2021-10-17 17:25:00,886287,28.50,,
H0404_D7_285C10p_att00_Rq0,H0404_D7_285C10p_att00_Rq0_01083,2021-10-17 17:25:06,890562,28.50,,
H0404_D7_285C10p_att00_Rq0,H0404_D7_285C10p_att00_Rq0_01084,2021-10-17 17:25:11,885817,28.50,,
H0404_D7_285C10p_att00_Rq0,H0404_D7_285C10p_att00_Rq0_01085,2021-10-17 17:25:17,881282,28.50,,
H0404_D7_285C10p_att00_Rq0,H0404_D7_285C10p_att00_Rq0_01086,2021-10-17 17:25:23,891966,28.50,,
H0404_D7_285C10p_att00_Rq0,H0404_D7_285C10p_att00_Rq0_01087,2021-10-17 17:25:28,883882,28.50,,
H0404_D7_285C10p_att00_Rq0,H0404_D7_285C10p_att00_Rq0_01088,2021-10-17 17:25:36,880821,28.50,,
H0404_D7_285C10p_att00_Rq0,H0404_D7_285C10p_att00_Rq0_01089,2021-10-17 17:25:42,890579,28.50,,
H0404_D7_285C10p_att00_Rq0,H0404_D7_285C10p_att00_Rq0_01090,2021-10-17 17:25:47,881999,28.50,,
H0404_D7_285C10p_att00_Rq0,H0404_D7_285C10p_att00_Rq0_01091,2021-10-17 17:25:53,880141,28.50,,
H0404_D7_285C10p_att00_Rq0,H0404_D7_285C10p_att00_Rq0_01092,2021-10-17 17:25:59,884239,28.50,,
H0404_D7_285C10p_att00_Rq0,H0404_D7_285C10p_att00_Rq0_01093,2021-10-17 17:26:04,883329,28.50,,
H0404_D7_285C10p_att00_Rq0,H0404_D7_285C10p_att00_Rq0_01094,2021-10-17 17:26:10,882519,28.50,,
H0404_D7_285C10p_att00_Rq0,H0404_D7_285C10p_att00_Rq0_01095,2021-10-17 17:26:15,890215,28.50,,
H0404_D7_285C10p_att00_Rq0,H0404_D7_285C10p_att00_Rq0_01096,2021-10-17 17:26:21,884276,28.50,,
H0404_D7_285C10p_att00_Rq0,H0404_D7_285C10p_att00_Rq0_01097,2021-10-17 17:26:27,890481,28.50,,
H0404_D7_285C10p_att00_Rq0,H0404_D7_285C10p_att00_Rq0_01098,2021-10-17 17:26:32,881908,28.50,,
H0404_D7_285C10p_att00_Rq0,H0404_D7_285C10p_att00_Rq0_01099,2021-10-17 17:26:38,885904,28.50,,
H0404_D7_285C10p_att00_Rq0,H0404_D7_285C10p_att00_Rq0_01100,2021-10-17 17:26:44,882010,28.50,,
H0404_D7_285C10p_att00_Rq0,H0404_D7_285C10p_att00_Rq0_01101,2021-10-17 17:26:52,887893,28.50,,
H0404_D7_285C10p_att00_Rq0,H0404_D7_285C10p_att00_Rq0_01102,2021-10-17 17:26:57,883829,28.50,,
H0404_D7_285C10p_att00_Rq0,H0404_D7_285C10p_att00_Rq0_01103,2021-10-17 17:27:03,883372,28.50,,
H0404_D7_285C10p_att00_Rq0,H0404_D7_285C10p_att00_Rq0_01104,2021-10-17 17:27:09,889546,28.50,,
H0404_D7_285C10p_att00_Rq0,H0404_D7_285C10p_att00_Rq0_01105,2021-10-17 17:27:20,891302,28.50,,
H0404_D7_285C10p_att00_Rq0,H0404_D7_285C10p_att00_Rq0_01106,2021-10-17 17:27:26,889795,28.50,,
H0404_D7_285C10p_att00_Rq0,H0404_D7_285C10p_att00_Rq0_01107,2021-10-17 17:27:32,880714,28.50,,
H0404_D7_285C10p_att00_Rq0,H0404_D7_285C10p_att00_Rq0_01108,2021-10-17 17:27:37,882520,28.50,,
H0404_D7_285C10p_att00_Rq0,H0404_D7_285C10p_att00_Rq0_01109,2021-10-17 17:27:43,882975,28.50,,
H0404_D7_285C10p_att00_Rq0,H0404_D7_285C10p_att00_Rq0_01110,2021-10-17 17:27:49,883501,28.50,,
H0404_D7_285C10p_att00_Rq0,H0404_D7_285C10p_att00_Rq0_01111,2021-10-17 17:27:54,882453,28.50,,
H0404_D7_285C10p_att00_Rq0,H0404_D7_285C10p_att00_Rq0_01112,2021-10-17 17:28:00,881984,28.50,,
H0404_D7_285C10p_att00_Rq0,H0404_D7_285C10p_att00_Rq0_01113,2021-10-17 17:28:06,894246,28.50,,
H0404_D7_285C10p_att00_Rq0,H0404_D7_285C10p_att00_Rq0_01114,2021-10-17 17:28:11,885511,28.50,,
H0404_D7_285C10p_att00_Rq0,H0404_D7_285C10p_att00_Rq0_01115,2021-10-17 17:28:17,882522,28.50,,
H0404_D7_285C10p_att00_Rq0,H0404_D7_285C10p_att00_Rq0_01116,2021-10-17 17:28:23,889872,28.50,,
H0404_D7_285C10p_att00_Rq0,H0404_D7_285C10p_att00_Rq0_01117,2021-10-17 17:28:28,878804,28.50,,
H0404_D7_285C10p_att00_Rq0,H0404_D7_285C10p_att00_Rq0_01118,2021-10-17 17:28:34,881289,28.50,,
H0404_D7_285C10p_att00_Rq0,H0404_D7_285C10p_att00_Rq0_01119,2021-10-17 17:28:40,1095048,28.50,,
H0404_D7_285C10p_att00_Rq0,H0404_D7_285C10p_att00_Rq0_01120,2021-10-17 17:28:46,878701,28.50,,
H0404_D7_285C10p_att00_Rq0,H0404_D7_285C10p_att00_Rq0_01121,2021-10-17 17:28:54,885398,28.50,,
H0404_D7_285C10p_att00_Rq0,H0404_D7_285C10p_att00_Rq0_01122,2021-10-17 17:29:00,880946,28.50,,
H0404_D7_285C10p_att00_Rq0,H0404_D7_285C10p_att00_Rq0_01123,2021-10-17 17:29:06,889917,28.50,,
H0404_D7_285C10p_att00_Rq0,H0404_D7_285C10p_att00_Rq0_01124,2021-10-17 17:29:12,884591,28.50,,
H0404_D7_285C10p_att00_Rq0,H0404_D7_285C10p_att00_Rq0_01125,2021-10-17 17:29:17,883565,28.50,,
H0404_D7_285C10p_att00_Rq0,H0404_D7_285C10p_att00_Rq0_01126,2021-10-17 17:29:23,879101,28.50,,
H0404_D7_285C10p_att00_Rq0,H0404_D7_285C10p_att00_Rq0_01127,2021-10-17 17:29:29,878836,28.50,,
H0404_D7_285C10p_att00_Rq0,H0404_D7_285C10p_att00_Rq0_01128,2021-10-17 17:29:34,878851,28.50,,
H0404_D7_285C10p_att00_Rq0,H0404_D7_285C10p_att00_Rq0_01129,2021-10-17 17:29:40,879875,28.50,,
H0404_D7_285C10p_att00_Rq0,H0404_D7_285C10p_att00_Rq0_01130,2021-10-17 17:29:45,878746,28.50,,
H0404_D7_285C10p_att00_Rq0,H0404_D7_285C10p_att00_Rq0_01131,2021-10-17 17:29:51,887023,28.50,,
H0404_D7_285C10p_att00_Rq0,H0404_D7_285C10p_att00_Rq0_01132,2021-10-17 17:29:57,883476,28.50,,
H0404_D7_285C10p_att00_Rq0,H0404_D7_285C10p_att00_Rq0_01133,2021-10-17 17:30:02,881875,28.50,,
H0404_D7_285C10p_att00_Rq0,H0404_D7_285C10p_att00_Rq0_01134,2021-10-17 17:30:08,879252,28.50,,
H0404_D7_285C10p_att00_Rq0,H0404_D7_285C10p_att00_Rq0_01135,2021-10-17 17:30:14,878190,28.50,,
H0404_D7_285C10p_att00_Rq0,H0404_D7_285C10p_att00_Rq0_01136,2021-10-17 17:30:20,878431,28.50,,
H0404_D7_285C10p_att00_Rq0,H0404_D7_285C10p_att00_Rq0_01137,2021-10-17 17:30:25,886987,28.50,,
H0404_D7_285C10p_att00_Rq0,H0404_D7_285C10p_att00_Rq0_01138,2021-10-17 17:30:31,878361,28.50,,
H0404_D7_285C10p_att00_Rq0,H0404_D7_285C10p_att00_Rq0_01139,2021-10-17 17:30:37,878732,28.50,,
H0404_D7_285C10p_att00_Rq0,H0404_D7_285C10p_att00_Rq0_01140,2021-10-17 17:30:42,878521,28.50,,
H0404_D7_285C10p_att00_Rq0,H0404_D7_285C10p_att00_Rq0_01141,2021-10-17 17:30:50,882302,28.50,,
H0404_D7_285C10p_att00_Rq0,H0404_D7_285C10p_att00_Rq0_01142,2021-10-17 17:30:56,882002,28.50,,
H0404_D7_285C10p_att00_Rq0,H0404_D7_285C10p_att00_Rq0_01143,2021-10-17 17:31:02,886793,28.50,,
H0404_D7_285C10p_att00_Rq0,H0404_D7_285C10p_att00_Rq0_01144,2021-10-17 17:31:07,877020,28.50,,
H0404_D7_285C10p_att00_Rq0,H0404_D7_285C10p_att00_Rq0_01145,2021-10-17 17:31:13,880294,28.50,,
H0404_D7_285C10p_att00_Rq0,H0404_D7_285C10p_att00_Rq0_01146,2021-10-17 17:31:18,882144,28.50,,
H0404_D7_285C10p_att00_Rq0,H0404_D7_285C10p_att00_Rq0_01147,2021-10-17 17:31:24,879968,28.50,,
H0404_D7_285C10p_att00_Rq0,H0404_D7_285C10p_att00_Rq0_01148,2021-10-17 17:31:30,881663,28.50,,
H0404_D7_285C10p_att00_Rq0,H0404_D7_285C10p_att00_Rq0_01149,2021-10-17 17:31:35,883738,28.50,,
H0404_D7_285C10p_att00_Rq0,H0404_D7_285C10p_att00_Rq0_01150,2021-10-17 17:31:41,886196,28.50,,
H0404_D7_285C10p_att00_Rq0,H0404_D7_285C10p_att00_Rq0_01151,2021-10-17 17:31:47,875125,28.50,,
H0404_D7_285C10p_att00_Rq0,H0404_D7_285C10p_att00_Rq0_01152,2021-10-17 17:31:56,880301,28.50,,
H0404_D7_285C10p_att00_Rq0,H0404_D7_285C10p_att00_Rq0_01153,2021-10-17 17:32:02,918964,28.50,,
H0404_D7_285C10p_att00_Rq0,H0404_D7_285C10p_att00_Rq0_01154,2021-10-17 17:32:08,879171,28.50,,
H0404_D7_285C10p_att00_Rq0,H0404_D7_285C10p_att00_Rq0_01155,2021-10-17 17:32:14,879534,28.50,,
H0404_D7_285C10p_att00_Rq0,H0404_D7_285C10p_att00_Rq0_01156,2021-10-17 17:32:20,875327,28.50,,
H0404_D7_285C10p_att00_Rq0,H0404_D7_285C10p_att00_Rq0_01157,2021-10-17 17:32:26,874820,28.50,,
H0404_D7_285C10p_att00_Rq0,H0404_D7_285C10p_att00_Rq0_01158,2021-10-17 17:32:31,880057,28.50,,
H0404_D7_285C10p_att00_Rq0,H0404_D7_285C10p_att00_Rq0_01159,2021-10-17 17:32:37,878856,28.50,,
H0404_D7_285C10p_att00_Rq0,H0404_D7_285C10p_att00_Rq0_01160,2021-10-17 17:32:43,875264,28.50,,
H0404_D7_285C10p_att00_Rq0,H0404_D7_285C10p_att00_Rq0_01161,2021-10-17 17:32:51,883076,28.50,,
H0404_D7_285C10p_att00_Rq0,H0404_D7_285C10p_att00_Rq0_01162,2021-10-17 17:32:56,881206,28.50,,
H0404_D7_285C10p_att00_Rq0,H0404_D7_285C10p_att00_Rq0_01163,2021-10-17 17:33:02,880852,28.50,,
H0404_D7_285C10p_att00_Rq0,H0404_D7_285C10p_att00_Rq0_01164,2021-10-17 17:33:08,879907,28.50,,
H0404_D7_285C10p_att00_Rq0,H0404_D7_285C10p_att00_Rq0_01165,2021-10-17 17:33:13,880717,28.50,,
H0404_D7_285C10p_att00_Rq0,H0404_D7_285C10p_att00_Rq0_01166,2021-10-17 17:33:19,877426,28.50,,
H0404_D7_285C10p_att00_Rq0,H0404_D7_285C10p_att00_Rq0_01167,2021-10-17 17:33:24,881228,28.50,,
H0404_D7_285C10p_att00_Rq0,H0404_D7_285C10p_att00_Rq0_01168,2021-10-17 17:33:31,896411,28.50,,
H0404_D7_285C10p_att00_Rq0,H0404_D7_285C10p_att00_Rq0_01169,2021-10-17 17:33:37,881127,28.50,,
H0404_D7_285C10p_att00_Rq0,H0404_D7_285C10p_att00_Rq0_01170,2021-10-17 17:33:43,880140,28.50,,
H0404_D7_285C10p_att00_Rq0,H0404_D7_285C10p_att00_Rq0_01171,2021-10-17 17:33:49,879722,28.50,,
H0404_D7_285C10p_att00_Rq0,H0404_D7_285C10p_att00_Rq0_01172,2021-10-17 17:33:54,876936,28.50,,
H0404_D7_285C10p_att00_Rq0,H0404_D7_285C10p_att00_Rq0_01173,2021-10-17 17:34:00,885323,28.50,,
H0404_D7_285C10p_att00_Rq0,H0404_D7_285C10p_att00_Rq0_01174,2021-10-17 17:34:06,879051,28.50,,
H0404_D7_285C10p_att00_Rq0,H0404_D7_285C10p_att00_Rq0_01175,2021-10-17 17:34:11,883896,28.50,,
H0404_D7_285C10p_att00_Rq0,H0404_D7_285C10p_att00_Rq0_01176,2021-10-17 17:34:17,884335,28.50,,
H0404_D7_285C10p_att00_Rq0,H0404_D7_285C10p_att00_Rq0_01177,2021-10-17 17:34:23,879805,28.50,,
H0404_D7_285C10p_att00_Rq0,H0404_D7_285C10p_att00_Rq0_01178,2021-10-17 17:34:28,879356,28.50,,
H0404_D7_285C10p_att00_Rq0,H0404_D7_285C10p_att00_Rq0_01179,2021-10-17 17:34:34,883800,28.50,,
H0404_D7_285C10p_att00_Rq0,H0404_D7_285C10p_att00_Rq0_01180,2021-10-17 17:34:40,878126,28.50,,
H0404_D7_285C10p_att00_Rq0,H0404_D7_285C10p_att00_Rq0_01181,2021-10-17 17:34:50,882723,28.50,,
H0404_D7_285C10p_att00_Rq0,H0404_D7_285C10p_att00_Rq0_01182,2021-10-17 17:34:55,878785,28.50,,
H0404_D7_285C10p_att00_Rq0,H0404_D7_285C10p_att00_Rq0_01183,2021-10-17 17:35:01,881572,28.50,,
H0404_D7_285C10p_att00_Rq0,H0404_D7_285C10p_att00_Rq0_01184,2021-10-17 17:35:07,880096,28.50,,
H0404_D7_285C10p_att00_Rq0,H0404_D7_285C10p_att00_Rq0_01185,2021-10-17 17:35:13,877651,28.50,,
H0404_D7_285C10p_att00_Rq0,H0404_D7_285C10p_att00_Rq0_01186,2021-10-17 17:35:18,886158,28.50,,
H0404_D7_285C10p_att00_Rq0,H0404_D7_285C10p_att00_Rq0_01187,2021-10-17 17:35:24,892872,28.50,,
H0404_D7_285C10p_att00_Rq0,H0404_D7_285C10p_att00_Rq0_01188,2021-10-17 17:35:30,882250,28.50,,
H0404_D7_285C10p_att00_Rq0,H0404_D7_285C10p_att00_Rq0_01189,2021-10-17 17:35:35,876373,28.50,,
H0404_D7_285C10p_att00_Rq0,H0404_D7_285C10p_att00_Rq0_01190,2021-10-17 17:35:41,880416,28.50,,
H0404_D7_285C10p_att00_Rq0,H0404_D7_285C10p_att00_Rq0_01191,2021-10-17 17:35:47,878196,28.50,,
H0404_D7_285C10p_att00_Rq0,H0404_D7_285C10p_att00_Rq0_01192,2021-10-17 17:35:53,876762,28.50,,
H0404_D7_285C10p_att00_Rq0,H0404_D7_285C10p_att00_Rq0_01193,2021-10-17 17:35:58,890409,28.50,,
H0404_D7_285C10p_att00_Rq0,H0404_D7_285C10p_att00_Rq0_01194,2021-10-17 17:36:04,879722,28.50,,
H0404_D7_285C10p_att00_Rq0,H0404_D7_285C10p_att00_Rq0_01195,2021-10-17 17:36:09,879138,28.50,,
H0404_D7_285C10p_att00_Rq0,H0404_D7_285C10p_att00_Rq0_01196,2021-10-17 17:36:15,880081,28.50,,
H0404_D7_285C10p_att00_Rq0,H0404_D7_285C10p_att00_Rq0_01197,2021-10-17 17:36:21,880060,28.50,,
H0404_D7_285C10p_att00_Rq0,H0404_D7_285C10p_att00_Rq0_01198,2021-10-17 17:36:26,879721,28.50,,
H0404_D7_285C10p_att00_Rq0,H0404_D7_285C10p_att00_Rq0_01199,2021-10-17 17:36:32,879991,28.50,,
H0404_D7_285C10p_att00_Rq0,H0404_D7_285C10p_att00_Rq0_01200,2021-10-17 17:36:37,880558,28.50,,
H0404_D7_285C10p_att00_Rq0,H0404_D7_285C10p_att00_Rq0_01201,2021-10-17 17:36:45,877037,28.50,,
H0404_D7_285C10p_att00_Rq0,H0404_D7_285C10p_att00_Rq0_01202,2021-10-17 17:36:51,886212,28.50,,
H0404_D7_285C10p_att00_Rq0,H0404_D7_285C10p_att00_Rq0_01203,2021-10-17 17:36:56,881805,28.50,,
H0404_D7_285C10p_att00_Rq0,H0404_D7_285C10p_att00_Rq0_01204,2021-10-17 17:37:02,891696,28.50,,
H0404_D7_285C10p_att00_Rq0,H0404_D7_285C10p_att00_Rq0_01205,2021-10-17 17:37:08,882181,28.50,,
H0404_D7_285C10p_att00_Rq0,H0404_D7_285C10p_att00_Rq0_01206,2021-10-17 17:37:15,890589,28.50,,
H0404_D7_285C10p_att00_Rq0,H0404_D7_285C10p_att00_Rq0_01207,2021-10-17 17:37:21,888556,28.50,,
H0404_D7_285C10p_att00_Rq0,H0404_D7_285C10p_att00_Rq0_01208,2021-10-17 17:37:26,878208,28.50,,
H0404_D7_285C10p_att00_Rq0,H0404_D7_285C10p_att00_Rq0_01209,2021-10-17 17:37:32,882411,28.50,,
H0404_D7_285C10p_att00_Rq0,H0404_D7_285C10p_att00_Rq0_01210,2021-10-17 17:37:38,891275,28.50,,
H0404_D7_285C10p_att00_Rq0,H0404_D7_285C10p_att00_Rq0_01211,2021-10-17 17:37:44,881319,28.50,,
H0404_D7_285C10p_att00_Rq0,H0404_D7_285C10p_att00_Rq0_01212,2021-10-17 17:37:49,882499,28.50,,
H0404_D7_285C10p_att00_Rq0,H0404_D7_285C10p_att00_Rq0_01213,2021-10-17 17:37:55,878942,28.50,,
H0404_D7_285C10p_att00_Rq0,H0404_D7_285C10p_att00_Rq0_01214,2021-10-17 17:38:01,885559,28.50,,
H0404_D7_285C10p_att00_Rq0,H0404_D7_285C10p_att00_Rq0_01215,2021-10-17 17:38:06,880926,28.50,,
H0404_D7_285C10p_att00_Rq0,H0404_D7_285C10p_att00_Rq0_01216,2021-10-17 17:38:12,874550,28.50,,
H0404_D7_285C10p_att00_Rq0,H0404_D7_285C10p_att00_Rq0_01217,2021-10-17 17:38:18,881869,28.50,,
H0404_D7_285C10p_att00_Rq0,H0404_D7_285C10p_att00_Rq0_01218,2021-10-17 17:38:24,885621,28.50,,
H0404_D7_285C10p_att00_Rq0,H0404_D7_285C10p_att00_Rq0_01219,2021-10-17 17:38:29,889806,28.50,,
H0404_D7_285C10p_att00_Rq0,H0404_D7_285C10p_att00_Rq0_01220,2021-10-17 17:38:35,882956,28.50,,
H0404_D7_285C10p_att00_Rq0,H0404_D7_285C10p_att00_Rq0_01221,2021-10-17 17:38:43,879800,28.50,,
H0404_D7_285C10p_att00_Rq0,H0404_D7_285C10p_att00_Rq0_01222,2021-10-17 17:38:49,884054,28.50,,
H0404_D7_285C10p_att00_Rq0,H0404_D7_285C10p_att00_Rq0_01223,2021-10-17 17:38:57,883073,28.50,,
H0404_D7_285C10p_att00_Rq0,H0404_D7_285C10p_att00_Rq0_01224,2021-10-17 17:39:02,878109,28.50,,
H0404_D7_285C10p_att00_Rq0,H0404_D7_285C10p_att00_Rq0_01225,2021-10-17 17:39:08,879060,28.50,,
H0404_D7_285C10p_att00_Rq0,H0404_D7_285C10p_att00_Rq0_01226,2021-10-17 17:39:14,877232,28.50,,
H0404_D7_285C10p_att00_Rq0,H0404_D7_285C10p_att00_Rq0_01227,2021-10-17 17:39:19,1051304,28.50,,
H0404_D7_285C10p_att00_Rq0,H0404_D7_285C10p_att00_Rq0_01228,2021-10-17 17:39:25,887273,28.50,,
H0404_D7_285C10p_att00_Rq0,H0404_D7_285C10p_att00_Rq0_01229,2021-10-17 17:39:31,882283,28.50,,
H0404_D7_285C10p_att00_Rq0,H0404_D7_285C10p_att00_Rq0_01230,2021-10-17 17:39:37,878426,28.50,,
H0404_D7_285C10p_att00_Rq0,H0404_D7_285C10p_att00_Rq0_01231,2021-10-17 17:39:43,883979,28.50,,
H0404_D7_285C10p_att00_Rq0,H0404_D7_285C10p_att00_Rq0_01232,2021-10-17 17:39:48,877672,28.50,,
H0404_D7_285C10p_att00_Rq0,H0404_D7_285C10p_att00_Rq0_01233,2021-10-17 17:39:54,881462,28.50,,
H0404_D7_285C10p_att00_Rq0,H0404_D7_285C10p_att00_Rq0_01234,2021-10-17 17:40:00,878458,28.50,,
H0404_D7_285C10p_att00_Rq0,H0404_D7_285C10p_att00_Rq0_01235,2021-10-17 17:40:06,884113,28.50,,
H0404_D7_285C10p_att00_Rq0,H0404_D7_285C10p_att00_Rq0_01236,2021-10-17 17:40:11,881902,28.50,,
H0404_D7_285C10p_att00_Rq0,H0404_D7_285C10p_att00_Rq0_01237,2021-10-17 17:40:17,1224415,28.50,,
H0404_D7_285C10p_att00_Rq0,H0404_D7_285C10p_att00_Rq0_01238,2021-10-17 17:40:23,880713,28.50,,
H0404_D7_285C10p_att00_Rq0,H0404_D7_285C10p_att00_Rq0_01239,2021-10-17 17:40:29,881647,28.50,,
H0404_D7_285C10p_att00_Rq0,H0404_D7_285C10p_att00_Rq0_01240,2021-10-17 17:40:36,877172,28.50,,
H0404_D7_285C10p_att00_Rq0,H0404_D7_285C10p_att00_Rq0_01241,2021-10-17 17:40:44,880112,28.50,,
H0404_D7_285C10p_att00_Rq0,H0404_D7_285C10p_att00_Rq0_01242,2021-10-17 17:40:50,879654,28.50,,
H0404_D7_285C10p_att00_Rq0,H0404_D7_285C10p_att00_Rq0_01243,2021-10-17 17:40:55,884265,28.50,,
H0404_D7_285C10p_att00_Rq0,H0404_D7_285C10p_att00_Rq0_01244,2021-10-17 17:41:01,884532,28.50,,
H0404_D7_285C10p_att00_Rq0,H0404_D7_285C10p_att00_Rq0_01245,2021-10-17 17:41:07,890328,28.50,,
H0404_D7_285C10p_att00_Rq0,H0404_D7_285C10p_att00_Rq0_01246,2021-10-17 17:41:12,888998,28.50,,
H0404_D7_285C10p_att00_Rq0,H0404_D7_285C10p_att00_Rq0_01247,2021-10-17 17:41:18,882689,28.50,,
H0404_D7_285C10p_att00_Rq0,H0404_D7_285C10p_att00_Rq0_01248,2021-10-17 17:41:24,880198,28.50,,
H0404_D7_285C10p_att00_Rq0,H0404_D7_285C10p_att00_Rq0_01249,2021-10-17 17:41:29,883344,28.50,,
H0404_D7_285C10p_att00_Rq0,H0404_D7_285C10p_att00_Rq0_01250,2021-10-17 17:41:35,881925,28.50,,
H0404_D7_285C10p_att00_Rq0,H0404_D7_285C10p_att00_Rq0_01251,2021-10-17 17:41:40,882710,28.50,,
H0404_D7_285C10p_att00_Rq0,H0404_D7_285C10p_att00_Rq0_01252,2021-10-17 17:41:46,882584,28.50,,
H0404_D7_285C10p_att00_Rq0,H0404_D7_285C10p_att00_Rq0_01253,2021-10-17 17:41:52,882963,28.50,,
H0404_D7_285C10p_att00_Rq0,H0404_D7_285C10p_att00_Rq0_01254,2021-10-17 17:41:58,881880,28.50,,
H0404_D7_285C10p_att00_Rq0,H0404_D7_285C10p_att00_Rq0_01255,2021-10-17 17:42:04,879136,28.50,,
H0404_D7_285C10p_att00_Rq0,H0404_D7_285C10p_att00_Rq0_01256,2021-10-17 17:42:09,877853,28.50,,
H0404_D7_285C10p_att00_Rq0,H0404_D7_285C10p_att00_Rq0_01257,2021-10-17 17:42:15,877693,28.50,,
H0404_D7_285C10p_att00_Rq0,H0404_D7_285C10p_att00_Rq0_01258,2021-10-17 17:42:20,880997,28.50,,
H0404_D7_285C10p_att00_Rq0,H0404_D7_285C10p_att00_Rq0_01259,2021-10-17 17:42:26,883716,28.50,,
H0404_D7_285C10p_att00_Rq0,H0404_D7_285C10p_att00_Rq0_01260,2021-10-17 17:42:32,877814,28.50,,
H0404_D7_285C10p_att00_Rq0,H0404_D7_285C10p_att00_Rq0_01261,2021-10-17 17:42:40,884330,28.50,,
H0404_D7_285C10p_att00_Rq0,H0404_D7_285C10p_att00_Rq0_01262,2021-10-17 17:42:45,876729,28.50,,
H0404_D7_285C10p_att00_Rq0,H0404_D7_285C10p_att00_Rq0_01263,2021-10-17 17:42:51,891729,28.50,,
H0404_D7_285C10p_att00_Rq0,H0404_D7_285C10p_att00_Rq0_01264,2021-10-17 17:42:56,890027,28.50,,
H0404_D7_285C10p_att00_Rq0,H0404_D7_285C10p_att00_Rq0_01265,2021-10-17 17:43:02,883822,28.50,,
H0404_D7_285C10p_att00_Rq0,H0404_D7_285C10p_att00_Rq0_01266,2021-10-17 17:43:08,880331,28.50,,
H0404_D7_285C10p_att00_Rq0,H0404_D7_285C10p_att00_Rq0_01267,2021-10-17 17:43:14,875654,28.50,,
H0404_D7_285C10p_att00_Rq0,H0404_D7_285C10p_att00_Rq0_01268,2021-10-17 17:43:19,883335,28.50,,
H0404_D7_285C10p_att00_Rq0,H0404_D7_285C10p_att00_Rq0_01269,2021-10-17 17:43:25,883609,28.50,,
H0404_D7_285C10p_att00_Rq0,H0404_D7_285C10p_att00_Rq0_01270,2021-10-17 17:43:33,883476,28.50,,
H0404_D7_285C10p_att00_Rq0,H0404_D7_285C10p_att00_Rq0_01271,2021-10-17 17:43:39,879423,28.50,,
H0404_D7_285C10p_att00_Rq0,H0404_D7_285C10p_att00_Rq0_01272,2021-10-17 17:43:44,886939,28.50,,
H0404_D7_285C10p_att00_Rq0,H0404_D7_285C10p_att00_Rq0_01273,2021-10-17 17:43:50,886470,28.50,,
H0404_D7_285C10p_att00_Rq0,H0404_D7_285C10p_att00_Rq0_01274,2021-10-17 17:43:58,888600,28.50,,
H0404_D7_285C10p_att00_Rq0,H0404_D7_285C10p_att00_Rq0_01275,2021-10-17 17:44:03,878300,28.50,,
H0404_D7_285C10p_att00_Rq0,H0404_D7_285C10p_att00_Rq0_01276,2021-10-17 17:44:09,879317,28.50,,
H0404_D7_285C10p_att00_Rq0,H0404_D7_285C10p_att00_Rq0_01277,2021-10-17 17:44:15,878399,28.50,,
H0404_D7_285C10p_att00_Rq0,H0404_D7_285C10p_att00_Rq0_01278,2021-10-17 17:44:20,882211,28.50,,
H0404_D7_285C10p_att00_Rq0,H0404_D7_285C10p_att00_Rq0_01279,2021-10-17 17:44:26,885902,28.50,,
H0404_D7_285C10p_att00_Rq0,H0404_D7_285C10p_att00_Rq0_01280,2021-10-17 17:44:32,881634,28.50,,
H0404_D7_285C10p_att00_Rq0,H0404_D7_285C10p_att00_Rq0_01281,2021-10-17 17:44:40,885118,28.50,,
H0404_D7_285C10p_att00_Rq0,H0404_D7_285C10p_att00_Rq0_01282,2021-10-17 17:44:45,883854,28.50,,
H0404_D7_285C10p_att00_Rq0,H0404_D7_285C10p_att00_Rq0_01283,2021-10-17 17:44:51,888870,28.50,,
H0404_D7_285C10p_att00_Rq0,H0404_D7_285C10p_att00_Rq0_01284,2021-10-17 17:44:57,885420,28.50,,
H0404_D7_285C10p_att00_Rq0,H0404_D7_285C10p_att00_Rq0_01285,2021-10-17 17:45:03,880623,28.50,,
H0404_D7_285C10p_att00_Rq0,H0404_D7_285C10p_att00_Rq0_01286,2021-10-17 17:45:08,891372,28.50,,
H0404_D7_285C10p_att00_Rq0,H0404_D7_285C10p_att00_Rq0_01287,2021-10-17 17:45:14,884699,28.50,,
H0404_D7_285C10p_att00_Rq0,H0404_D7_285C10p_att00_Rq0_01288,2021-10-17 17:45:20,880642,28.50,,
H0404_D7_285C10p_att00_Rq0,H0404_D7_285C10p_att00_Rq0_01289,2021-10-17 17:45:26,876031,28.50,,
H0404_D7_285C10p_att00_Rq0,H0404_D7_285C10p_att00_Rq0_01290,2021-10-17 17:45:31,879280,28.50,,
H0404_D7_285C10p_att00_Rq0,H0404_D7_285C10p_att00_Rq0_01291,2021-10-17 17:45:37,879548,28.50,,
H0404_D7_285C10p_att00_Rq0,H0404_D7_285C10p_att00_Rq0_01292,2021-10-17 17:45:42,882494,28.50,,
H0404_D7_285C10p_att00_Rq0,H0404_D7_285C10p_att00_Rq0_01293,2021-10-17 17:45:48,921722,28.50,,
H0404_D7_285C10p_att00_Rq0,H0404_D7_285C10p_att00_Rq0_01294,2021-10-17 17:45:54,885455,28.50,,
H0404_D7_285C10p_att00_Rq0,H0404_D7_285C10p_att00_Rq0_01295,2021-10-17 17:45:59,886479,28.50,,
H0404_D7_285C10p_att00_Rq0,H0404_D7_285C10p_att00_Rq0_01296,2021-10-17 17:46:05,883364,28.50,,
H0404_D7_285C10p_att00_Rq0,H0404_D7_285C10p_att00_Rq0_01297,2021-10-17 17:46:11,878823,28.50,,
H0404_D7_285C10p_att00_Rq0,H0404_D7_285C10p_att00_Rq0_01298,2021-10-17 17:46:17,890047,28.50,,
H0404_D7_285C10p_att00_Rq0,H0404_D7_285C10p_att00_Rq0_01299,2021-10-17 17:46:22,882953,28.50,,
H0404_D7_285C10p_att00_Rq0,H0404_D7_285C10p_att00_Rq0_01300,2021-10-17 17:46:28,882546,28.50,,
H0404_D7_285C10p_att00_Rq0,H0404_D7_285C10p_att00_Rq0_01301,2021-10-17 17:46:36,882339,28.50,,
H0404_D7_285C10p_att00_Rq0,H0404_D7_285C10p_att00_Rq0_01302,2021-10-17 17:46:42,878176,28.50,,
H0404_D7_285C10p_att00_Rq0,H0404_D7_285C10p_att00_Rq0_01303,2021-10-17 17:46:47,881711,28.50,,
H0404_D7_285C10p_att00_Rq0,H0404_D7_285C10p_att00_Rq0_01304,2021-10-17 17:46:53,885258,28.50,,
H0404_D7_285C10p_att00_Rq0,H0404_D7_285C10p_att00_Rq0_01305,2021-10-17 17:46:59,884014,28.50,,
H0404_D7_285C10p_att00_Rq0,H0404_D7_285C10p_att00_Rq0_01306,2021-10-17 17:47:04,885036,28.50,,
H0404_D7_285C10p_att00_Rq0,H0404_D7_285C10p_att00_Rq0_01307,2021-10-17 17:47:10,890739,28.50,,
H0404_D7_285C10p_att00_Rq0,H0404_D7_285C10p_att00_Rq0_01308,2021-10-17 17:47:16,885146,28.50,,
H0404_D7_285C10p_att00_Rq0,H0404_D7_285C10p_att00_Rq0_01309,2021-10-17 17:47:21,880760,28.50,,
H0404_D7_285C10p_att00_Rq0,H0404_D7_285C10p_att00_Rq0_01310,2021-10-17 17:47:27,884749,28.50,,
H0404_D7_285C10p_att00_Rq0,H0404_D7_285C10p_att00_Rq0_01311,2021-10-17 17:47:33,891803,28.50,,
H0404_D7_285C10p_att00_Rq0,H0404_D7_285C10p_att00_Rq0_01312,2021-10-17 17:47:39,880237,28.50,,
H0404_D7_285C10p_att00_Rq0,H0404_D7_285C10p_att00_Rq0_01313,2021-10-17 17:47:44,879273,28.50,,
H0404_D7_285C10p_att00_Rq0,H0404_D7_285C10p_att00_Rq0_01314,2021-10-17 17:47:50,883742,28.50,,
H0404_D7_285C10p_att00_Rq0,H0404_D7_285C10p_att00_Rq0_01315,2021-10-17 17:47:56,882149,28.50,,
H0404_D7_285C10p_att00_Rq0,H0404_D7_285C10p_att00_Rq0_01316,2021-10-17 17:48:01,882774,28.50,,
H0404_D7_285C10p_att00_Rq0,H0404_D7_285C10p_att00_Rq0_01317,2021-10-17 17:48:07,885992,28.50,,
H0404_D7_285C10p_att00_Rq0,H0404_D7_285C10p_att00_Rq0_01318,2021-10-17 17:48:13,883997,28.50,,
H0404_D7_285C10p_att00_Rq0,H0404_D7_285C10p_att00_Rq0_01319,2021-10-17 17:48:18,878250,28.50,,
H0404_D7_285C10p_att00_Rq0,H0404_D7_285C10p_att00_Rq0_01320,2021-10-17 17:48:24,881766,28.50,,
H0404_D7_285C10p_att00_Rq0,H0404_D7_285C10p_att00_Rq0_01321,2021-10-17 17:48:36,886631,28.50,,
H0404_D7_285C10p_att00_Rq0,H0404_D7_285C10p_att00_Rq0_01322,2021-10-17 17:48:42,882334,28.50,,
H0404_D7_285C10p_att00_Rq0,H0404_D7_285C10p_att00_Rq0_01323,2021-10-17 17:48:47,883127,28.50,,
H0404_D7_285C10p_att00_Rq0,H0404_D7_285C10p_att00_Rq0_01324,2021-10-17 17:48:53,884485,28.50,,
H0404_D7_285C10p_att00_Rq0,H0404_D7_285C10p_att00_Rq0_01325,2021-10-17 17:48:59,877398,28.50,,
H0404_D7_285C10p_att00_Rq0,H0404_D7_285C10p_att00_Rq0_01326,2021-10-17 17:49:04,877829,28.50,,
H0404_D7_285C10p_att00_Rq0,H0404_D7_285C10p_att00_Rq0_01327,2021-10-17 17:49:10,891023,28.50,,
H0404_D7_285C10p_att00_Rq0,H0404_D7_285C10p_att00_Rq0_01328,2021-10-17 17:49:16,877430,28.50,,
H0404_D7_285C10p_att00_Rq0,H0404_D7_285C10p_att00_Rq0_01329,2021-10-17 17:49:21,884236,28.50,,
H0404_D7_285C10p_att00_Rq0,H0404_D7_285C10p_att00_Rq0_01330,2021-10-17 17:49:27,878657,28.50,,
H0404_D7_285C10p_att00_Rq0,H0404_D7_285C10p_att00_Rq0_01331,2021-10-17 17:49:33,878459,28.50,,
H0404_D7_285C10p_att00_Rq0,H0404_D7_285C10p_att00_Rq0_01332,2021-10-17 17:49:38,884438,28.50,,
H0404_D7_285C10p_att00_Rq0,H0404_D7_285C10p_att00_Rq0_01333,2021-10-17 17:49:44,885270,28.50,,
H0404_D7_285C10p_att00_Rq0,H0404_D7_285C10p_att00_Rq0_01334,2021-10-17 17:49:50,875662,28.50,,
H0404_D7_285C10p_att00_Rq0,H0404_D7_285C10p_att00_Rq0_01335,2021-10-17 17:49:55,884209,28.50,,
H0404_D7_285C10p_att00_Rq0,H0404_D7_285C10p_att00_Rq0_01336,2021-10-17 17:50:01,877346,28.50,,
H0404_D7_285C10p_att00_Rq0,H0404_D7_285C10p_att00_Rq0_01337,2021-10-17 17:50:07,883917,28.50,,
H0404_D7_285C10p_att00_Rq0,H0404_D7_285C10p_att00_Rq0_01338,2021-10-17 17:50:13,876020,28.50,,
H0404_D7_285C10p_att00_Rq0,H0404_D7_285C10p_att00_Rq0_01339,2021-10-17 17:50:18,882893,28.50,,
H0404_D7_285C10p_att00_Rq0,H0404_D7_285C10p_att00_Rq0_01340,2021-10-17 17:50:24,879540,28.50,,
H0404_D7_285C10p_att00_Rq0,H0404_D7_285C10p_att00_Rq0_01341,2021-10-17 17:50:32,881521,28.50,,
H0404_D7_285C10p_att00_Rq0,H0404_D7_285C10p_att00_Rq0_01342,2021-10-17 17:50:42,876678,28.50,,
H0404_D7_285C10p_att00_Rq0,H0404_D7_285C10p_att00_Rq0_01343,2021-10-17 17:50:48,881394,28.50,,
H0404_D7_285C10p_att00_Rq0,H0404_D7_285C10p_att00_Rq0_01344,2021-10-17 17:50:54,881171,28.50,,
H0404_D7_285C10p_att00_Rq0,H0404_D7_285C10p_att00_Rq0_01345,2021-10-17 17:50:59,882633,28.50,,
H0404_D7_285C10p_att00_Rq0,H0404_D7_285C10p_att00_Rq0_01346,2021-10-17 17:51:05,881731,28.50,,
H0404_D7_285C10p_att00_Rq0,H0404_D7_285C10p_att00_Rq0_01347,2021-10-17 17:51:11,884800,28.50,,
H0404_D7_285C10p_att00_Rq0,H0404_D7_285C10p_att00_Rq0_01348,2021-10-17 17:51:16,884530,28.50,,
H0404_D7_285C10p_att00_Rq0,H0404_D7_285C10p_att00_Rq0_01349,2021-10-17 17:51:22,885071,28.50,,
H0404_D7_285C10p_att00_Rq0,H0404_D7_285C10p_att00_Rq0_01350,2021-10-17 17:51:28,883373,28.50,,
H0404_D7_285C10p_att00_Rq0,H0404_D7_285C10p_att00_Rq0_01351,2021-10-17 17:51:33,882652,28.50,,
H0404_D7_285C10p_att00_Rq0,H0404_D7_285C10p_att00_Rq0_01352,2021-10-17 17:51:39,880357,28.50,,
H0404_D7_285C10p_att00_Rq0,H0404_D7_285C10p_att00_Rq0_01353,2021-10-17 17:51:45,876287,28.50,,
H0404_D7_285C10p_att00_Rq0,H0404_D7_285C10p_att00_Rq0_01354,2021-10-17 17:51:50,880286,28.50,,
H0404_D7_285C10p_att00_Rq0,H0404_D7_285C10p_att00_Rq0_01355,2021-10-17 17:51:56,879787,28.50,,
H0404_D7_285C10p_att00_Rq0,H0404_D7_285C10p_att00_Rq0_01356,2021-10-17 17:52:02,880492,28.50,,
H0404_D7_285C10p_att00_Rq0,H0404_D7_285C10p_att00_Rq0_01357,2021-10-17 17:52:08,886995,28.50,,
H0404_D7_285C10p_att00_Rq0,H0404_D7_285C10p_att00_Rq0_01358,2021-10-17 17:52:13,879406,28.50,,
H0404_D7_285C10p_att00_Rq0,H0404_D7_285C10p_att00_Rq0_01359,2021-10-17 17:52:19,876713,28.50,,
H0404_D7_285C10p_att00_Rq0,H0404_D7_285C10p_att00_Rq0_01360,2021-10-17 17:52:25,879422,28.50,,
H0404_D7_285C10p_att00_Rq0,H0404_D7_285C10p_att00_Rq0_01361,2021-10-17 17:52:32,883787,28.50,,
H0404_D7_285C10p_att00_Rq0,H0404_D7_285C10p_att00_Rq0_01362,2021-10-17 17:52:38,883436,28.50,,
H0404_D7_285C10p_att00_Rq0,H0404_D7_285C10p_att00_Rq0_01363,2021-10-17 17:52:44,879591,28.50,,
H0404_D7_285C10p_att00_Rq0,H0404_D7_285C10p_att00_Rq0_01364,2021-10-17 17:52:50,878389,28.50,,
H0404_D7_285C10p_att00_Rq0,H0404_D7_285C10p_att00_Rq0_01365,2021-10-17 17:52:55,883119,28.50,,
H0404_D7_285C10p_att00_Rq0,H0404_D7_285C10p_att00_Rq0_01366,2021-10-17 17:53:01,886069,28.50,,
H0404_D7_285C10p_att00_Rq0,H0404_D7_285C10p_att00_Rq0_01367,2021-10-17 17:53:07,880688,28.50,,
H0404_D7_285C10p_att00_Rq0,H0404_D7_285C10p_att00_Rq0_01368,2021-10-17 17:53:12,881482,28.50,,
H0404_D7_285C10p_att00_Rq0,H0404_D7_285C10p_att00_Rq0_01369,2021-10-17 17:53:18,877468,28.50,,
H0404_D7_285C10p_att00_Rq0,H0404_D7_285C10p_att00_Rq0_01370,2021-10-17 17:53:23,883100,28.50,,
H0404_D7_285C10p_att00_Rq0,H0404_D7_285C10p_att00_Rq0_01371,2021-10-17 17:53:29,881159,28.50,,
H0404_D7_285C10p_att00_Rq0,H0404_D7_285C10p_att00_Rq0_01372,2021-10-17 17:53:37,885618,28.50,,
H0404_D7_285C10p_att00_Rq0,H0404_D7_285C10p_att00_Rq0_01373,2021-10-17 17:53:42,877901,28.50,,
H0404_D7_285C10p_att00_Rq0,H0404_D7_285C10p_att00_Rq0_01374,2021-10-17 17:53:48,880311,28.50,,
H0404_D7_285C10p_att00_Rq0,H0404_D7_285C10p_att00_Rq0_01375,2021-10-17 17:53:54,880861,28.50,,
H0404_D7_285C10p_att00_Rq0,H0404_D7_285C10p_att00_Rq0_01376,2021-10-17 17:53:59,880828,28.50,,
H0404_D7_285C10p_att00_Rq0,H0404_D7_285C10p_att00_Rq0_01377,2021-10-17 17:54:05,885011,28.50,,
H0404_D7_285C10p_att00_Rq0,H0404_D7_285C10p_att00_Rq0_01378,2021-10-17 17:54:11,880443,28.50,,
H0404_D7_285C10p_att00_Rq0,H0404_D7_285C10p_att00_Rq0_01379,2021-10-17 17:54:16,883612,28.50,,
H0404_D7_285C10p_att00_Rq0,H0404_D7_285C10p_att00_Rq0_01380,2021-10-17 17:54:22,888959,28.50,,
H0404_D7_285C10p_att00_Rq0,H0404_D7_285C10p_att00_Rq0_01381,2021-10-17 17:54:30,882629,28.50,,
H0404_D7_285C10p_att00_Rq0,H0404_D7_285C10p_att00_Rq0_01382,2021-10-17 17:54:36,875325,28.50,,
H0404_D7_285C10p_att00_Rq0,H0404_D7_285C10p_att00_Rq0_01383,2021-10-17 17:54:41,885647,28.50,,
H0404_D7_285C10p_att00_Rq0,H0404_D7_285C10p_att00_Rq0_01384,2021-10-17 17:54:47,884095,28.50,,
H0404_D7_285C10p_att00_Rq0,H0404_D7_285C10p_att00_Rq0_01385,2021-10-17 17:54:53,906621,28.50,,
H0404_D7_285C10p_att00_Rq0,H0404_D7_285C10p_att00_Rq0_01386,2021-10-17 17:54:59,873715,28.50,,
H0404_D7_285C10p_att00_Rq0,H0404_D7_285C10p_att00_Rq0_01387,2021-10-17 17:55:04,886879,28.50,,
H0404_D7_285C10p_att00_Rq0,H0404_D7_285C10p_att00_Rq0_01388,2021-10-17 17:55:10,877904,28.50,,
H0404_D7_285C10p_att00_Rq0,H0404_D7_285C10p_att00_Rq0_01389,2021-10-17 17:55:15,882291,28.50,,
H0404_D7_285C10p_att00_Rq0,H0404_D7_285C10p_att00_Rq0_01390,2021-10-17 17:55:21,877790,28.50,,
H0404_D7_285C10p_att00_Rq0,H0404_D7_285C10p_att00_Rq0_01391,2021-10-17 17:55:27,880988,28.50,,
H0404_D7_285C10p_att00_Rq0,H0404_D7_285C10p_att00_Rq0_01392,2021-10-17 17:55:32,876319,28.50,,
H0404_D7_285C10p_att00_Rq0,H0404_D7_285C10p_att00_Rq0_01393,2021-10-17 17:55:38,880255,28.50,,
H0404_D7_285C10p_att00_Rq0,H0404_D7_285C10p_att00_Rq0_01394,2021-10-17 17:55:44,881224,28.50,,
H0404_D7_285C10p_att00_Rq0,H0404_D7_285C10p_att00_Rq0_01395,2021-10-17 17:55:50,880405,28.50,,
H0404_D7_285C10p_att00_Rq0,H0404_D7_285C10p_att00_Rq0_01396,2021-10-17 17:55:55,880574,28.50,,
H0404_D7_285C10p_att00_Rq0,H0404_D7_285C10p_att00_Rq0_01397,2021-10-17 17:56:01,884252,28.50,,
H0404_D7_285C10p_att00_Rq0,H0404_D7_285C10p_att00_Rq0_01398,2021-10-17 17:56:07,876312,28.50,,
H0404_D7_285C10p_att00_Rq0,H0404_D7_285C10p_att00_Rq0_01399,2021-10-17 17:56:12,891960,28.50,,
H0404_D7_285C10p_att00_Rq0,H0404_D7_285C10p_att00_Rq0_01400,2021-10-17 17:56:18,876637,28.50,,
H0404_D7_285C10p_att00_Rq0,H0404_D7_285C10p_att00_Rq0_01401,2021-10-17 17:56:26,884631,28.50,,
H0404_D7_285C10p_att00_Rq0,H0404_D7_285C10p_att00_Rq0_01402,2021-10-17 17:56:31,904054,28.50,,
H0404_D7_285C10p_att00_Rq0,H0404_D7_285C10p_att00_Rq0_01403,2021-10-17 17:56:37,876672,28.50,,
H0404_D7_285C10p_att00_Rq0,H0404_D7_285C10p_att00_Rq0_01404,2021-10-17 17:56:43,875429,28.50,,
H0404_D7_285C10p_att00_Rq0,H0404_D7_285C10p_att00_Rq0_01405,2021-10-17 17:56:48,891301,28.50,,
H0404_D7_285C10p_att00_Rq0,H0404_D7_285C10p_att00_Rq0_01406,2021-10-17 17:56:54,878437,28.50,,
H0404_D7_285C10p_att00_Rq0,H0404_D7_285C10p_att00_Rq0_01407,2021-10-17 17:57:00,887759,28.50,,
H0404_D7_285C10p_att00_Rq0,H0404_D7_285C10p_att00_Rq0_01408,2021-10-17 17:57:06,884302,28.50,,
H0404_D7_285C10p_att00_Rq0,H0404_D7_285C10p_att00_Rq0_01409,2021-10-17 17:57:11,882259,28.50,,
H0404_D7_285C10p_att00_Rq0,H0404_D7_285C10p_att00_Rq0_01410,2021-10-17 17:57:17,881961,28.50,,
H0404_D7_285C10p_att00_Rq0,H0404_D7_285C10p_att00_Rq0_01411,2021-10-17 17:57:22,880605,28.50,,
H0404_D7_285C10p_att00_Rq0,H0404_D7_285C10p_att00_Rq0_01412,2021-10-17 17:57:28,888691,28.50,,
H0404_D7_285C10p_att00_Rq0,H0404_D7_285C10p_att00_Rq0_01413,2021-10-17 17:57:34,881800,28.50,,
H0404_D7_285C10p_att00_Rq0,H0404_D7_285C10p_att00_Rq0_01414,2021-10-17 17:57:39,885266,28.50,,
H0404_D7_285C10p_att00_Rq0,H0404_D7_285C10p_att00_Rq0_01415,2021-10-17 17:57:45,890299,28.50,,
H0404_D7_285C10p_att00_Rq0,H0404_D7_285C10p_att00_Rq0_01416,2021-10-17 17:57:51,881215,28.50,,
H0404_D7_285C10p_att00_Rq0,H0404_D7_285C10p_att00_Rq0_01417,2021-10-17 17:57:57,888083,28.50,,
H0404_D7_285C10p_att00_Rq0,H0404_D7_285C10p_att00_Rq0_01418,2021-10-17 17:58:03,887074,28.50,,
H0404_D7_285C10p_att00_Rq0,H0404_D7_285C10p_att00_Rq0_01419,2021-10-17 17:58:08,876527,28.50,,
H0404_D7_285C10p_att00_Rq0,H0404_D7_285C10p_att00_Rq0_01420,2021-10-17 17:58:14,876166,28.50,,
H0404_D7_285C10p_att00_Rq0,H0404_D7_285C10p_att00_Rq0_01421,2021-10-17 17:58:22,881050,28.50,,
H0404_D7_285C10p_att00_Rq0,H0404_D7_285C10p_att00_Rq0_01422,2021-10-17 17:58:27,877501,28.50,,
H0404_D7_285C10p_att00_Rq0,H0404_D7_285C10p_att00_Rq0_01423,2021-10-17 17:58:33,883789,28.50,,
H0404_D7_285C10p_att00_Rq0,H0404_D7_285C10p_att00_Rq0_01424,2021-10-17 17:58:38,879483,28.50,,
H0404_D7_285C10p_att00_Rq0,H0404_D7_285C10p_att00_Rq0_01425,2021-10-17 17:58:49,882713,28.50,,
H0404_D7_285C10p_att00_Rq0,H0404_D7_285C10p_att00_Rq0_01426,2021-10-17 17:58:54,890587,28.50,,
H0404_D7_285C10p_att00_Rq0,H0404_D7_285C10p_att00_Rq0_01427,2021-10-17 17:59:00,888841,28.50,,
H0404_D7_285C10p_att00_Rq0,H0404_D7_285C10p_att00_Rq0_01428,2021-10-17 17:59:06,882738,28.50,,
H0404_D7_285C10p_att00_Rq0,H0404_D7_285C10p_att00_Rq0_01429,2021-10-17 17:59:13,878312,28.50,,
H0404_D7_285C10p_att00_Rq0,H0404_D7_285C10p_att00_Rq0_01430,2021-10-17 17:59:18,884800,28.50,,
H0404_D7_285C10p_att00_Rq0,H0404_D7_285C10p_att00_Rq0_01431,2021-10-17 17:59:24,877381,28.50,,
H0404_D7_285C10p_att00_Rq0,H0404_D7_285C10p_att00_Rq0_01432,2021-10-17 17:59:30,877134,28.50,,
H0404_D7_285C10p_att00_Rq0,H0404_D7_285C10p_att00_Rq0_01433,2021-10-17 17:59:35,882727,28.50,,
H0404_D7_285C10p_att00_Rq0,H0404_D7_285C10p_att00_Rq0_01434,2021-10-17 17:59:41,886762,28.50,,
H0404_D7_285C10p_att00_Rq0,H0404_D7_285C10p_att00_Rq0_01435,2021-10-17 17:59:47,877348,28.50,,
H0404_D7_285C10p_att00_Rq0,H0404_D7_285C10p_att00_Rq0_01436,2021-10-17 17:59:53,881166,28.50,,
H0404_D7_285C10p_att00_Rq0,H0404_D7_285C10p_att00_Rq0_01437,2021-10-17 17:59:58,876797,28.50,,
H0404_D7_285C10p_att00_Rq0,H0404_D7_285C10p_att00_Rq0_01438,2021-10-17 18:00:04,877927,28.50,,
H0404_D7_285C10p_att00_Rq0,H0404_D7_285C10p_att00_Rq0_01439,2021-10-17 18:00:09,880172,28.50,,
H0404_D7_285C10p_att00_Rq0,H0404_D7_285C10p_att00_Rq0_01440,2021-10-17 18:00:15,884021,28.50,,
H0404_D7_285C10p_att00_Rq0,H0404_D7_285C10p_att00_Rq0_01441,2021-10-17 18:00:23,881691,28.50,,
H0404_D7_285C10p_att00_Rq0,H0404_D7_285C10p_att00_Rq0_01442,2021-10-17 18:00:29,879580,28.50,,
H0404_D7_285C10p_att00_Rq0,H0404_D7_285C10p_att00_Rq0_01443,2021-10-17 18:00:34,887446,28.50,,
H0404_D7_285C10p_att00_Rq0,H0404_D7_285C10p_att00_Rq0_01444,2021-10-17 18:00:40,888360,28.50,,
H0404_D7_285C10p_att00_Rq0,H0404_D7_285C10p_att00_Rq0_01445,2021-10-17 18:00:46,881838,28.50,,
H0404_D7_285C10p_att00_Rq0,H0404_D7_285C10p_att00_Rq0_01446,2021-10-17 18:00:51,874365,28.50,,
H0404_D7_285C10p_att00_Rq0,H0404_D7_285C10p_att00_Rq0_01447,2021-10-17 18:00:57,885692,28.50,,
H0404_D7_285C10p_att00_Rq0,H0404_D7_285C10p_att00_Rq0_01448,2021-10-17 18:01:03,882779,28.50,,
H0404_D7_285C10p_att00_Rq0,H0404_D7_285C10p_att00_Rq0_01449,2021-10-17 18:01:09,882760,28.50,,
H0404_D7_285C10p_att00_Rq0,H0404_D7_285C10p_att00_Rq0_01450,2021-10-17 18:01:14,882454,28.50,,
H0404_D7_285C10p_att00_Rq0,H0404_D7_285C10p_att00_Rq0_01451,2021-10-17 18:01:20,882059,28.50,,
H0404_D7_285C10p_att00_Rq0,H0404_D7_285C10p_att00_Rq0_01452,2021-10-17 18:01:26,878901,28.50,,
H0404_D7_285C10p_att00_Rq0,H0404_D7_285C10p_att00_Rq0_01453,2021-10-17 18:01:31,895707,28.50,,
H0404_D7_285C10p_att00_Rq0,H0404_D7_285C10p_att00_Rq0_01454,2021-10-17 18:01:37,882398,28.50,,
H0404_D7_285C10p_att00_Rq0,H0404_D7_285C10p_att00_Rq0_01455,2021-10-17 18:01:43,882269,28.50,,
H0404_D7_285C10p_att00_Rq0,H0404_D7_285C10p_att00_Rq0_01456,2021-10-17 18:01:48,880660,28.50,,
H0404_D7_285C10p_att00_Rq0,H0404_D7_285C10p_att00_Rq0_01457,2021-10-17 18:01:54,878180,28.50,,
H0404_D7_285C10p_att00_Rq0,H0404_D7_285C10p_att00_Rq0_01458,2021-10-17 18:01:59,878544,28.50,,
H0404_D7_285C10p_att00_Rq0,H0404_D7_285C10p_att00_Rq0_01459,2021-10-17 18:02:09,881647,28.50,,
H0404_D7_285C10p_att00_Rq0,H0404_D7_285C10p_att00_Rq0_01460,2021-10-17 18:02:15,880653,28.50,,
H0404_D7_285C10p_att00_Rq0,H0404_D7_285C10p_att00_Rq0_01461,2021-10-17 18:02:23,876124,28.50,,
H0404_D7_285C10p_att00_Rq0,H0404_D7_285C10p_att00_Rq0_01462,2021-10-17 18:02:28,880997,28.50,,
H0404_D7_285C10p_att00_Rq0,H0404_D7_285C10p_att00_Rq0_01463,2021-10-17 18:02:34,881523,28.50,,
H0404_D7_285C10p_att00_Rq0,H0404_D7_285C10p_att00_Rq0_01464,2021-10-17 18:02:40,876525,28.50,,
H0404_D7_285C10p_att00_Rq0,H0404_D7_285C10p_att00_Rq0_01465,2021-10-17 18:02:46,878593,28.50,,
H0404_D7_285C10p_att00_Rq0,H0404_D7_285C10p_att00_Rq0_01466,2021-10-17 18:02:51,878761,28.50,,
H0404_D7_285C10p_att00_Rq0,H0404_D7_285C10p_att00_Rq0_01467,2021-10-17 18:02:57,879058,28.50,,
H0404_D7_285C10p_att00_Rq0,H0404_D7_285C10p_att00_Rq0_01468,2021-10-17 18:03:03,880279,28.50,,
H0404_D7_285C10p_att00_Rq0,H0404_D7_285C10p_att00_Rq0_01469,2021-10-17 18:03:08,886384,28.50,,
H0404_D7_285C10p_att00_Rq0,H0404_D7_285C10p_att00_Rq0_01470,2021-10-17 18:03:14,882614,28.50,,
H0404_D7_285C10p_att00_Rq0,H0404_D7_285C10p_att00_Rq0_01471,2021-10-17 18:03:20,884915,28.50,,
H0404_D7_285C10p_att00_Rq0,H0404_D7_285C10p_att00_Rq0_01472,2021-10-17 18:03:25,878643,28.50,,
H0404_D7_285C10p_att00_Rq0,H0404_D7_285C10p_att00_Rq0_01473,2021-10-17 18:03:31,878361,28.50,,
H0404_D7_285C10p_att00_Rq0,H0404_D7_285C10p_att00_Rq0_01474,2021-10-17 18:03:36,881411,28.50,,
H0404_D7_285C10p_att00_Rq0,H0404_D7_285C10p_att00_Rq0_01475,2021-10-17 18:03:42,882696,28.50,,
H0404_D7_285C10p_att00_Rq0,H0404_D7_285C10p_att00_Rq0_01476,2021-10-17 18:03:48,881555,28.50,,
H0404_D7_285C10p_att00_Rq0,H0404_D7_285C10p_att00_Rq0_01477,2021-10-17 18:03:53,878694,28.50,,
H0404_D7_285C10p_att00_Rq0,H0404_D7_285C10p_att00_Rq0_01478,2021-10-17 18:03:59,876900,28.50,,
H0404_D7_285C10p_att00_Rq0,H0404_D7_285C10p_att00_Rq0_01479,2021-10-17 18:04:05,881443,28.50,,
H0404_D7_285C10p_att00_Rq0,H0404_D7_285C10p_att00_Rq0_01480,2021-10-17 18:04:11,880769,28.50,,
H0404_D7_285C10p_att00_Rq0,H0404_D7_285C10p_att00_Rq0_01481,2021-10-17 18:04:19,881463,28.50,,
H0404_D7_285C10p_att00_Rq0,H0404_D7_285C10p_att00_Rq0_01482,2021-10-17 18:04:25,881222,28.50,,
H0404_D7_285C10p_att00_Rq0,H0404_D7_285C10p_att00_Rq0_01483,2021-10-17 18:04:31,883764,28.50,,
H0404_D7_285C10p_att00_Rq0,H0404_D7_285C10p_att00_Rq0_01484,2021-10-17 18:04:36,880177,28.50,,
H0404_D7_285C10p_att00_Rq0,H0404_D7_285C10p_att00_Rq0_01485,2021-10-17 18:04:42,878047,28.50,,
H0404_D7_285C10p_att00_Rq0,H0404_D7_285C10p_att00_Rq0_01486,2021-10-17 18:04:48,882851,28.50,,
H0404_D7_285C10p_att00_Rq0,H0404_D7_285C10p_att00_Rq0_01487,2021-10-17 18:04:53,883510,28.50,,
H0404_D7_285C10p_att00_Rq0,H0404_D7_285C10p_att00_Rq0_01488,2021-10-17 18:04:59,880393,28.50,,
H0404_D7_285C10p_att00_Rq0,H0404_D7_285C10p_att00_Rq0_01489,2021-10-17 18:05:04,883809,28.50,,
H0404_D7_285C10p_att00_Rq0,H0404_D7_285C10p_att00_Rq0_01490,2021-10-17 18:05:10,881738,28.50,,
H0404_D7_285C10p_att00_Rq0,H0404_D7_285C10p_att00_Rq0_01491,2021-10-17 18:05:16,890748,28.50,,
H0404_D7_285C10p_att00_Rq0,H0404_D7_285C10p_att00_Rq0_01492,2021-10-17 18:05:22,880650,28.50,,
H0404_D7_285C10p_att00_Rq0,H0404_D7_285C10p_att00_Rq0_01493,2021-10-17 18:05:27,887046,28.50,,
H0404_D7_285C10p_att00_Rq0,H0404_D7_285C10p_att00_Rq0_01494,2021-10-17 18:05:33,886746,28.50,,
H0404_D7_285C10p_att00_Rq0,H0404_D7_285C10p_att00_Rq0_01495,2021-10-17 18:05:39,887640,28.50,,
H0404_D7_285C10p_att00_Rq0,H0404_D7_285C10p_att00_Rq0_01496,2021-10-17 18:05:45,878020,28.50,,
H0404_D7_285C10p_att00_Rq0,H0404_D7_285C10p_att00_Rq0_01497,2021-10-17 18:05:50,878650,28.50,,
H0404_D7_285C10p_att00_Rq0,H0404_D7_285C10p_att00_Rq0_01498,2021-10-17 18:05:56,877438,28.50,,
H0404_D7_285C10p_att00_Rq0,H0404_D7_285C10p_att00_Rq0_01499,2021-10-17 18:06:01,877844,28.50,,
H0404_D7_285C10p_att00_Rq0,H0404_D7_285C10p_att00_Rq0_01500,2021-10-17 18:06:07,882504,28.50,,
H0404_D7_285C10p_att00_Rq0,H0404_D7_285C10p_att00_Rq0_01501,2021-10-17 18:06:15,880439,28.50,,
H0404_D7_285C10p_att00_Rq0,H0404_D7_285C10p_att00_Rq0_01502,2021-10-17 18:06:21,876425,28.50,,
H0404_D7_285C10p_att00_Rq0,H0404_D7_285C10p_att00_Rq0_01503,2021-10-17 18:06:26,1034369,28.50,,
H0404_D7_285C10p_att00_Rq0,H0404_D7_285C10p_att00_Rq0_01504,2021-10-17 18:06:33,877319,28.50,,
H0404_D7_285C10p_att00_Rq0,H0404_D7_285C10p_att00_Rq0_01505,2021-10-17 18:06:38,888230,28.50,,
H0404_D7_285C10p_att00_Rq0,H0404_D7_285C10p_att00_Rq0_01506,2021-10-17 18:06:44,889483,28.50,,
H0404_D7_285C10p_att00_Rq0,H0404_D7_285C10p_att00_Rq0_01507,2021-10-17 18:06:50,884036,28.50,,
H0404_D7_285C10p_att00_Rq0,H0404_D7_285C10p_att00_Rq0_01508,2021-10-17 18:06:55,884110,28.50,,
H0404_D7_285C10p_att00_Rq0,H0404_D7_285C10p_att00_Rq0_01509,2021-10-17 18:07:01,879625,28.50,,
H0404_D7_285C10p_att00_Rq0,H0404_D7_285C10p_att00_Rq0_01510,2021-10-17 18:07:07,883030,28.50,,
H0404_D7_285C10p_att00_Rq0,H0404_D7_285C10p_att00_Rq0_01511,2021-10-17 18:07:13,889370,28.50,,
H0404_D7_285C10p_att00_Rq0,H0404_D7_285C10p_att00_Rq0_01512,2021-10-17 18:07:18,879109,28.50,,
H0404_D7_285C10p_att00_Rq0,H0404_D7_285C10p_att00_Rq0_01513,2021-10-17 18:07:24,881412,28.50,,
H0404_D7_285C10p_att00_Rq0,H0404_D7_285C10p_att00_Rq0_01514,2021-10-17 18:07:30,890554,28.50,,
H0404_D7_285C10p_att00_Rq0,H0404_D7_285C10p_att00_Rq0_01515,2021-10-17 18:07:36,879401,28.50,,
H0404_D7_285C10p_att00_Rq0,H0404_D7_285C10p_att00_Rq0_01516,2021-10-17 18:07:42,881750,28.50,,
H0404_D7_285C10p_att00_Rq0,H0404_D7_285C10p_att00_Rq0_01517,2021-10-17 18:07:47,882798,28.50,,
H0404_D7_285C10p_att00_Rq0,H0404_D7_285C10p_att00_Rq0_01518,2021-10-17 18:07:53,879522,28.50,,
H0404_D7_285C10p_att00_Rq0,H0404_D7_285C10p_att00_Rq0_01519,2021-10-17 18:07:59,881762,28.50,,
H0404_D7_285C10p_att00_Rq0,H0404_D7_285C10p_att00_Rq0_01520,2021-10-17 18:08:05,878220,28.50,,
H0404_D7_285C10p_att00_Rq0,H0404_D7_285C10p_att00_Rq0_01521,2021-10-17 18:08:13,886269,28.50,,
H0404_D7_285C10p_att00_Rq0,H0404_D7_285C10p_att00_Rq0_01522,2021-10-17 18:08:18,890165,28.50,,
H0404_D7_285C10p_att00_Rq0,H0404_D7_285C10p_att00_Rq0_01523,,,,,no Data Exchange metadata
H0405_D6_060C10p_att00_Rq0,H0405_D6_060C10p_att00_Rq0_00001,2021-10-17 18:30:51,884749,6.00,,
H0405_D6_060C10p_att00_Rq0,H0405_D6_060C10p_att00_Rq0_00002,,,,,no Data Exchange metadata
H0406_D6_062C10p_att00_Rq0,H0406_D6_062C10p_att00_Rq0_00001,2021-10-17 18:32:03,889217,6.25,,
H0406_D6_062C10p_att00_Rq0,H0406_D6_062C10p_att00_Rq0_00002,,,,,no Data Exchange metadata
H0407_D6_060C10p_att00_Rq0,H0407_D6_060C10p_att00_Rq0_00001,2021-10-17 18:32:56,883249,6.00,,
H0407_D6_060C10p_att00_Rq0,H0407_D6_060C10p_att00_Rq0_00002,2021-10-17 18:33:02,879743,6.00,,
H0407_D6_060C10p_att00_Rq0,H0407_D6_060C10p_att00_Rq0_00003,2021-10-17 18:33:07,876649,6.00,,
H0407_D6_060C10p_att00_Rq0,H0407_D6_060C10p_att00_Rq0_00004,2021-10-17 18:33:13,875886,6.00,,
H0407_D6_060C10p_att00_Rq0,H0407_D6_060C10p_att00_Rq0_00005,2021-10-17 18:33:19,877093,6.00,,
H0407_D6_060C10p_att00_Rq0,H0407_D6_060C10p_att00_Rq0_00006,2021-10-17 18:33:24,880089,6.00,,
H0407_D6_060C10p_att00_Rq0,H0407_D6_060C10p_att00_Rq0_00007,2021-10-17 18:33:30,875251,6.00,,
H0407_D6_060C10p_att00_Rq0,H0407_D6_060C10p_att00_Rq0_00008,2021-10-17 18:33:35,875938,6.00,,
H0407_D6_060C10p_att00_Rq0,H0407_D6_060C10p_att00_Rq0_00009,2021-10-17 18:33:41,879096,6.00,,
H0407_D6_060C10p_att00_Rq0,H0407_D6_060C10p_att00_Rq0_00010,2021-10-17 18:33:47,883205,6.00,,
H0407_D6_060C10p_att00_Rq0,H0407_D6_060C10p_att00_Rq0_00011,2021-10-17 18:33:52,874497,6.00,,
H0407_D6_060C10p_att00_Rq0,H0407_D6_060C10p_att00_Rq0_00012,2021-10-17 18:33:59,878815,6.00,,
H0407_D6_060C10p_att00_Rq0,H0407_D6_060C10p_att00_Rq0_00013,2021-10-17 18:34:04,878613,6.00,,
H0407_D6_060C10p_att00_Rq0,H0407_D6_060C10p_att00_Rq0_00014,2021-10-17 18:34:10,879624,6.00,,
H0407_D6_060C10p_att00_Rq0,H0407_D6_060C10p_att00_Rq0_00015,2021-10-17 18:34:16,879284,6.00,,
H0407_D6_060C10p_att00_Rq0,H0407_D6_060C10p_att00_Rq0_00016,2021-10-17 18:34:21,875695,6.00,,
H0407_D6_060C10p_att00_Rq0,H0407_D6_060C10p_att00_Rq0_00017,2021-10-17 18:34:27,881997,6.00,,
H0407_D6_060C10p_att00_Rq0,H0407_D6_060C10p_att00_Rq0_00018,2021-10-17 18:34:32,881189,6.00,,
H0407_D6_060C10p_att00_Rq0,H0407_D6_060C10p_att00_Rq0_00019,2021-10-17 18:34:38,881754,6.00,,
H0407_D6_060C10p_att00_Rq0,H0407_D6_060C10p_att00_Rq0_00020,2021-10-17 18:34:44,873828,6.00,,
H0407_D6_282C10p_att00_Rq0,H0407_D6_282C10p_att00_Rq0_00001,2021-10-17 18:50:57,884981,28.25,,
H0407_D6_282C10p_att00_Rq0,H0407_D6_282C10p_att00_Rq0_00002,2021-10-17 18:51:04,878169,28.25,,
H0407_D6_282C10p_att00_Rq0,H0407_D6_282C10p_att00_Rq0_00003,2021-10-17 18:51:10,892011,28.25,,
H0407_D6_282C10p_att00_Rq0,H0407_D6_282C10p_att00_Rq0_00004,2021-10-17 18:51:21,876376,28.25,,
H0407_D6_282C10p_att00_Rq0,H0407_D6_282C10p_att00_Rq0_00005,2021-10-17 18:51:27,884190,28.25,,
H0407_D6_282C10p_att00_Rq0,H0407_D6_282C10p_att00_Rq0_00006,2021-10-17 18:51:33,876267,28.25,,
H0407_D6_282C10p_att00_Rq0,H0407_D6_282C10p_att00_Rq0_00007,2021-10-17 18:51:38,877513,28.25,,
H0407_D6_282C10p_att00_Rq0,H0407_D6_282C10p_att00_Rq0_00008,2021-10-17 18:51:44,881658,28.25,,
H0407_D6_282C10p_att00_Rq0,H0407_D6_282C10p_att00_Rq0_00009,2021-10-17 18:51:50,879361,28.25,,
H0407_D6_282C10p_att00_Rq0,H0407_D6_282C10p_att00_Rq0_00010,2021-10-17 18:51:55,882927,28.25,,
H0407_D6_282C10p_att00_Rq0,H0407_D6_282C10p_att00_Rq0_00011,2021-10-17 18:52:01,880426,28.25,,
H0407_D6_282C10p_att00_Rq0,H0407_D6_282C10p_att00_Rq0_00012,2021-10-17 18:52:07,888996,28.25,,
H0407_D6_282C10p_att00_Rq0,H0407_D6_282C10p_att00_Rq0_00013,2021-10-17 18:52:13,879229,28.25,,
H0407_D6_282C10p_att00_Rq0,H0407_D6_282C10p_att00_Rq0_00014,2021-10-17 18:52:19,881914,28.25,,
H0407_D6_282C10p_att00_Rq0,H0407_D6_282C10p_att00_Rq0_00015,2021-10-17 18:52:24,876173,28.25,,
H0407_D6_282C10p_att00_Rq0,H0407_D6_282C10p_att00_Rq0_00016,2021-10-17 18:52:30,877876,28.25,,
H0407_D6_282C10p_att00_Rq0,H0407_D6_282C10p_att00_Rq0_00017,2021-10-17 18:52:35,878324,28.25,,
H0407_D6_282C10p_att00_Rq0,H0407_D6_282C10p_att00_Rq0_00018,2021-10-17 18:52:41,878996,28.25,,
H0407_D6_282C10p_att00_Rq0,H0407_D6_282C10p_att00_Rq0_00019,2021-10-17 18:52:47,881805,28.25,,
H0407_D6_282C10p_att00_Rq0,H0407_D6_282C10p_att00_Rq0_00020,2021-10-17 18:52:53,882056,28.25,,
H0407_D6_282C10p_att00_Rq0,H0407_D6_282C10p_att00_Rq0_00021,2021-10-17 18:53:01,881321,28.25,,
H0407_D6_282C10p_att00_Rq0,H0407_D6_282C10p_att00_Rq0_00022,2021-10-17 18:53:06,891364,28.25,,
H0407_D6_282C10p_att00_Rq0,H0407_D6_282C10p_att00_Rq0_00023,2021-10-17 18:53:12,889796,28.25,,
H0407_D6_282C10p_att00_Rq0,H0407_D6_282C10p_att00_Rq0_00024,2021-10-17 18:53:18,881610,28.25,,
H0407_D6_282C10p_att00_Rq0,H0407_D6_282C10p_att00_Rq0_00025,2021-10-17 18:53:24,887448,28.25,,
H0407_D6_282C10p_att00_Rq0,H0407_D6_282C10p_att00_Rq0_00026,2021-10-17 18:53:29,889760,28.25,,
H0407_D6_282C10p_att00_Rq0,H0407_D6_282C10p_att00_Rq0_00027,2021-10-17 18:53:35,881258,28.25,,
H0407_D6_282C10p_att00_Rq0,H0407_D6_282C10p_att00_Rq0_00028,2021-10-17 18:53:41,880149,28.25,,
H0407_D6_282C10p_att00_Rq0,H0407_D6_282C10p_att00_Rq0_00029,2021-10-17 18:53:46,879696,28.25,,
H0407_D6_282C10p_att00_Rq0,H0407_D6_282C10p_att00_Rq0_00030,2021-10-17 18:53:52,879744,28.25,,
H0407_D6_282C10p_att00_Rq0,H0407_D6_282C10p_att00_Rq0_00031,2021-10-17 18:53:58,886699,28.25,,
H0407_D6_282C10p_att00_Rq0,H0407_D6_282C10p_att00_Rq0_00032,2021-10-17 18:54:03,879551,28.25,,
H0407_D6_282C10p_att00_Rq0,H0407_D6_282C10p_att00_Rq0_00033,2021-10-17 18:54:09,879208,28.25,,
H0407_D6_282C10p_att00_Rq0,H0407_D6_282C10p_att00_Rq0_00034,2021-10-17 18:54:15,883778,28.25,,
H0407_D6_282C10p_att00_Rq0,H0407_D6_282C10p_att00_Rq0_00035,2021-10-17 18:54:20,882663,28.25,,
H0407_D6_282C10p_att00_Rq0,H0407_D6_282C10p_att00_Rq0_00036,2021-10-17 18:54:26,878811,28.25,,
H0407_D6_282C10p_att00_Rq0,H0407_D6_282C10p_att00_Rq0_00037,2021-10-17 18:54:32,878728,28.25,,
H0407_D6_282C10p_att00_Rq0,H0407_D6_282C10p_att00_Rq0_00038,2021-10-17 18:54:38,885114,28.25,,
H0407_D6_282C10p_att00_Rq0,H0407_D6_282C10p_att00_Rq0_00039,2021-10-17 18:54:43,889890,28.25,,
H0407_D6_282C10p_att00_Rq0,H0407_D6_282C10p_att00_Rq0_00040,2021-10-17 18:54:49,882640,28.25,,
H0407_D6_282C10p_att00_Rq0,H0407_D6_282C10p_att00_Rq0_00041,2021-10-17 18:54:57,882515,28.25,,
H0407_D6_282C10p_att00_Rq0,H0407_D6_282C10p_att00_Rq0_00042,2021-10-17 18:55:02,878618,28.25,,
H0407_D6_282C10p_att00_Rq0,H0407_D6_282C10p_att00_Rq0_00043,2021-10-17 18:55:08,887881,28.25,,
H0407_D6_282C10p_att00_Rq0,H0407_D6_282C10p_att00_Rq0_00044,2021-10-17 18:55:14,880735,28.25,,
H0407_D6_282C10p_att00_Rq0,H0407_D6_282C10p_att00_Rq0_00045,2021-10-17 18:55:19,873717,28.25,,
H0407_D6_282C10p_att00_Rq0,H0407_D6_282C10p_att00_Rq0_00046,2021-10-17 18:55:25,877580,28.25,,
H0407_D6_282C10p_att00_Rq0,H0407_D6_282C10p_att00_Rq0_00047,2021-10-17 18:55:30,876854,28.25,,
H0407_D6_282C10p_att00_Rq0,H0407_D6_282C10p_att00_Rq0_00048,2021-10-17 18:55:36,882631,28.25,,
H0407_D6_282C10p_att00_Rq0,H0407_D6_282C10p_att00_Rq0_00049,2021-10-17 18:55:42,877315,28.25,,
H0407_D6_282C10p_att00_Rq0,H0407_D6_282C10p_att00_Rq0_00050,2021-10-17 18:55:48,887930,28.25,,
H0407_D6_282C10p_att00_Rq0,H0407_D6_282C10p_att00_Rq0_00051,2021-10-17 18:55:53,889349,28.25,,
H0407_D6_282C10p_att00_Rq0,H0407_D6_282C10p_att00_Rq0_00052,2021-10-17 18:55:59,876840,28.25,,
H0407_D6_282C10p_att00_Rq0,H0407_D6_282C10p_att00_Rq0_00053,2021-10-17 18:56:04,880080,28.25,,
H0407_D6_282C10p_att00_Rq0,H0407_D6_282C10p_att00_Rq0_00054,2021-10-17 18:56:14,880482,28.25,,
H0407_D6_282C10p_att00_Rq0,H0407_D6_282C10p_att00_Rq0_00055,2021-10-17 18:56:19,880608,28.25,,
H0407_D6_282C10p_att00_Rq0,H0407_D6_282C10p_att00_Rq0_00056,2021-10-17 18:56:25,882812,28.25,,
H0407_D6_282C10p_att00_Rq0,H0407_D6_282C10p_att00_Rq0_00057,2021-10-17 18:56:31,878838,28.25,,
H0407_D6_282C10p_att00_Rq0,H0407_D6_282C10p_att00_Rq0_00058,2021-10-17 18:56:38,883160,28.25,,
H0407_D6_282C10p_att00_Rq0,H0407_D6_282C10p_att00_Rq0_00059,2021-10-17 18:56:44,875605,28.25,,
H0407_D6_282C10p_att00_Rq0,H0407_D6_282C10p_att00_Rq0_00060,2021-10-17 18:56:49,881805,28.25,,
H0407_D6_282C10p_att00_Rq0,H0407_D6_282C10p_att00_Rq0_00061,2021-10-17 18:56:57,879273,28.25,,
H0407_D6_282C10p_att00_Rq0,H0407_D6_282C10p_att00_Rq0_00062,2021-10-17 18:57:03,878257,28.25,,
H0407_D6_282C10p_att00_Rq0,H0407_D6_282C10p_att00_Rq0_00063,2021-10-17 18:57:08,882205,28.25,,
H0407_D6_282C10p_att00_Rq0,H0407_D6_282C10p_att00_Rq0_00064,2021-10-17 18:57:14,877546,28.25,,
H0407_D6_282C10p_att00_Rq0,H0407_D6_282C10p_att00_Rq0_00065,2021-10-17 18:57:20,958989,28.25,,
H0407_D6_282C10p_att00_Rq0,H0407_D6_282C10p_att00_Rq0_00066,2021-10-17 18:57:25,880791,28.25,,
H0407_D6_282C10p_att00_Rq0,H0407_D6_282C10p_att00_Rq0_00067,2021-10-17 18:57:31,878183,28.25,,
H0407_D6_282C10p_att00_Rq0,H0407_D6_282C10p_att00_Rq0_00068,2021-10-17 18:57:37,882883,28.25,,
H0407_D6_282C10p_att00_Rq0,H0407_D6_282C10p_att00_Rq0_00069,2021-10-17 18:57:42,881258,28.25,,
H0407_D6_282C10p_att00_Rq0,H0407_D6_282C10p_att00_Rq0_00070,,,,,"metadata read failed: ""Unable to synchronously open object (object 'detector' doesn't exist)"""
H0407_D6_282C10p_att00_Rq0,H0407_D6_282C10p_att00_Rq0_00071,2021-10-17 18:57:54,881779,28.25,,
H0407_D6_282C10p_att00_Rq0,H0407_D6_282C10p_att00_Rq0_00072,2021-10-17 18:57:59,880155,28.25,,
H0407_D6_282C10p_att00_Rq0,H0407_D6_282C10p_att00_Rq0_00073,2021-10-17 18:58:05,881203,28.25,,
H0407_D6_282C10p_att00_Rq0,H0407_D6_282C10p_att00_Rq0_00074,2021-10-17 18:58:11,879711,28.25,,
H0407_D6_282C10p_att00_Rq0,H0407_D6_282C10p_att00_Rq0_00075,2021-10-17 18:58:16,880352,28.25,,
H0407_D6_282C10p_att00_Rq0,H0407_D6_282C10p_att00_Rq0_00076,2021-10-17 18:58:27,881173,28.25,,
H0407_D6_282C10p_att00_Rq0,H0407_D6_282C10p_att00_Rq0_00077,2021-10-17 18:58:32,883009,28.25,,
H0407_D6_282C10p_att00_Rq0,H0407_D6_282C10p_att00_Rq0_00078,2021-10-17 18:58:38,884481,28.25,,
H0407_D6_282C10p_att00_Rq0,H0407_D6_282C10p_att00_Rq0_00079,2021-10-17 18:58:43,874940,28.25,,
H0407_D6_282C10p_att00_Rq0,H0407_D6_282C10p_att00_Rq0_00080,2021-10-17 18:58:49,883703,28.25,,
H0407_D6_282C10p_att00_Rq0,H0407_D6_282C10p_att00_Rq0_00081,2021-10-17 18:58:57,879511,28.25,,
H0407_D6_282C10p_att00_Rq0,H0407_D6_282C10p_att00_Rq0_00082,2021-10-17 18:59:02,883093,28.25,,
H0407_D6_282C10p_att00_Rq0,H0407_D6_282C10p_att00_Rq0_00083,2021-10-17 18:59:08,886550,28.25,,
H0407_D6_282C10p_att00_Rq0,H0407_D6_282C10p_att00_Rq0_00084,2021-10-17 18:59:14,882197,28.25,,
H0407_D6_282C10p_att00_Rq0,H0407_D6_282C10p_att00_Rq0_00085,2021-10-17 18:59:19,878930,28.25,,
H0407_D6_282C10p_att00_Rq0,H0407_D6_282C10p_att00_Rq0_00086,2021-10-17 18:59:25,887894,28.25,,
H0407_D6_282C10p_att00_Rq0,H0407_D6_282C10p_att00_Rq0_00087,2021-10-17 18:59:31,882522,28.25,,
H0407_D6_282C10p_att00_Rq0,H0407_D6_282C10p_att00_Rq0_00088,2021-10-17 18:59:36,882578,28.25,,
H0407_D6_282C10p_att00_Rq0,H0407_D6_282C10p_att00_Rq0_00089,2021-10-17 18:59:42,881627,28.25,,
H0407_D6_282C10p_att00_Rq0,H0407_D6_282C10p_att00_Rq0_00090,2021-10-17 18:59:48,876762,28.25,,
H0407_D6_282C10p_att00_Rq0,H0407_D6_282C10p_att00_Rq0_00091,2021-10-17 18:59:53,880596,28.25,,
H0407_D6_282C10p_att00_Rq0,H0407_D6_282C10p_att00_Rq0_00092,2021-10-17 18:59:59,880992,28.25,,
H0407_D6_282C10p_att00_Rq0,H0407_D6_282C10p_att00_Rq0_00093,2021-10-17 19:00:05,880574,28.25,,
H0407_D6_282C10p_att00_Rq0,H0407_D6_282C10p_att00_Rq0_00094,2021-10-17 19:00:10,876580,28.25,,
H0407_D6_282C10p_att00_Rq0,H0407_D6_282C10p_att00_Rq0_00095,2021-10-17 19:00:16,879950,28.25,,
H0407_D6_282C10p_att00_Rq0,H0407_D6_282C10p_att00_Rq0_00096,2021-10-17 19:00:22,876252,28.25,,
H0407_D6_282C10p_att00_Rq0,H0407_D6_282C10p_att00_Rq0_00097,2021-10-17 19:00:28,879947,28.25,,
H0407_D6_282C10p_att00_Rq0,H0407_D6_282C10p_att00_Rq0_00098,2021-10-17 19:00:33,881272,28.25,,
H0407_D6_282C10p_att00_Rq0,H0407_D6_282C10p_att00_Rq0_00099,2021-10-17 19:00:39,875878,28.25,,
H0407_D6_282C10p_att00_Rq0,H0407_D6_282C10p_att00_Rq0_00100,2021-10-17 19:00:44,879925,28.25,,
H0407_D6_282C10p_att00_Rq0,H0407_D6_282C10p_att00_Rq0_00101,2021-10-17 19:00:52,876265,28.25,,
H0407_D6_282C10p_att00_Rq0,H0407_D6_282C10p_att00_Rq0_00102,2021-10-17 19:00:58,883310,28.25,,
H0407_D6_282C10p_att00_Rq0,H0407_D6_282C10p_att00_Rq0_00103,2021-10-17 19:01:04,879569,28.25,,
H0407_D6_282C10p_att00_Rq0,H0407_D6_282C10p_att00_Rq0_00104,2021-10-17 19:01:09,879852,28.25,,
H0407_D6_282C10p_att00_Rq0,H0407_D6_282C10p_att00_Rq0_00105,2021-10-17 19:01:15,875928,28.25,,
H0407_D6_282C10p_att00_Rq0,H0407_D6_282C10p_att00_Rq0_00106,2021-10-17 19:01:21,878695,28.25,,
H0407_D6_282C10p_att00_Rq0,H0407_D6_282C10p_att00_Rq0_00107,2021-10-17 19:01:30,882359,28.25,,
H0407_D6_282C10p_att00_Rq0,H0407_D6_282C10p_att00_Rq0_00108,2021-10-17 19:01:35,878290,28.25,,
H0407_D6_282C10p_att00_Rq0,H0407_D6_282C10p_att00_Rq0_00109,2021-10-17 19:01:41,875198,28.25,,
H0407_D6_282C10p_att00_Rq0,H0407_D6_282C10p_att00_Rq0_00110,2021-10-17 19:01:46,873769,28.25,,
H0407_D6_282C10p_att00_Rq0,H0407_D6_282C10p_att00_Rq0_00111,2021-10-17 19:01:53,878695,28.25,,
H0407_D6_282C10p_att00_Rq0,H0407_D6_282C10p_att00_Rq0_00112,2021-10-17 19:01:59,881086,28.25,,
H0407_D6_282C10p_att00_Rq0,H0407_D6_282C10p_att00_Rq0_00113,2021-10-17 19:02:05,884885,28.25,,
H0407_D6_282C10p_att00_Rq0,H0407_D6_282C10p_att00_Rq0_00114,2021-10-17 19:02:10,873230,28.25,,
H0407_D6_282C10p_att00_Rq0,H0407_D6_282C10p_att00_Rq0_00115,2021-10-17 19:02:16,880362,28.25,,
H0407_D6_282C10p_att00_Rq0,H0407_D6_282C10p_att00_Rq0_00116,2021-10-17 19:02:21,880896,28.25,,
H0407_D6_282C10p_att00_Rq0,H0407_D6_282C10p_att00_Rq0_00117,2021-10-17 19:02:27,873322,28.25,,
H0407_D6_282C10p_att00_Rq0,H0407_D6_282C10p_att00_Rq0_00118,2021-10-17 19:02:32,875020,28.25,,
H0407_D6_282C10p_att00_Rq0,H0407_D6_282C10p_att00_Rq0_00119,2021-10-17 19:02:38,883372,28.25,,
H0407_D6_282C10p_att00_Rq0,H0407_D6_282C10p_att00_Rq0_00120,2021-10-17 19:02:44,877688,28.25,,
H0407_D6_282C10p_att00_Rq0,H0407_D6_282C10p_att00_Rq0_00121,2021-10-17 19:02:52,875877,28.25,,
H0407_D6_282C10p_att00_Rq0,H0407_D6_282C10p_att00_Rq0_00122,2021-10-17 19:02:57,879607,28.25,,
H0407_D6_282C10p_att00_Rq0,H0407_D6_282C10p_att00_Rq0_00123,2021-10-17 19:03:03,880764,28.25,,
H0407_D6_282C10p_att00_Rq0,H0407_D6_282C10p_att00_Rq0_00124,2021-10-17 19:03:08,876465,28.25,,
H0407_D6_282C10p_att00_Rq0,H0407_D6_282C10p_att00_Rq0_00125,2021-10-17 19:03:14,876317,28.25,,
H0407_D6_282C10p_att00_Rq0,H0407_D6_282C10p_att00_Rq0_00126,2021-10-17 19:03:20,881909,28.25,,
H0407_D6_282C10p_att00_Rq0,H0407_D6_282C10p_att00_Rq0_00127,2021-10-17 19:03:25,874759,28.25,,
H0407_D6_282C10p_att00_Rq0,H0407_D6_282C10p_att00_Rq0_00128,2021-10-17 19:03:31,888456,28.25,,
H0407_D6_282C10p_att00_Rq0,H0407_D6_282C10p_att00_Rq0_00129,2021-10-17 19:03:36,878219,28.25,,
H0407_D6_282C10p_att00_Rq0,H0407_D6_282C10p_att00_Rq0_00130,2021-10-17 19:03:42,878529,28.25,,
H0407_D6_282C10p_att00_Rq0,H0407_D6_282C10p_att00_Rq0_00131,2021-10-17 19:03:48,879119,28.25,,
H0407_D6_282C10p_att00_Rq0,H0407_D6_282C10p_att00_Rq0_00132,2021-10-17 19:03:53,877941,28.25,,
H0407_D6_282C10p_att00_Rq0,H0407_D6_282C10p_att00_Rq0_00133,2021-10-17 19:03:59,874176,28.25,,
H0407_D6_282C10p_att00_Rq0,H0407_D6_282C10p_att00_Rq0_00134,2021-10-17 19:04:05,877884,28.25,,
H0407_D6_282C10p_att00_Rq0,H0407_D6_282C10p_att00_Rq0_00135,2021-10-17 19:04:10,878028,28.25,,
H0407_D6_282C10p_att00_Rq0,H0407_D6_282C10p_att00_Rq0_00136,2021-10-17 19:04:16,877613,28.25,,
H0407_D6_282C10p_att00_Rq0,H0407_D6_282C10p_att00_Rq0_00137,2021-10-17 19:04:21,876035,28.25,,
H0407_D6_282C10p_att00_Rq0,H0407_D6_282C10p_att00_Rq0_00138,2021-10-17 19:04:27,881318,28.25,,
H0407_D6_282C10p_att00_Rq0,H0407_D6_282C10p_att00_Rq0_00139,2021-10-17 19:04:33,881021,28.25,,
H0407_D6_282C10p_att00_Rq0,H0407_D6_282C10p_att00_Rq0_00140,2021-10-17 19:04:39,876737,28.25,,
H0407_D6_282C10p_att00_Rq0,H0407_D6_282C10p_att00_Rq0_00141,2021-10-17 19:04:47,886834,28.25,,
H0407_D6_282C10p_att00_Rq0,H0407_D6_282C10p_att00_Rq0_00142,2021-10-17 19:04:53,879272,28.25,,
H0407_D6_282C10p_att00_Rq0,H0407_D6_282C10p_att00_Rq0_00143,2021-10-17 19:04:58,880345,28.25,,
H0407_D6_282C10p_att00_Rq0,H0407_D6_282C10p_att00_Rq0_00144,2021-10-17 19:05:04,879214,28.25,,
H0407_D6_282C10p_att00_Rq0,H0407_D6_282C10p_att00_Rq0_00145,2021-10-17 19:05:10,874993,28.25,,
H0407_D6_282C10p_att00_Rq0,H0407_D6_282C10p_att00_Rq0_00146,2021-10-17 19:05:15,879380,28.25,,
H0407_D6_282C10p_att00_Rq0,H0407_D6_282C10p_att00_Rq0_00147,2021-10-17 19:05:21,877319,28.25,,
H0407_D6_282C10p_att00_Rq0,H0407_D6_282C10p_att00_Rq0_00148,2021-10-17 19:05:26,875555,28.25,,
H0407_D6_282C10p_att00_Rq0,H0407_D6_282C10p_att00_Rq0_00149,2021-10-17 19:05:32,878656,28.25,,
H0407_D6_282C10p_att00_Rq0,H0407_D6_282C10p_att00_Rq0_00150,2021-10-17 19:05:37,879400,28.25,,
H0407_D6_282C10p_att00_Rq0,H0407_D6_282C10p_att00_Rq0_00151,2021-10-17 19:05:43,883269,28.25,,
H0407_D6_282C10p_att00_Rq0,H0407_D6_282C10p_att00_Rq0_00152,2021-10-17 19:05:49,880091,28.25,,
H0407_D6_282C10p_att00_Rq0,H0407_D6_282C10p_att00_Rq0_00153,2021-10-17 19:05:54,878470,28.25,,
H0407_D6_282C10p_att00_Rq0,H0407_D6_282C10p_att00_Rq0_00154,2021-10-17 19:06:00,879011,28.25,,
H0407_D6_282C10p_att00_Rq0,H0407_D6_282C10p_att00_Rq0_00155,2021-10-17 19:06:06,878831,28.25,,
H0407_D6_282C10p_att00_Rq0,H0407_D6_282C10p_att00_Rq0_00156,2021-10-17 19:06:11,878030,28.25,,
H0407_D6_282C10p_att00_Rq0,H0407_D6_282C10p_att00_Rq0_00157,2021-10-17 19:06:17,873460,28.25,,
H0407_D6_282C10p_att00_Rq0,H0407_D6_282C10p_att00_Rq0_00158,2021-10-17 19:06:22,882696,28.25,,
H0407_D6_282C10p_att00_Rq0,H0407_D6_282C10p_att00_Rq0_00159,2021-10-17 19:06:28,874407,28.25,,
H0407_D6_282C10p_att00_Rq0,H0407_D6_282C10p_att00_Rq0_00160,2021-10-17 19:06:34,874171,28.25,,
H0407_D6_282C10p_att00_Rq0,H0407_D6_282C10p_att00_Rq0_00161,2021-10-17 19:06:42,882473,28.25,,
H0407_D6_282C10p_att00_Rq0,H0407_D6_282C10p_att00_Rq0_00162,2021-10-17 19:06:48,882609,28.25,,
H0407_D6_282C10p_att00_Rq0,H0407_D6_282C10p_att00_Rq0_00163,2021-10-17 19:06:56,877367,28.25,,
H0407_D6_282C10p_att00_Rq0,H0407_D6_282C10p_att00_Rq0_00164,2021-10-17 19:07:02,883706,28.25,,
H0407_D6_282C10p_att00_Rq0,H0407_D6_282C10p_att00_Rq0_00165,2021-10-17 19:07:08,882979,28.25,,
H0407_D6_282C10p_att00_Rq0,H0407_D6_282C10p_att00_Rq0_00166,2021-10-17 19:07:13,887333,28.25,,
H0407_D6_282C10p_att00_Rq0,H0407_D6_282C10p_att00_Rq0_00167,2021-10-17 19:07:19,875459,28.25,,
H0407_D6_282C10p_att00_Rq0,H0407_D6_282C10p_att00_Rq0_00168,2021-10-17 19:07:24,879506,28.25,,
H0407_D6_282C10p_att00_Rq0,H0407_D6_282C10p_att00_Rq0_00169,2021-10-17 19:07:30,879329,28.25,,
H0407_D6_282C10p_att00_Rq0,H0407_D6_282C10p_att00_Rq0_00170,2021-10-17 19:07:36,878734,28.25,,
H0407_D6_282C10p_att00_Rq0,H0407_D6_282C10p_att00_Rq0_00171,2021-10-17 19:07:41,883197,28.25,,
H0407_D6_282C10p_att00_Rq0,H0407_D6_282C10p_att00_Rq0_00172,2021-10-17 19:07:47,882376,28.25,,
H0407_D6_282C10p_att00_Rq0,H0407_D6_282C10p_att00_Rq0_00173,2021-10-17 19:07:52,878310,28.25,,
H0407_D6_282C10p_att00_Rq0,H0407_D6_282C10p_att00_Rq0_00174,2021-10-17 19:07:58,879160,28.25,,
H0407_D6_282C10p_att00_Rq0,H0407_D6_282C10p_att00_Rq0_00175,2021-10-17 19:08:04,878055,28.25,,
H0407_D6_282C10p_att00_Rq0,H0407_D6_282C10p_att00_Rq0_00176,2021-10-17 19:08:13,873897,28.25,,
H0407_D6_282C10p_att00_Rq0,H0407_D6_282C10p_att00_Rq0_00177,2021-10-17 19:08:18,878478,28.25,,
H0407_D6_282C10p_att00_Rq0,H0407_D6_282C10p_att00_Rq0_00178,2021-10-17 19:08:24,874039,28.25,,
H0407_D6_282C10p_att00_Rq0,H0407_D6_282C10p_att00_Rq0_00179,2021-10-17 19:08:29,881705,28.25,,
H0407_D6_282C10p_att00_Rq0,H0407_D6_282C10p_att00_Rq0_00180,2021-10-17 19:08:35,874921,28.25,,
H0407_D6_282C10p_att00_Rq0,H0407_D6_282C10p_att00_Rq0_00181,2021-10-17 19:08:43,878470,28.25,,
H0407_D6_282C10p_att00_Rq0,H0407_D6_282C10p_att00_Rq0_00182,2021-10-17 19:08:48,880777,28.25,,
H0407_D6_282C10p_att00_Rq0,H0407_D6_282C10p_att00_Rq0_00183,2021-10-17 19:08:54,883843,28.25,,
H0407_D6_282C10p_att00_Rq0,H0407_D6_282C10p_att00_Rq0_00184,2021-10-17 19:09:00,882111,28.25,,
H0407_D6_282C10p_att00_Rq0,H0407_D6_282C10p_att00_Rq0_00185,2021-10-17 19:09:05,876895,28.25,,
H0407_D6_282C10p_att00_Rq0,H0407_D6_282C10p_att00_Rq0_00186,2021-10-17 19:09:11,879115,28.25,,
H0407_D6_282C10p_att00_Rq0,H0407_D6_282C10p_att00_Rq0_00187,2021-10-17 19:09:16,879606,28.25,,
H0407_D6_282C10p_att00_Rq0,H0407_D6_282C10p_att00_Rq0_00188,2021-10-17 19:09:22,879412,28.25,,
H0407_D6_282C10p_att00_Rq0,H0407_D6_282C10p_att00_Rq0_00189,2021-10-17 19:09:28,882610,28.25,,
H0407_D6_282C10p_att00_Rq0,H0407_D6_282C10p_att00_Rq0_00190,2021-10-17 19:09:33,879956,28.25,,
H0407_D6_282C10p_att00_Rq0,H0407_D6_282C10p_att00_Rq0_00191,2021-10-17 19:09:39,880285,28.25,,
H0407_D6_282C10p_att00_Rq0,H0407_D6_282C10p_att00_Rq0_00192,2021-10-17 19:09:44,876281,28.25,,
H0407_D6_282C10p_att00_Rq0,H0407_D6_282C10p_att00_Rq0_00193,2021-10-17 19:09:54,878802,28.25,,
H0407_D6_282C10p_att00_Rq0,H0407_D6_282C10p_att00_Rq0_00194,2021-10-17 19:09:59,883340,28.25,,
H0407_D6_282C10p_att00_Rq0,H0407_D6_282C10p_att00_Rq0_00195,2021-10-17 19:10:05,879001,28.25,,
H0407_D6_282C10p_att00_Rq0,H0407_D6_282C10p_att00_Rq0_00196,2021-10-17 19:10:11,877802,28.25,,
H0407_D6_282C10p_att00_Rq0,H0407_D6_282C10p_att00_Rq0_00197,2021-10-17 19:10:20,874549,28.25,,
H0407_D6_282C10p_att00_Rq0,H0407_D6_282C10p_att00_Rq0_00198,2021-10-17 19:10:26,874840,28.25,,
H0407_D6_282C10p_att00_Rq0,H0407_D6_282C10p_att00_Rq0_00199,2021-10-17 19:10:32,872388,28.25,,
H0407_D6_282C10p_att00_Rq0,H0407_D6_282C10p_att00_Rq0_00200,2021-10-17 19:10:37,884668,28.25,,
H0407_D6_282C10p_att00_Rq0,H0407_D6_282C10p_att00_Rq0_00201,2021-10-17 19:10:45,879448,28.25,,
H0407_D6_282C10p_att00_Rq0,H0407_D6_282C10p_att00_Rq0_00202,2021-10-17 19:10:51,888460,28.25,,
H0407_D6_282C10p_att00_Rq0,H0407_D6_282C10p_att00_Rq0_00203,2021-10-17 19:10:56,880038,28.25,,
H0407_D6_282C10p_att00_Rq0,H0407_D6_282C10p_att00_Rq0_00204,2021-10-17 19:11:02,888789,28.25,,
H0407_D6_282C10p_att00_Rq0,H0407_D6_282C10p_att00_Rq0_00205,2021-10-17 19:11:08,879911,28.25,,
H0407_D6_282C10p_att00_Rq0,H0407_D6_282C10p_att00_Rq0_00206,2021-10-17 19:11:14,876902,28.25,,
H0407_D6_282C10p_att00_Rq0,H0407_D6_282C10p_att00_Rq0_00207,2021-10-17 19:11:19,887872,28.25,,
H0407_D6_282C10p_att00_Rq0,H0407_D6_282C10p_att00_Rq0_00208,2021-10-17 19:11:25,878982,28.25,,
H0407_D6_282C10p_att00_Rq0,H0407_D6_282C10p_att00_Rq0_00209,2021-10-17 19:11:30,879904,28.25,,
H0407_D6_282C10p_att00_Rq0,H0407_D6_282C10p_att00_Rq0_00210,2021-10-17 19:11:39,878296,28.25,,
H0407_D6_282C10p_att00_Rq0,H0407_D6_282C10p_att00_Rq0_00211,2021-10-17 19:11:44,879327,28.25,,
H0407_D6_282C10p_att00_Rq0,H0407_D6_282C10p_att00_Rq0_00212,2021-10-17 19:11:50,878762,28.25,,
H0407_D6_282C10p_att00_Rq0,H0407_D6_282C10p_att00_Rq0_00213,2021-10-17 19:11:56,875259,28.25,,
H0407_D6_282C10p_att00_Rq0,H0407_D6_282C10p_att00_Rq0_00214,2021-10-17 19:12:03,875476,28.25,,
H0407_D6_282C10p_att00_Rq0,H0407_D6_282C10p_att00_Rq0_00215,2021-10-17 19:12:09,878779,28.25,,
H0407_D6_282C10p_att00_Rq0,H0407_D6_282C10p_att00_Rq0_00216,2021-10-17 19:12:14,880088,28.25,,
H0407_D6_282C10p_att00_Rq0,H0407_D6_282C10p_att00_Rq0_00217,2021-10-17 19:12:20,884042,28.25,,
H0407_D6_282C10p_att00_Rq0,H0407_D6_282C10p_att00_Rq0_00218,2021-10-17 19:12:25,871231,28.25,,
H0407_D6_282C10p_att00_Rq0,H0407_D6_282C10p_att00_Rq0_00219,2021-10-17 19:12:31,879670,28.25,,
H0407_D6_282C10p_att00_Rq0,H0407_D6_282C10p_att00_Rq0_00220,2021-10-17 19:12:37,877066,28.25,,
H0407_D6_282C10p_att00_Rq0,H0407_D6_282C10p_att00_Rq0_00221,2021-10-17 19:12:45,875062,28.25,,
H0407_D6_282C10p_att00_Rq0,H0407_D6_282C10p_att00_Rq0_00222,2021-10-17 19:12:50,881732,28.25,,
H0407_D6_282C10p_att00_Rq0,H0407_D6_282C10p_att00_Rq0_00223,2021-10-17 19:12:56,879479,28.25,,
H0407_D6_282C10p_att00_Rq0,H0407_D6_282C10p_att00_Rq0_00224,2021-10-17 19:13:01,956736,28.25,,
H0407_D6_282C10p_att00_Rq0,H0407_D6_282C10p_att00_Rq0_00225,2021-10-17 19:13:07,884364,28.25,,
H0407_D6_282C10p_att00_Rq0,H0407_D6_282C10p_att00_Rq0_00226,2021-10-17 19:13:13,880384,28.25,,
H0407_D6_282C10p_att00_Rq0,H0407_D6_282C10p_att00_Rq0_00227,2021-10-17 19:13:18,879347,28.25,,
H0407_D6_282C10p_att00_Rq0,H0407_D6_282C10p_att00_Rq0_00228,2021-10-17 19:13:24,879843,28.25,,
H0407_D6_282C10p_att00_Rq0,H0407_D6_282C10p_att00_Rq0_00229,2021-10-17 19:13:30,873716,28.25,,
H0407_D6_282C10p_att00_Rq0,H0407_D6_282C10p_att00_Rq0_00230,2021-10-17 19:13:35,878973,28.25,,
H0407_D6_282C10p_att00_Rq0,H0407_D6_282C10p_att00_Rq0_00231,2021-10-17 19:13:41,875879,28.25,,
H0407_D6_282C10p_att00_Rq0,H0407_D6_282C10p_att00_Rq0_00232,2021-10-17 19:13:46,882304,28.25,,
H0407_D6_282C10p_att00_Rq0,H0407_D6_282C10p_att00_Rq0_00233,2021-10-17 19:13:52,891066,28.25,,
H0407_D6_282C10p_att00_Rq0,H0407_D6_282C10p_att00_Rq0_00234,2021-10-17 19:13:58,878610,28.25,,
H0407_D6_282C10p_att00_Rq0,H0407_D6_282C10p_att00_Rq0_00235,2021-10-17 19:14:03,880689,28.25,,
H0407_D6_282C10p_att00_Rq0,H0407_D6_282C10p_att00_Rq0_00236,2021-10-17 19:14:09,886780,28.25,,
H0407_D6_282C10p_att00_Rq0,H0407_D6_282C10p_att00_Rq0_00237,2021-10-17 19:14:15,878787,28.25,,
H0407_D6_282C10p_att00_Rq0,H0407_D6_282C10p_att00_Rq0_00238,2021-10-17 19:14:20,873687,28.25,,
H0407_D6_282C10p_att00_Rq0,H0407_D6_282C10p_att00_Rq0_00239,2021-10-17 19:14:26,888470,28.25,,
H0407_D6_282C10p_att00_Rq0,H0407_D6_282C10p_att00_Rq0_00240,2021-10-17 19:14:32,873652,28.25,,
H0407_D6_282C10p_att00_Rq0,H0407_D6_282C10p_att00_Rq0_00241,2021-10-17 19:14:40,859940,28.25,,
H0407_D6_282C10p_att00_Rq0,H0407_D6_282C10p_att00_Rq0_00242,2021-10-17 19:14:45,875381,28.25,,
H0407_D6_282C10p_att00_Rq0,H0407_D6_282C10p_att00_Rq0_00243,2021-10-17 19:14:51,879913,28.25,,
H0407_D6_282C10p_att00_Rq0,H0407_D6_282C10p_att00_Rq0_00244,2021-10-17 19:14:59,880183,28.25,,
H0407_D6_282C10p_att00_Rq0,H0407_D6_282C10p_att00_Rq0_00245,2021-10-17 19:15:05,879956,28.25,,
H0407_D6_282C10p_att00_Rq0,H0407_D6_282C10p_att00_Rq0_00246,2021-10-17 19:15:10,891013,28.25,,
H0407_D6_282C10p_att00_Rq0,H0407_D6_282C10p_att00_Rq0_00247,2021-10-17 19:15:16,877232,28.25,,
H0407_D6_282C10p_att00_Rq0,H0407_D6_282C10p_att00_Rq0_00248,2021-10-17 19:15:22,880998,28.25,,
H0407_D6_282C10p_att00_Rq0,H0407_D6_282C10p_att00_Rq0_00249,2021-10-17 19:15:28,875930,28.25,,
H0407_D6_282C10p_att00_Rq0,H0407_D6_282C10p_att00_Rq0_00250,2021-10-17 19:15:33,881711,28.25,,
H0407_D6_282C10p_att00_Rq0,H0407_D6_282C10p_att00_Rq0_00251,2021-10-17 19:15:39,880052,28.25,,
H0407_D6_282C10p_att00_Rq0,H0407_D6_282C10p_att00_Rq0_00252,2021-10-17 19:15:45,879211,28.25,,
H0407_D6_282C10p_att00_Rq0,H0407_D6_282C10p_att00_Rq0_00253,2021-10-17 19:15:50,879988,28.25,,
H0407_D6_282C10p_att00_Rq0,H0407_D6_282C10p_att00_Rq0_00254,2021-10-17 19:15:56,883691,28.25,,
H0407_D6_282C10p_att00_Rq0,H0407_D6_282C10p_att00_Rq0_00255,2021-10-17 19:16:01,880151,28.25,,
H0407_D6_282C10p_att00_Rq0,H0407_D6_282C10p_att00_Rq0_00256,2021-10-17 19:16:07,878432,28.25,,
H0407_D6_282C10p_att00_Rq0,H0407_D6_282C10p_att00_Rq0_00257,2021-10-17 19:16:13,879001,28.25,,
H0407_D6_282C10p_att00_Rq0,H0407_D6_282C10p_att00_Rq0_00258,2021-10-17 19:16:18,883066,28.25,,
H0407_D6_282C10p_att00_Rq0,H0407_D6_282C10p_att00_Rq0_00259,2021-10-17 19:16:24,879277,28.25,,
H0407_D6_282C10p_att00_Rq0,H0407_D6_282C10p_att00_Rq0_00260,2021-10-17 19:16:30,879490,28.25,,
H0407_D6_282C10p_att00_Rq0,H0407_D6_282C10p_att00_Rq0_00261,2021-10-17 19:16:39,874701,28.25,,
H0407_D6_282C10p_att00_Rq0,H0407_D6_282C10p_att00_Rq0_00262,2021-10-17 19:16:44,876237,28.25,,
H0407_D6_282C10p_att00_Rq0,H0407_D6_282C10p_att00_Rq0_00263,2021-10-17 19:16:50,884647,28.25,,
H0407_D6_282C10p_att00_Rq0,H0407_D6_282C10p_att00_Rq0_00264,2021-10-17 19:16:56,881649,28.25,,
H0407_D6_282C10p_att00_Rq0,H0407_D6_282C10p_att00_Rq0_00265,2021-10-17 19:17:01,877583,28.25,,
H0407_D6_282C10p_att00_Rq0,H0407_D6_282C10p_att00_Rq0_00266,2021-10-17 19:17:11,891435,28.25,,
H0407_D6_282C10p_att00_Rq0,H0407_D6_282C10p_att00_Rq0_00267,2021-10-17 19:17:17,877035,28.25,,
H0407_D6_282C10p_att00_Rq0,H0407_D6_282C10p_att00_Rq0_00268,2021-10-17 19:17:22,880205,28.25,,
H0407_D6_282C10p_att00_Rq0,H0407_D6_282C10p_att00_Rq0_00269,2021-10-17 19:17:28,877674,28.25,,
H0407_D6_282C10p_att00_Rq0,H0407_D6_282C10p_att00_Rq0_00270,2021-10-17 19:17:34,880652,28.25,,
H0407_D6_282C10p_att00_Rq0,H0407_D6_282C10p_att00_Rq0_00271,2021-10-17 19:17:39,881578,28.25,,
H0407_D6_282C10p_att00_Rq0,H0407_D6_282C10p_att00_Rq0_00272,2021-10-17 19:17:45,886519,28.25,,
H0407_D6_282C10p_att00_Rq0,H0407_D6_282C10p_att00_Rq0_00273,2021-10-17 19:17:50,890143,28.25,,
H0407_D6_282C10p_att00_Rq0,H0407_D6_282C10p_att00_Rq0_00274,2021-10-17 19:17:56,896002,28.25,,
H0407_D6_282C10p_att00_Rq0,H0407_D6_282C10p_att00_Rq0_00275,2021-10-17 19:18:02,876177,28.25,,
H0407_D6_282C10p_att00_Rq0,H0407_D6_282C10p_att00_Rq0_00276,2021-10-17 19:18:07,880446,28.25,,
H0407_D6_282C10p_att00_Rq0,H0407_D6_282C10p_att00_Rq0_00277,2021-10-17 19:18:13,879125,28.25,,
H0407_D6_282C10p_att00_Rq0,H0407_D6_282C10p_att00_Rq0_00278,2021-10-17 19:18:18,883434,28.25,,
H0407_D6_282C10p_att00_Rq0,H0407_D6_282C10p_att00_Rq0_00279,2021-10-17 19:18:29,884406,28.25,,
H0407_D6_282C10p_att00_Rq0,H0407_D6_282C10p_att00_Rq0_00280,2021-10-17 19:18:35,875101,28.25,,
H0407_D6_282C10p_att00_Rq0,H0407_D6_282C10p_att00_Rq0_00281,2021-10-17 19:18:42,879097,28.25,,
H0407_D6_282C10p_att00_Rq0,H0407_D6_282C10p_att00_Rq0_00282,2021-10-17 19:18:48,881691,28.25,,
H0407_D6_282C10p_att00_Rq0,H0407_D6_282C10p_att00_Rq0_00283,2021-10-17 19:18:54,881110,28.25,,
H0407_D6_282C10p_att00_Rq0,H0407_D6_282C10p_att00_Rq0_00284,2021-10-17 19:18:59,881922,28.25,,
H0407_D6_282C10p_att00_Rq0,H0407_D6_282C10p_att00_Rq0_00285,2021-10-17 19:19:05,881312,28.25,,
H0407_D6_282C10p_att00_Rq0,H0407_D6_282C10p_att00_Rq0_00286,2021-10-17 19:19:11,880688,28.25,,
H0407_D6_282C10p_att00_Rq0,H0407_D6_282C10p_att00_Rq0_00287,2021-10-17 19:19:17,883944,28.25,,
H0407_D6_282C10p_att00_Rq0,H0407_D6_282C10p_att00_Rq0_00288,2021-10-17 19:19:22,883349,28.25,,
H0407_D6_282C10p_att00_Rq0,H0407_D6_282C10p_att00_Rq0_00289,2021-10-17 19:19:28,877044,28.25,,
H0407_D6_282C10p_att00_Rq0,H0407_D6_282C10p_att00_Rq0_00290,2021-10-17 19:19:34,876182,28.25,,
H0407_D6_282C10p_att00_Rq0,H0407_D6_282C10p_att00_Rq0_00291,2021-10-17 19:19:39,883858,28.25,,
H0407_D6_282C10p_att00_Rq0,H0407_D6_282C10p_att00_Rq0_00292,2021-10-17 19:19:45,879098,28.25,,
H0407_D6_282C10p_att00_Rq0,H0407_D6_282C10p_att00_Rq0_00293,2021-10-17 19:19:50,963690,28.25,,
H0407_D6_282C10p_att00_Rq0,H0407_D6_282C10p_att00_Rq0_00294,2021-10-17 19:19:56,875735,28.25,,
H0407_D6_282C10p_att00_Rq0,H0407_D6_282C10p_att00_Rq0_00295,2021-10-17 19:20:02,877183,28.25,,
H0407_D6_282C10p_att00_Rq0,H0407_D6_282C10p_att00_Rq0_00296,2021-10-17 19:20:08,882401,28.25,,
H0407_D6_282C10p_att00_Rq0,H0407_D6_282C10p_att00_Rq0_00297,2021-10-17 19:20:13,880931,28.25,,
H0407_D6_282C10p_att00_Rq0,H0407_D6_282C10p_att00_Rq0_00298,2021-10-17 19:20:19,883116,28.25,,
H0407_D6_282C10p_att00_Rq0,H0407_D6_282C10p_att00_Rq0_00299,2021-10-17 19:20:24,875975,28.25,,
H0407_D6_282C10p_att00_Rq0,H0407_D6_282C10p_att00_Rq0_00300,2021-10-17 19:20:31,877848,28.25,,
H0407_D6_282C10p_att00_Rq0,H0407_D6_282C10p_att00_Rq0_00301,2021-10-17 19:20:39,873984,28.25,,
H0407_D6_282C10p_att00_Rq0,H0407_D6_282C10p_att00_Rq0_00302,2021-10-17 19:20:45,873274,28.25,,
H0407_D6_282C10p_att00_Rq0,H0407_D6_282C10p_att00_Rq0_00303,2021-10-17 19:20:50,871120,28.25,,
H0407_D6_282C10p_att00_Rq0,H0407_D6_282C10p_att00_Rq0_00304,2021-10-17 19:20:56,875195,28.25,,
H0407_D6_282C10p_att00_Rq0,H0407_D6_282C10p_att00_Rq0_00305,2021-10-17 19:21:01,877682,28.25,,
H0407_D6_282C10p_att00_Rq0,H0407_D6_282C10p_att00_Rq0_00306,2021-10-17 19:21:07,874646,28.25,,
H0407_D6_282C10p_att00_Rq0,H0407_D6_282C10p_att00_Rq0_00307,2021-10-17 19:21:13,878912,28.25,,
H0407_D6_282C10p_att00_Rq0,H0407_D6_282C10p_att00_Rq0_00308,2021-10-17 19:21:18,878430,28.25,,
H0407_D6_282C10p_att00_Rq0,H0407_D6_282C10p_att00_Rq0_00309,2021-10-17 19:21:24,881212,28.25,,
H0407_D6_282C10p_att00_Rq0,H0407_D6_282C10p_att00_Rq0_00310,2021-10-17 19:21:30,885166,28.25,,
H0407_D6_282C10p_att00_Rq0,H0407_D6_282C10p_att00_Rq0_00311,2021-10-17 19:21:35,877606,28.25,,
H0407_D6_282C10p_att00_Rq0,H0407_D6_282C10p_att00_Rq0_00312,2021-10-17 19:21:41,873937,28.25,,
H0407_D6_282C10p_att00_Rq0,H0407_D6_282C10p_att00_Rq0_00313,2021-10-17 19:21:46,869582,28.25,,
H0407_D6_282C10p_att00_Rq0,H0407_D6_282C10p_att00_Rq0_00314,2021-10-17 19:21:52,877598,28.25,,
H0407_D6_282C10p_att00_Rq0,H0407_D6_282C10p_att00_Rq0_00315,2021-10-17 19:21:58,874708,28.25,,
H0407_D6_282C10p_att00_Rq0,H0407_D6_282C10p_att00_Rq0_00316,2021-10-17 19:22:04,877116,28.25,,
H0407_D6_282C10p_att00_Rq0,H0407_D6_282C10p_att00_Rq0_00317,2021-10-17 19:22:09,876693,28.25,,
H0407_D6_282C10p_att00_Rq0,H0407_D6_282C10p_att00_Rq0_00318,2021-10-17 19:22:16,872680,28.25,,
H0407_D6_282C10p_att00_Rq0,H0407_D6_282C10p_att00_Rq0_00319,2021-10-17 19:22:21,877104,28.25,,
H0407_D6_282C10p_att00_Rq0,H0407_D6_282C10p_att00_Rq0_00320,2021-10-17 19:22:27,880838,28.25,,
H0407_D6_282C10p_att00_Rq0,H0407_D6_282C10p_att00_Rq0_00321,2021-10-17 19:22:35,881114,28.25,,
H0407_D6_282C10p_att00_Rq0,H0407_D6_282C10p_att00_Rq0_00322,2021-10-17 19:22:41,880714,28.25,,
H0407_D6_282C10p_att00_Rq0,H0407_D6_282C10p_att00_Rq0_00323,2021-10-17 19:22:46,891507,28.25,,
H0407_D6_282C10p_att00_Rq0,H0407_D6_282C10p_att00_Rq0_00324,2021-10-17 19:22:52,878201,28.25,,
H0407_D6_282C10p_att00_Rq0,H0407_D6_282C10p_att00_Rq0_00325,2021-10-17 19:22:57,877714,28.25,,
H0407_D6_282C10p_att00_Rq0,H0407_D6_282C10p_att00_Rq0_00326,2021-10-17 19:23:03,873705,28.25,,
H0407_D6_282C10p_att00_Rq0,H0407_D6_282C10p_att00_Rq0_00327,2021-10-17 19:23:09,873733,28.25,,
H0407_D6_282C10p_att00_Rq0,H0407_D6_282C10p_att00_Rq0_00328,2021-10-17 19:23:14,876568,28.25,,
H0407_D6_282C10p_att00_Rq0,H0407_D6_282C10p_att00_Rq0_00329,2021-10-17 19:23:20,877851,28.25,,
H0407_D6_282C10p_att00_Rq0,H0407_D6_282C10p_att00_Rq0_00330,2021-10-17 19:23:26,885204,28.25,,
H0407_D6_282C10p_att00_Rq0,H0407_D6_282C10p_att00_Rq0_00331,2021-10-17 19:23:31,873913,28.25,,
H0407_D6_282C10p_att00_Rq0,H0407_D6_282C10p_att00_Rq0_00332,2021-10-17 19:23:37,880312,28.25,,
H0407_D6_282C10p_att00_Rq0,H0407_D6_282C10p_att00_Rq0_00333,2021-10-17 19:23:43,877076,28.25,,
H0407_D6_282C10p_att00_Rq0,H0407_D6_282C10p_att00_Rq0_00334,2021-10-17 19:23:49,876015,28.25,,
H0407_D6_282C10p_att00_Rq0,H0407_D6_282C10p_att00_Rq0_00335,2021-10-17 19:23:55,875969,28.25,,
H0407_D6_282C10p_att00_Rq0,H0407_D6_282C10p_att00_Rq0_00336,2021-10-17 19:24:01,882666,28.25,,
H0407_D6_282C10p_att00_Rq0,H0407_D6_282C10p_att00_Rq0_00337,2021-10-17 19:24:06,876733,28.25,,
H0407_D6_282C10p_att00_Rq0,H0407_D6_282C10p_att00_Rq0_00338,2021-10-17 19:24:12,875531,28.25,,
H0407_D6_282C10p_att00_Rq0,H0407_D6_282C10p_att00_Rq0_00339,2021-10-17 19:24:18,879505,28.25,,
H0407_D6_282C10p_att00_Rq0,H0407_D6_282C10p_att00_Rq0_00340,2021-10-17 19:24:23,879687,28.25,,
H0407_D6_282C10p_att00_Rq0,H0407_D6_282C10p_att00_Rq0_00341,2021-10-17 19:24:31,872612,28.25,,
H0407_D6_282C10p_att00_Rq0,H0407_D6_282C10p_att00_Rq0_00342,2021-10-17 19:24:37,876011,28.25,,
H0407_D6_282C10p_att00_Rq0,H0407_D6_282C10p_att00_Rq0_00343,2021-10-17 19:24:43,878698,28.25,,
H0407_D6_282C10p_att00_Rq0,H0407_D6_282C10p_att00_Rq0_00344,2021-10-17 19:24:48,874961,28.25,,
H0407_D6_282C10p_att00_Rq0,H0407_D6_282C10p_att00_Rq0_00345,2021-10-17 19:24:54,878100,28.25,,
H0407_D6_282C10p_att00_Rq0,H0407_D6_282C10p_att00_Rq0_00346,2021-10-17 19:24:59,880686,28.25,,
H0407_D6_282C10p_att00_Rq0,H0407_D6_282C10p_att00_Rq0_00347,2021-10-17 19:25:05,878170,28.25,,
H0407_D6_282C10p_att00_Rq0,H0407_D6_282C10p_att00_Rq0_00348,2021-10-17 19:25:12,879504,28.25,,
H0407_D6_282C10p_att00_Rq0,H0407_D6_282C10p_att00_Rq0_00349,2021-10-17 19:25:18,877277,28.25,,
H0407_D6_282C10p_att00_Rq0,H0407_D6_282C10p_att00_Rq0_00350,2021-10-17 19:25:24,873700,28.25,,
H0407_D6_282C10p_att00_Rq0,H0407_D6_282C10p_att00_Rq0_00351,2021-10-17 19:25:29,878643,28.25,,
H0407_D6_282C10p_att00_Rq0,H0407_D6_282C10p_att00_Rq0_00352,2021-10-17 19:25:35,874156,28.25,,
H0407_D6_282C10p_att00_Rq0,H0407_D6_282C10p_att00_Rq0_00353,2021-10-17 19:25:40,877133,28.25,,
H0407_D6_282C10p_att00_Rq0,H0407_D6_282C10p_att00_Rq0_00354,2021-10-17 19:25:46,878071,28.25,,
H0407_D6_282C10p_att00_Rq0,H0407_D6_282C10p_att00_Rq0_00355,2021-10-17 19:25:52,1243134,28.25,,
H0407_D6_282C10p_att00_Rq0,H0407_D6_282C10p_att00_Rq0_00356,2021-10-17 19:25:58,880501,28.25,,
H0407_D6_282C10p_att00_Rq0,H0407_D6_282C10p_att00_Rq0_00357,2021-10-17 19:26:04,885690,28.25,,
H0407_D6_282C10p_att00_Rq0,H0407_D6_282C10p_att00_Rq0_00358,2021-10-17 19:26:10,872457,28.25,,
H0407_D6_282C10p_att00_Rq0,H0407_D6_282C10p_att00_Rq0_00359,2021-10-17 19:26:15,874337,28.25,,
H0407_D6_282C10p_att00_Rq0,H0407_D6_282C10p_att00_Rq0_00360,2021-10-17 19:26:21,873889,28.25,,
H0407_D6_282C10p_att00_Rq0,H0407_D6_282C10p_att00_Rq0_00361,2021-10-17 19:26:29,877453,28.25,,
H0407_D6_282C10p_att00_Rq0,H0407_D6_282C10p_att00_Rq0_00362,2021-10-17 19:26:34,873579,28.25,,
H0407_D6_282C10p_att00_Rq0,H0407_D6_282C10p_att00_Rq0_00363,2021-10-17 19:26:40,876380,28.25,,
H0407_D6_282C10p_att00_Rq0,H0407_D6_282C10p_att00_Rq0_00364,2021-10-17 19:26:46,879721,28.25,,
H0407_D6_282C10p_att00_Rq0,H0407_D6_282C10p_att00_Rq0_00365,2021-10-17 19:26:52,879480,28.25,,
H0407_D6_282C10p_att00_Rq0,H0407_D6_282C10p_att00_Rq0_00366,2021-10-17 19:26:57,882879,28.25,,
H0407_D6_282C10p_att00_Rq0,H0407_D6_282C10p_att00_Rq0_00367,2021-10-17 19:27:03,888823,28.25,,
H0407_D6_282C10p_att00_Rq0,H0407_D6_282C10p_att00_Rq0_00368,2021-10-17 19:27:09,879961,28.25,,
H0407_D6_282C10p_att00_Rq0,H0407_D6_282C10p_att00_Rq0_00369,2021-10-17 19:27:14,879076,28.25,,
H0407_D6_282C10p_att00_Rq0,H0407_D6_282C10p_att00_Rq0_00370,2021-10-17 19:27:21,881488,28.25,,
H0407_D6_282C10p_att00_Rq0,H0407_D6_282C10p_att00_Rq0_00371,2021-10-17 19:27:27,876375,28.25,,
H0407_D6_282C10p_att00_Rq0,H0407_D6_282C10p_att00_Rq0_00372,2021-10-17 19:27:32,878566,28.25,,
H0407_D6_282C10p_att00_Rq0,H0407_D6_282C10p_att00_Rq0_00373,2021-10-17 19:27:38,877934,28.25,,
H0407_D6_282C10p_att00_Rq0,H0407_D6_282C10p_att00_Rq0_00374,2021-10-17 19:27:44,877531,28.25,,
H0407_D6_282C10p_att00_Rq0,H0407_D6_282C10p_att00_Rq0_00375,2021-10-17 19:27:49,873088,28.25,,
H0407_D6_282C10p_att00_Rq0,H0407_D6_282C10p_att00_Rq0_00376,2021-10-17 19:27:55,884970,28.25,,
H0407_D6_282C10p_att00_Rq0,H0407_D6_282C10p_att00_Rq0_00377,2021-10-17 19:28:01,959938,28.25,,
H0407_D6_282C10p_att00_Rq0,H0407_D6_282C10p_att00_Rq0_00378,2021-10-17 19:28:07,876745,28.25,,
H0407_D6_282C10p_att00_Rq0,H0407_D6_282C10p_att00_Rq0_00379,2021-10-17 19:28:12,872350,28.25,,
H0407_D6_282C10p_att00_Rq0,H0407_D6_282C10p_att00_Rq0_00380,2021-10-17 19:28:18,876519,28.25,,
H0407_D6_282C10p_att00_Rq0,H0407_D6_282C10p_att00_Rq0_00381,2021-10-17 19:28:28,877136,28.25,,
H0407_D6_282C10p_att00_Rq0,H0407_D6_282C10p_att00_Rq0_00382,2021-10-17 19:28:34,881005,28.25,,
H0407_D6_282C10p_att00_Rq0,H0407_D6_282C10p_att00_Rq0_00383,2021-10-17 19:28:41,876858,28.25,,
H0407_D6_282C10p_att00_Rq0,H0407_D6_282C10p_att00_Rq0_00384,2021-10-17 19:28:47,881570,28.25,,
H0407_D6_282C10p_att00_Rq0,H0407_D6_282C10p_att00_Rq0_00385,2021-10-17 19:28:53,883288,28.25,,
H0407_D6_282C10p_att00_Rq0,H0407_D6_282C10p_att00_Rq0_00386,2021-10-17 19:28:58,879067,28.25,,
H0407_D6_282C10p_att00_Rq0,H0407_D6_282C10p_att00_Rq0_00387,2021-10-17 19:29:04,879032,28.25,,
H0407_D6_282C10p_att00_Rq0,H0407_D6_282C10p_att00_Rq0_00388,2021-10-17 19:29:10,882397,28.25,,
H0407_D6_282C10p_att00_Rq0,H0407_D6_282C10p_att00_Rq0_00389,2021-10-17 19:29:15,875101,28.25,,
H0407_D6_282C10p_att00_Rq0,H0407_D6_282C10p_att00_Rq0_00390,2021-10-17 19:29:21,878524,28.25,,
H0407_D6_282C10p_att00_Rq0,H0407_D6_282C10p_att00_Rq0_00391,2021-10-17 19:29:27,881520,28.25,,
H0407_D6_282C10p_att00_Rq0,H0407_D6_282C10p_att00_Rq0_00392,2021-10-17 19:29:32,876784,28.25,,
H0407_D6_282C10p_att00_Rq0,H0407_D6_282C10p_att00_Rq0_00393,2021-10-17 19:29:38,878584,28.25,,
H0407_D6_282C10p_att00_Rq0,H0407_D6_282C10p_att00_Rq0_00394,2021-10-17 19:29:44,877251,28.25,,
H0407_D6_282C10p_att00_Rq0,H0407_D6_282C10p_att00_Rq0_00395,2021-10-17 19:29:49,874790,28.25,,
H0407_D6_282C10p_att00_Rq0,H0407_D6_282C10p_att00_Rq0_00396,2021-10-17 19:29:55,875080,28.25,,
H0407_D6_282C10p_att00_Rq0,H0407_D6_282C10p_att00_Rq0_00397,2021-10-17 19:30:01,877811,28.25,,
H0407_D6_282C10p_att00_Rq0,H0407_D6_282C10p_att00_Rq0_00398,2021-10-17 19:30:06,878001,28.25,,
H0407_D6_282C10p_att00_Rq0,H0407_D6_282C10p_att00_Rq0_00399,2021-10-17 19:30:12,886313,28.25,,
H0407_D6_282C10p_att00_Rq0,H0407_D6_282C10p_att00_Rq0_00400,2021-10-17 19:30:18,883259,28.25,,
H0407_D6_282C10p_att00_Rq0,H0407_D6_282C10p_att00_Rq0_00401,2021-10-17 19:30:26,869597,28.25,,
H0407_D6_282C10p_att00_Rq0,H0407_D6_282C10p_att00_Rq0_00402,2021-10-17 19:30:31,877290,28.25,,
H0407_D6_282C10p_att00_Rq0,H0407_D6_282C10p_att00_Rq0_00403,2021-10-17 19:30:37,875610,28.25,,
H0407_D6_282C10p_att00_Rq0,H0407_D6_282C10p_att00_Rq0_00404,2021-10-17 19:30:42,887220,28.25,,
H0407_D6_282C10p_att00_Rq0,H0407_D6_282C10p_att00_Rq0_00405,2021-10-17 19:30:48,889388,28.25,,
H0407_D6_282C10p_att00_Rq0,H0407_D6_282C10p_att00_Rq0_00406,2021-10-17 19:30:54,876321,28.25,,
H0407_D6_282C10p_att00_Rq0,H0407_D6_282C10p_att00_Rq0_00407,2021-10-17 19:31:00,878773,28.25,,
H0407_D6_282C10p_att00_Rq0,H0407_D6_282C10p_att00_Rq0_00408,2021-10-17 19:31:05,875051,28.25,,
H0407_D6_282C10p_att00_Rq0,H0407_D6_282C10p_att00_Rq0_00409,2021-10-17 19:31:11,875404,28.25,,
H0407_D6_282C10p_att00_Rq0,H0407_D6_282C10p_att00_Rq0_00410,2021-10-17 19:31:17,888282,28.25,,
H0407_D6_282C10p_att00_Rq0,H0407_D6_282C10p_att00_Rq0_00411,2021-10-17 19:31:23,879581,28.25,,
H0407_D6_282C10p_att00_Rq0,H0407_D6_282C10p_att00_Rq0_00412,2021-10-17 19:31:28,878379,28.25,,
H0407_D6_282C10p_att00_Rq0,H0407_D6_282C10p_att00_Rq0_00413,2021-10-17 19:31:34,875512,28.25,,
H0407_D6_282C10p_att00_Rq0,H0407_D6_282C10p_att00_Rq0_00414,2021-10-17 19:31:39,879288,28.25,,
H0407_D6_282C10p_att00_Rq0,H0407_D6_282C10p_att00_Rq0_00415,2021-10-17 19:31:45,886980,28.25,,
H0407_D6_282C10p_att00_Rq0,H0407_D6_282C10p_att00_Rq0_00416,2021-10-17 19:31:51,878827,28.25,,
H0407_D6_282C10p_att00_Rq0,H0407_D6_282C10p_att00_Rq0_00417,2021-10-17 19:31:56,878732,28.25,,
H0407_D6_282C10p_att00_Rq0,H0407_D6_282C10p_att00_Rq0_00418,2021-10-17 19:32:05,874036,28.25,,
H0407_D6_282C10p_att00_Rq0,H0407_D6_282C10p_att00_Rq0_00419,2021-10-17 19:32:10,877760,28.25,,
H0407_D6_282C10p_att00_Rq0,H0407_D6_282C10p_att00_Rq0_00420,2021-10-17 19:32:16,874218,28.25,,
H0407_D6_282C10p_att00_Rq0,H0407_D6_282C10p_att00_Rq0_00421,2021-10-17 19:32:24,869654,28.25,,
H0407_D6_282C10p_att00_Rq0,H0407_D6_282C10p_att00_Rq0_00422,2021-10-17 19:32:30,886163,28.25,,
H0407_D6_282C10p_att00_Rq0,H0407_D6_282C10p_att00_Rq0_00423,2021-10-17 19:32:35,877238,28.25,,
H0407_D6_282C10p_att00_Rq0,H0407_D6_282C10p_att00_Rq0_00424,2021-10-17 19:32:41,877854,28.25,,
H0407_D6_282C10p_att00_Rq0,H0407_D6_282C10p_att00_Rq0_00425,2021-10-17 19:32:46,880878,28.25,,
H0407_D6_282C10p_att00_Rq0,H0407_D6_282C10p_att00_Rq0_00426,2021-10-17 19:32:52,883637,28.25,,
H0407_D6_282C10p_att00_Rq0,H0407_D6_282C10p_att00_Rq0_00427,2021-10-17 19:32:58,879706,28.25,,
H0407_D6_282C10p_att00_Rq0,H0407_D6_282C10p_att00_Rq0_00428,2021-10-17 19:33:03,879055,28.25,,
H0407_D6_282C10p_att00_Rq0,H0407_D6_282C10p_att00_Rq0_00429,2021-10-17 19:33:09,879352,28.25,,
H0407_D6_282C10p_att00_Rq0,H0407_D6_282C10p_att00_Rq0_00430,2021-10-17 19:33:15,876949,28.25,,
H0407_D6_282C10p_att00_Rq0,H0407_D6_282C10p_att00_Rq0_00431,2021-10-17 19:33:20,875642,28.25,,
H0407_D6_282C10p_att00_Rq0,H0407_D6_282C10p_att00_Rq0_00432,2021-10-17 19:33:26,879246,28.25,,
H0407_D6_282C10p_att00_Rq0,H0407_D6_282C10p_att00_Rq0_00433,2021-10-17 19:33:31,886543,28.25,,
H0407_D6_282C10p_att00_Rq0,H0407_D6_282C10p_att00_Rq0_00434,2021-10-17 19:33:37,889864,28.25,,
H0407_D6_282C10p_att00_Rq0,H0407_D6_282C10p_att00_Rq0_00435,2021-10-17 19:33:43,878243,28.25,,
H0407_D6_282C10p_att00_Rq0,H0407_D6_282C10p_att00_Rq0_00436,2021-10-17 19:33:49,873821,28.25,,
H0407_D6_282C10p_att00_Rq0,H0407_D6_282C10p_att00_Rq0_00437,2021-10-17 19:33:54,875049,28.25,,
H0407_D6_282C10p_att00_Rq0,H0407_D6_282C10p_att00_Rq0_00438,2021-10-17 19:34:00,875872,28.25,,
H0407_D6_282C10p_att00_Rq0,H0407_D6_282C10p_att00_Rq0_00439,2021-10-17 19:34:06,879037,28.25,,
H0407_D6_282C10p_att00_Rq0,H0407_D6_282C10p_att00_Rq0_00440,2021-10-17 19:34:11,877945,28.25,,
H0407_D6_282C10p_att00_Rq0,H0407_D6_282C10p_att00_Rq0_00441,2021-10-17 19:34:19,882698,28.25,,
H0407_D6_282C10p_att00_Rq0,H0407_D6_282C10p_att00_Rq0_00442,2021-10-17 19:34:25,878342,28.25,,
H0407_D6_282C10p_att00_Rq0,H0407_D6_282C10p_att00_Rq0_00443,2021-10-17 19:34:31,879366,28.25,,
H0407_D6_282C10p_att00_Rq0,H0407_D6_282C10p_att00_Rq0_00444,2021-10-17 19:34:36,881840,28.25,,
H0407_D6_282C10p_att00_Rq0,H0407_D6_282C10p_att00_Rq0_00445,2021-10-17 19:34:42,878117,28.25,,
H0407_D6_282C10p_att00_Rq0,H0407_D6_282C10p_att00_Rq0_00446,2021-10-17 19:34:47,881832,28.25,,
H0407_D6_282C10p_att00_Rq0,H0407_D6_282C10p_att00_Rq0_00447,2021-10-17 19:34:53,876296,28.25,,
H0407_D6_282C10p_att00_Rq0,H0407_D6_282C10p_att00_Rq0_00448,2021-10-17 19:34:58,880962,28.25,,
H0407_D6_282C10p_att00_Rq0,H0407_D6_282C10p_att00_Rq0_00449,2021-10-17 19:35:04,879682,28.25,,
H0407_D6_282C10p_att00_Rq0,H0407_D6_282C10p_att00_Rq0_00450,2021-10-17 19:35:10,874213,28.25,,
H0407_D6_282C10p_att00_Rq0,H0407_D6_282C10p_att00_Rq0_00451,2021-10-17 19:35:15,881050,28.25,,
H0407_D6_282C10p_att00_Rq0,H0407_D6_282C10p_att00_Rq0_00452,2021-10-17 19:35:21,883922,28.25,,
H0407_D6_282C10p_att00_Rq0,H0407_D6_282C10p_att00_Rq0_00453,2021-10-17 19:35:27,879012,28.25,,
H0407_D6_282C10p_att00_Rq0,H0407_D6_282C10p_att00_Rq0_00454,2021-10-17 19:35:33,880229,28.25,,
H0407_D6_282C10p_att00_Rq0,H0407_D6_282C10p_att00_Rq0_00455,2021-10-17 19:35:38,879343,28.25,,
H0407_D6_282C10p_att00_Rq0,H0407_D6_282C10p_att00_Rq0_00456,2021-10-17 19:35:44,876065,28.25,,
H0407_D6_282C10p_att00_Rq0,H0407_D6_282C10p_att00_Rq0_00457,2021-10-17 19:35:49,879583,28.25,,
H0407_D6_282C10p_att00_Rq0,H0407_D6_282C10p_att00_Rq0_00458,2021-10-17 19:35:55,878386,28.25,,
H0407_D6_282C10p_att00_Rq0,H0407_D6_282C10p_att00_Rq0_00459,2021-10-17 19:36:00,879216,28.25,,
H0407_D6_282C10p_att00_Rq0,H0407_D6_282C10p_att00_Rq0_00460,2021-10-17 19:36:06,882596,28.25,,
H0407_D6_282C10p_att00_Rq0,H0407_D6_282C10p_att00_Rq0_00461,2021-10-17 19:36:14,886994,28.25,,
H0407_D6_282C10p_att00_Rq0,H0407_D6_282C10p_att00_Rq0_00462,2021-10-17 19:36:20,873852,28.25,,
H0407_D6_282C10p_att00_Rq0,H0407_D6_282C10p_att00_Rq0_00463,2021-10-17 19:36:25,885724,28.25,,
H0407_D6_282C10p_att00_Rq0,H0407_D6_282C10p_att00_Rq0_00464,2021-10-17 19:36:31,878921,28.25,,
H0407_D6_282C10p_att00_Rq0,H0407_D6_282C10p_att00_Rq0_00465,2021-10-17 19:36:37,875470,28.25,,
H0407_D6_282C10p_att00_Rq0,H0407_D6_282C10p_att00_Rq0_00466,2021-10-17 19:36:42,877568,28.25,,
H0407_D6_282C10p_att00_Rq0,H0407_D6_282C10p_att00_Rq0_00467,2021-10-17 19:36:48,880808,28.25,,
H0407_D6_282C10p_att00_Rq0,H0407_D6_282C10p_att00_Rq0_00468,2021-10-17 19:36:53,878002,28.25,,
H0407_D6_282C10p_att00_Rq0,H0407_D6_282C10p_att00_Rq0_00469,2021-10-17 19:37:04,880291,28.25,,
H0407_D6_282C10p_att00_Rq0,H0407_D6_282C10p_att00_Rq0_00470,2021-10-17 19:37:10,880515,28.25,,
H0407_D6_282C10p_att00_Rq0,H0407_D6_282C10p_att00_Rq0_00471,2021-10-17 19:37:15,880565,28.25,,
H0407_D6_282C10p_att00_Rq0,H0407_D6_282C10p_att00_Rq0_00472,2021-10-17 19:37:21,880138,28.25,,
H0407_D6_282C10p_att00_Rq0,H0407_D6_282C10p_att00_Rq0_00473,2021-10-17 19:37:27,879391,28.25,,
H0407_D6_282C10p_att00_Rq0,H0407_D6_282C10p_att00_Rq0_00474,2021-10-17 19:37:33,890355,28.25,,
H0407_D6_282C10p_att00_Rq0,H0407_D6_282C10p_att00_Rq0_00475,2021-10-17 19:37:39,883300,28.25,,
H0407_D6_282C10p_att00_Rq0,H0407_D6_282C10p_att00_Rq0_00476,2021-10-17 19:37:44,878470,28.25,,
H0407_D6_282C10p_att00_Rq0,H0407_D6_282C10p_att00_Rq0_00477,2021-10-17 19:37:50,879335,28.25,,
H0407_D6_282C10p_att00_Rq0,H0407_D6_282C10p_att00_Rq0_00478,2021-10-17 19:37:56,883609,28.25,,
H0407_D6_282C10p_att00_Rq0,H0407_D6_282C10p_att00_Rq0_00479,2021-10-17 19:38:01,880063,28.25,,
H0407_D6_282C10p_att00_Rq0,H0407_D6_282C10p_att00_Rq0_00480,2021-10-17 19:38:07,880511,28.25,,
H0407_D6_282C10p_att00_Rq0,H0407_D6_282C10p_att00_Rq0_00481,2021-10-17 19:38:15,878114,28.25,,
H0407_D6_282C10p_att00_Rq0,H0407_D6_282C10p_att00_Rq0_00482,2021-10-17 19:38:20,878631,28.25,,
H0407_D6_282C10p_att00_Rq0,H0407_D6_282C10p_att00_Rq0_00483,2021-10-17 19:38:26,879090,28.25,,
H0407_D6_282C10p_att00_Rq0,H0407_D6_282C10p_att00_Rq0_00484,2021-10-17 19:38:32,878679,28.25,,
H0407_D6_282C10p_att00_Rq0,H0407_D6_282C10p_att00_Rq0_00485,2021-10-17 19:38:37,878065,28.25,,
H0407_D6_282C10p_att00_Rq0,H0407_D6_282C10p_att00_Rq0_00486,2021-10-17 19:38:43,878646,28.25,,
H0407_D6_282C10p_att00_Rq0,H0407_D6_282C10p_att00_Rq0_00487,2021-10-17 19:38:49,878003,28.25,,
H0407_D6_282C10p_att00_Rq0,H0407_D6_282C10p_att00_Rq0_00488,2021-10-17 19:38:54,878094,28.25,,
H0407_D6_282C10p_att00_Rq0,H0407_D6_282C10p_att00_Rq0_00489,2021-10-17 19:39:00,882867,28.25,,
H0407_D6_282C10p_att00_Rq0,H0407_D6_282C10p_att00_Rq0_00490,2021-10-17 19:39:06,878220,28.25,,
H0407_D6_282C10p_att00_Rq0,H0407_D6_282C10p_att00_Rq0_00491,2021-10-17 19:39:11,873257,28.25,,
H0407_D6_282C10p_att00_Rq0,H0407_D6_282C10p_att00_Rq0_00492,2021-10-17 19:39:17,878449,28.25,,
H0407_D6_282C10p_att00_Rq0,H0407_D6_282C10p_att00_Rq0_00493,2021-10-17 19:39:23,876794,28.25,,
H0407_D6_282C10p_att00_Rq0,H0407_D6_282C10p_att00_Rq0_00494,2021-10-17 19:39:28,877695,28.25,,
H0407_D6_282C10p_att00_Rq0,H0407_D6_282C10p_att00_Rq0_00495,2021-10-17 19:39:34,873497,28.25,,
H0407_D6_282C10p_att00_Rq0,H0407_D6_282C10p_att00_Rq0_00496,2021-10-17 19:39:40,875698,28.25,,
H0407_D6_282C10p_att00_Rq0,H0407_D6_282C10p_att00_Rq0_00497,2021-10-17 19:39:45,879826,28.25,,
H0407_D6_282C10p_att00_Rq0,H0407_D6_282C10p_att00_Rq0_00498,2021-10-17 19:39:51,877191,28.25,,
H0407_D6_282C10p_att00_Rq0,H0407_D6_282C10p_att00_Rq0_00499,2021-10-17 19:39:56,879179,28.25,,
H0407_D6_282C10p_att00_Rq0,H0407_D6_282C10p_att00_Rq0_00500,2021-10-17 19:40:02,880101,28.25,,
H0407_D6_282C10p_att00_Rq0,H0407_D6_282C10p_att00_Rq0_00501,2021-10-17 19:40:10,875781,28.25,,
H0407_D6_282C10p_att00_Rq0,H0407_D6_282C10p_att00_Rq0_00502,2021-10-17 19:40:15,875993,28.25,,
H0407_D6_282C10p_att00_Rq0,H0407_D6_282C10p_att00_Rq0_00503,2021-10-17 19:40:23,875307,28.25,,
H0407_D6_282C10p_att00_Rq0,H0407_D6_282C10p_att00_Rq0_00504,2021-10-17 19:40:28,875243,28.25,,
H0407_D6_282C10p_att00_Rq0,H0407_D6_282C10p_att00_Rq0_00505,2021-10-17 19:40:34,872255,28.25,,
H0407_D6_282C10p_att00_Rq0,H0407_D6_282C10p_att00_Rq0_00506,2021-10-17 19:40:39,875989,28.25,,
H0407_D6_282C10p_att00_Rq0,H0407_D6_282C10p_att00_Rq0_00507,2021-10-17 19:40:45,872283,28.25,,
H0407_D6_282C10p_att00_Rq0,H0407_D6_282C10p_att00_Rq0_00508,2021-10-17 19:40:51,878802,28.25,,
H0407_D6_282C10p_att00_Rq0,H0407_D6_282C10p_att00_Rq0_00509,2021-10-17 19:40:56,878332,28.25,,
H0407_D6_282C10p_att00_Rq0,H0407_D6_282C10p_att00_Rq0_00510,2021-10-17 19:41:02,879018,28.25,,
H0407_D6_282C10p_att00_Rq0,H0407_D6_282C10p_att00_Rq0_00511,2021-10-17 19:41:08,878586,28.25,,
H0407_D6_282C10p_att00_Rq0,H0407_D6_282C10p_att00_Rq0_00512,2021-10-17 19:41:13,877925,28.25,,
H0407_D6_282C10p_att00_Rq0,H0407_D6_282C10p_att00_Rq0_00513,2021-10-17 19:41:19,874630,28.25,,
H0407_D6_282C10p_att00_Rq0,H0407_D6_282C10p_att00_Rq0_00514,2021-10-17 19:41:24,881969,28.25,,
H0407_D6_282C10p_att00_Rq0,H0407_D6_282C10p_att00_Rq0_00515,2021-10-17 19:41:30,874186,28.25,,
H0407_D6_282C10p_att00_Rq0,H0407_D6_282C10p_att00_Rq0_00516,2021-10-17 19:41:35,877449,28.25,,
H0407_D6_282C10p_att00_Rq0,H0407_D6_282C10p_att00_Rq0_00517,2021-10-17 19:41:41,882772,28.25,,
H0407_D6_282C10p_att00_Rq0,H0407_D6_282C10p_att00_Rq0_00518,2021-10-17 19:41:46,876875,28.25,,
H0407_D6_282C10p_att00_Rq0,H0407_D6_282C10p_att00_Rq0_00519,2021-10-17 19:41:52,874274,28.25,,
H0407_D6_282C10p_att00_Rq0,H0407_D6_282C10p_att00_Rq0_00520,2021-10-17 19:41:58,879771,28.25,,
H0407_D6_282C10p_att00_Rq0,H0407_D6_282C10p_att00_Rq0_00521,2021-10-17 19:42:06,876779,28.25,,
H0407_D6_282C10p_att00_Rq0,H0407_D6_282C10p_att00_Rq0_00522,2021-10-17 19:42:11,874158,28.25,,
H0407_D6_282C10p_att00_Rq0,H0407_D6_282C10p_att00_Rq0_00523,2021-10-17 19:42:17,880293,28.25,,
H0407_D6_282C10p_att00_Rq0,H0407_D6_282C10p_att00_Rq0_00524,2021-10-17 19:42:23,883127,28.25,,
H0407_D6_282C10p_att00_Rq0,H0407_D6_282C10p_att00_Rq0_00525,2021-10-17 19:42:28,876841,28.25,,
H0407_D6_282C10p_att00_Rq0,H0407_D6_282C10p_att00_Rq0_00526,2021-10-17 19:42:34,875482,28.25,,
H0407_D6_282C10p_att00_Rq0,H0407_D6_282C10p_att00_Rq0_00527,2021-10-17 19:42:40,872414,28.25,,
H0407_D6_282C10p_att00_Rq0,H0407_D6_282C10p_att00_Rq0_00528,2021-10-17 19:42:45,869908,28.25,,
H0407_D6_282C10p_att00_Rq0,H0407_D6_282C10p_att00_Rq0_00529,2021-10-17 19:42:51,878169,28.25,,
H0407_D6_282C10p_att00_Rq0,H0407_D6_282C10p_att00_Rq0_00530,2021-10-17 19:42:56,878543,28.25,,
H0407_D6_282C10p_att00_Rq0,H0407_D6_282C10p_att00_Rq0_00531,2021-10-17 19:43:02,881950,28.25,,
H0407_D6_282C10p_att00_Rq0,H0407_D6_282C10p_att00_Rq0_00532,2021-10-17 19:43:08,873456,28.25,,
H0407_D6_282C10p_att00_Rq0,H0407_D6_282C10p_att00_Rq0_00533,2021-10-17 19:43:13,879017,28.25,,
H0407_D6_282C10p_att00_Rq0,H0407_D6_282C10p_att00_Rq0_00534,2021-10-17 19:43:19,873814,28.25,,
H0407_D6_282C10p_att00_Rq0,H0407_D6_282C10p_att00_Rq0_00535,2021-10-17 19:43:24,884740,28.25,,
H0407_D6_282C10p_att00_Rq0,H0407_D6_282C10p_att00_Rq0_00536,2021-10-17 19:43:30,1197367,28.25,,
H0407_D6_282C10p_att00_Rq0,H0407_D6_282C10p_att00_Rq0_00537,2021-10-17 19:43:36,874109,28.25,,
H0407_D6_282C10p_att00_Rq0,H0407_D6_282C10p_att00_Rq0_00538,2021-10-17 19:43:42,877415,28.25,,
H0407_D6_282C10p_att00_Rq0,H0407_D6_282C10p_att00_Rq0_00539,2021-10-17 19:43:48,870443,28.25,,
H0407_D6_282C10p_att00_Rq0,H0407_D6_282C10p_att00_Rq0_00540,2021-10-17 19:43:53,884169,28.25,,
H0407_D6_282C10p_att00_Rq0,H0407_D6_282C10p_att00_Rq0_00541,2021-10-17 19:44:01,872675,28.25,,
H0407_D6_282C10p_att00_Rq0,H0407_D6_282C10p_att00_Rq0_00542,2021-10-17 19:44:06,877769,28.25,,
H0407_D6_282C10p_att00_Rq0,H0407_D6_282C10p_att00_Rq0_00543,2021-10-17 19:44:13,877261,28.25,,
H0407_D6_282C10p_att00_Rq0,H0407_D6_282C10p_att00_Rq0_00544,2021-10-17 19:44:18,876840,28.25,,
H0407_D6_282C10p_att00_Rq0,H0407_D6_282C10p_att00_Rq0_00545,2021-10-17 19:44:24,879948,28.25,,
H0407_D6_282C10p_att00_Rq0,H0407_D6_282C10p_att00_Rq0_00546,2021-10-17 19:44:29,877451,28.25,,
H0407_D6_282C10p_att00_Rq0,H0407_D6_282C10p_att00_Rq0_00547,2021-10-17 19:44:35,876346,28.25,,
H0407_D6_282C10p_att00_Rq0,H0407_D6_282C10p_att00_Rq0_00548,2021-10-17 19:44:41,877393,28.25,,
H0407_D6_282C10p_att00_Rq0,H0407_D6_282C10p_att00_Rq0_00549,2021-10-17 19:44:46,883104,28.25,,
H0407_D6_282C10p_att00_Rq0,H0407_D6_282C10p_att00_Rq0_00550,2021-10-17 19:44:52,879297,28.25,,
H0407_D6_282C10p_att00_Rq0,H0407_D6_282C10p_att00_Rq0_00551,2021-10-17 19:44:57,879640,28.25,,
H0407_D6_282C10p_att00_Rq0,H0407_D6_282C10p_att00_Rq0_00552,2021-10-17 19:45:03,882664,28.25,,
H0407_D6_282C10p_att00_Rq0,H0407_D6_282C10p_att00_Rq0_00553,2021-10-17 19:45:09,877416,28.25,,
H0407_D6_282C10p_att00_Rq0,H0407_D6_282C10p_att00_Rq0_00554,2021-10-17 19:45:14,879725,28.25,,
H0407_D6_282C10p_att00_Rq0,H0407_D6_282C10p_att00_Rq0_00555,2021-10-17 19:45:20,884074,28.25,,
H0407_D6_282C10p_att00_Rq0,H0407_D6_282C10p_att00_Rq0_00556,2021-10-17 19:45:26,878851,28.25,,
H0407_D6_282C10p_att00_Rq0,H0407_D6_282C10p_att00_Rq0_00557,2021-10-17 19:45:32,876868,28.25,,
H0407_D6_282C10p_att00_Rq0,H0407_D6_282C10p_att00_Rq0_00558,2021-10-17 19:45:37,878824,28.25,,
H0407_D6_282C10p_att00_Rq0,H0407_D6_282C10p_att00_Rq0_00559,2021-10-17 19:45:43,878029,28.25,,
H0407_D6_282C10p_att00_Rq0,H0407_D6_282C10p_att00_Rq0_00560,2021-10-17 19:45:48,887026,28.25,,
H0407_D6_282C10p_att00_Rq0,H0407_D6_282C10p_att00_Rq0_00561,2021-10-17 19:45:56,881867,28.25,,
H0407_D6_282C10p_att00_Rq0,H0407_D6_282C10p_att00_Rq0_00562,2021-10-17 19:46:02,876939,28.25,,
H0407_D6_282C10p_att00_Rq0,H0407_D6_282C10p_att00_Rq0_00563,2021-10-17 19:46:08,874842,28.25,,
H0407_D6_282C10p_att00_Rq0,H0407_D6_282C10p_att00_Rq0_00564,2021-10-17 19:46:13,880459,28.25,,
H0407_D6_282C10p_att00_Rq0,H0407_D6_282C10p_att00_Rq0_00565,2021-10-17 19:46:19,875299,28.25,,
H0407_D6_282C10p_att00_Rq0,H0407_D6_282C10p_att00_Rq0_00566,2021-10-17 19:46:24,876834,28.25,,
H0407_D6_282C10p_att00_Rq0,H0407_D6_282C10p_att00_Rq0_00567,2021-10-17 19:46:30,875799,28.25,,
H0407_D6_282C10p_att00_Rq0,H0407_D6_282C10p_att00_Rq0_00568,2021-10-17 19:46:36,872144,28.25,,
H0407_D6_282C10p_att00_Rq0,H0407_D6_282C10p_att00_Rq0_00569,2021-10-17 19:46:42,870332,28.25,,
H0407_D6_282C10p_att00_Rq0,H0407_D6_282C10p_att00_Rq0_00570,2021-10-17 19:46:47,875982,28.25,,
H0407_D6_282C10p_att00_Rq0,H0407_D6_282C10p_att00_Rq0_00571,2021-10-17 19:46:53,881897,28.25,,
H0407_D6_282C10p_att00_Rq0,H0407_D6_282C10p_att00_Rq0_00572,2021-10-17 19:46:58,879077,28.25,,
H0407_D6_282C10p_att00_Rq0,H0407_D6_282C10p_att00_Rq0_00573,2021-10-17 19:47:08,875209,28.25,,
H0407_D6_282C10p_att00_Rq0,H0407_D6_282C10p_att00_Rq0_00574,2021-10-17 19:47:14,874780,28.25,,
H0407_D6_282C10p_att00_Rq0,H0407_D6_282C10p_att00_Rq0_00575,2021-10-17 19:47:20,872141,28.25,,
H0407_D6_282C10p_att00_Rq0,H0407_D6_282C10p_att00_Rq0_00576,2021-10-17 19:47:25,878063,28.25,,
H0407_D6_282C10p_att00_Rq0,H0407_D6_282C10p_att00_Rq0_00577,2021-10-17 19:47:33,887416,28.25,,
H0407_D6_282C10p_att00_Rq0,H0407_D6_282C10p_att00_Rq0_00578,2021-10-17 19:47:39,877645,28.25,,
H0407_D6_282C10p_att00_Rq0,H0407_D6_282C10p_att00_Rq0_00579,2021-10-17 19:47:45,870976,28.25,,
H0407_D6_282C10p_att00_Rq0,H0407_D6_282C10p_att00_Rq0_00580,2021-10-17 19:47:50,871835,28.25,,
H0407_D6_282C10p_att00_Rq0,H0407_D6_282C10p_att00_Rq0_00581,2021-10-17 19:47:58,876429,28.25,,
H0407_D6_282C10p_att00_Rq0,H0407_D6_282C10p_att00_Rq0_00582,2021-10-17 19:48:04,883448,28.25,,
H0407_D6_282C10p_att00_Rq0,H0407_D6_282C10p_att00_Rq0_00583,2021-10-17 19:48:09,881060,28.25,,
H0407_D6_282C10p_att00_Rq0,H0407_D6_282C10p_att00_Rq0_00584,2021-10-17 19:48:15,873600,28.25,,
H0407_D6_282C10p_att00_Rq0,H0407_D6_282C10p_att00_Rq0_00585,2021-10-17 19:48:21,871805,28.25,,
H0407_D6_282C10p_att00_Rq0,H0407_D6_282C10p_att00_Rq0_00586,2021-10-17 19:48:26,879318,28.25,,
H0407_D6_282C10p_att00_Rq0,H0407_D6_282C10p_att00_Rq0_00587,2021-10-17 19:48:32,885605,28.25,,
H0407_D6_282C10p_att00_Rq0,H0407_D6_282C10p_att00_Rq0_00588,2021-10-17 19:48:37,876993,28.25,,
H0407_D6_282C10p_att00_Rq0,H0407_D6_282C10p_att00_Rq0_00589,2021-10-17 19:48:43,875328,28.25,,
H0407_D6_282C10p_att00_Rq0,H0407_D6_282C10p_att00_Rq0_00590,2021-10-17 19:48:49,878068,28.25,,
H0407_D6_282C10p_att00_Rq0,H0407_D6_282C10p_att00_Rq0_00591,2021-10-17 19:48:54,879121,28.25,,
H0407_D6_282C10p_att00_Rq0,H0407_D6_282C10p_att00_Rq0_00592,2021-10-17 19:49:00,879147,28.25,,
H0407_D6_282C10p_att00_Rq0,H0407_D6_282C10p_att00_Rq0_00593,2021-10-17 19:49:06,877636,28.25,,
H0407_D6_282C10p_att00_Rq0,H0407_D6_282C10p_att00_Rq0_00594,2021-10-17 19:49:11,878189,28.25,,
H0407_D6_282C10p_att00_Rq0,H0407_D6_282C10p_att00_Rq0_00595,2021-10-17 19:49:17,883544,28.25,,
H0407_D6_282C10p_att00_Rq0,H0407_D6_282C10p_att00_Rq0_00596,2021-10-17 19:49:22,878843,28.25,,
H0407_D6_282C10p_att00_Rq0,H0407_D6_282C10p_att00_Rq0_00597,2021-10-17 19:49:28,878618,28.25,,
H0407_D6_282C10p_att00_Rq0,H0407_D6_282C10p_att00_Rq0_00598,2021-10-17 19:49:34,874903,28.25,,
H0407_D6_282C10p_att00_Rq0,H0407_D6_282C10p_att00_Rq0_00599,2021-10-17 19:49:39,877799,28.25,,
H0407_D6_282C10p_att00_Rq0,H0407_D6_282C10p_att00_Rq0_00600,2021-10-17 19:49:45,877893,28.25,,
H0407_D6_282C10p_att00_Rq0,H0407_D6_282C10p_att00_Rq0_00601,2021-10-17 19:49:53,880619,28.25,,
H0407_D6_282C10p_att00_Rq0,H0407_D6_282C10p_att00_Rq0_00602,2021-10-17 19:49:58,877867,28.25,,
H0407_D6_282C10p_att00_Rq0,H0407_D6_282C10p_att00_Rq0_00603,2021-10-17 19:50:04,873131,28.25,,
H0407_D6_282C10p_att00_Rq0,H0407_D6_282C10p_att00_Rq0_00604,2021-10-17 19:50:10,872500,28.25,,
H0407_D6_282C10p_att00_Rq0,H0407_D6_282C10p_att00_Rq0_00605,2021-10-17 19:50:15,876123,28.25,,
H0407_D6_282C10p_att00_Rq0,H0407_D6_282C10p_att00_Rq0_00606,2021-10-17 19:50:21,873393,28.25,,
H0407_D6_282C10p_att00_Rq0,H0407_D6_282C10p_att00_Rq0_00607,2021-10-17 19:50:30,877163,28.25,,
H0407_D6_282C10p_att00_Rq0,H0407_D6_282C10p_att00_Rq0_00608,2021-10-17 19:50:35,877423,28.25,,
H0407_D6_282C10p_att00_Rq0,H0407_D6_282C10p_att00_Rq0_00609,2021-10-17 19:50:41,872194,28.25,,
H0407_D6_282C10p_att00_Rq0,H0407_D6_282C10p_att00_Rq0_00610,2021-10-17 19:50:46,879596,28.25,,
H0407_D6_282C10p_att00_Rq0,H0407_D6_282C10p_att00_Rq0_00611,2021-10-17 19:50:55,881488,28.25,,
H0407_D6_282C10p_att00_Rq0,H0407_D6_282C10p_att00_Rq0_00612,2021-10-17 19:51:01,879337,28.25,,
H0407_D6_282C10p_att00_Rq0,H0407_D6_282C10p_att00_Rq0_00613,2021-10-17 19:51:07,883657,28.25,,
H0407_D6_282C10p_att00_Rq0,H0407_D6_282C10p_att00_Rq0_00614,2021-10-17 19:51:12,877441,28.25,,
H0407_D6_282C10p_att00_Rq0,H0407_D6_282C10p_att00_Rq0_00615,2021-10-17 19:51:18,879400,28.25,,
H0407_D6_282C10p_att00_Rq0,H0407_D6_282C10p_att00_Rq0_00616,2021-10-17 19:51:24,881286,28.25,,
H0407_D6_282C10p_att00_Rq0,H0407_D6_282C10p_att00_Rq0_00617,2021-10-17 19:51:29,878315,28.25,,
H0407_D6_282C10p_att00_Rq0,H0407_D6_282C10p_att00_Rq0_00618,2021-10-17 19:51:35,874520,28.25,,
H0407_D6_282C10p_att00_Rq0,H0407_D6_282C10p_att00_Rq0_00619,2021-10-17 19:51:41,878423,28.25,,
H0407_D6_282C10p_att00_Rq0,H0407_D6_282C10p_att00_Rq0_00620,2021-10-17 19:51:46,900447,28.25,,
H0407_D6_282C10p_att00_Rq0,H0407_D6_282C10p_att00_Rq0_00621,2021-10-17 19:51:54,878781,28.25,,
H0407_D6_282C10p_att00_Rq0,H0407_D6_282C10p_att00_Rq0_00622,2021-10-17 19:52:00,877973,28.25,,
H0407_D6_282C10p_att00_Rq0,H0407_D6_282C10p_att00_Rq0_00623,2021-10-17 19:52:06,879641,28.25,,
H0407_D6_282C10p_att00_Rq0,H0407_D6_282C10p_att00_Rq0_00624,2021-10-17 19:52:11,887533,28.25,,
H0407_D6_282C10p_att00_Rq0,H0407_D6_282C10p_att00_Rq0_00625,2021-10-17 19:52:17,888718,28.25,,
H0407_D6_282C10p_att00_Rq0,H0407_D6_282C10p_att00_Rq0_00626,2021-10-17 19:52:23,877481,28.25,,
H0407_D6_282C10p_att00_Rq0,H0407_D6_282C10p_att00_Rq0_00627,2021-10-17 19:52:28,881627,28.25,,
H0407_D6_282C10p_att00_Rq0,H0407_D6_282C10p_att00_Rq0_00628,2021-10-17 19:52:34,885637,28.25,,
H0407_D6_282C10p_att00_Rq0,H0407_D6_282C10p_att00_Rq0_00629,2021-10-17 19:52:40,876783,28.25,,
H0407_D6_282C10p_att00_Rq0,H0407_D6_282C10p_att00_Rq0_00630,2021-10-17 19:52:45,880015,28.25,,
H0407_D6_282C10p_att00_Rq0,H0407_D6_282C10p_att00_Rq0_00631,2021-10-17 19:52:51,879535,28.25,,
H0407_D6_282C10p_att00_Rq0,H0407_D6_282C10p_att00_Rq0_00632,2021-10-17 19:52:56,1081362,28.25,,
H0407_D6_282C10p_att00_Rq0,H0407_D6_282C10p_att00_Rq0_00633,2021-10-17 19:53:03,879146,28.25,,
H0407_D6_282C10p_att00_Rq0,H0407_D6_282C10p_att00_Rq0_00634,2021-10-17 19:53:08,882774,28.25,,
H0407_D6_282C10p_att00_Rq0,H0407_D6_282C10p_att00_Rq0_00635,2021-10-17 19:53:14,874896,28.25,,
H0407_D6_282C10p_att00_Rq0,H0407_D6_282C10p_att00_Rq0_00636,2021-10-17 19:53:19,874638,28.25,,
H0407_D6_282C10p_att00_Rq0,H0407_D6_282C10p_att00_Rq0_00637,2021-10-17 19:53:25,882329,28.25,,
H0407_D6_282C10p_att00_Rq0,H0407_D6_282C10p_att00_Rq0_00638,2021-10-17 19:53:31,878018,28.25,,
H0407_D6_282C10p_att00_Rq0,H0407_D6_282C10p_att00_Rq0_00639,2021-10-17 19:53:36,882547,28.25,,
H0407_D6_282C10p_att00_Rq0,H0407_D6_282C10p_att00_Rq0_00640,2021-10-17 19:53:42,875422,28.25,,
H0407_D6_282C10p_att00_Rq0,H0407_D6_282C10p_att00_Rq0_00641,2021-10-17 19:53:53,876004,28.25,,
H0407_D6_282C10p_att00_Rq0,H0407_D6_282C10p_att00_Rq0_00642,2021-10-17 19:53:59,1201145,28.25,,
H0407_D6_282C10p_att00_Rq0,H0407_D6_282C10p_att00_Rq0_00643,2021-10-17 19:54:06,877548,28.25,,
H0407_D6_282C10p_att00_Rq0,H0407_D6_282C10p_att00_Rq0_00644,2021-10-17 19:54:11,878369,28.25,,
H0407_D6_282C10p_att00_Rq0,H0407_D6_282C10p_att00_Rq0_00645,2021-10-17 19:54:17,869950,28.25,,
H0407_D6_282C10p_att00_Rq0,H0407_D6_282C10p_att00_Rq0_00646,2021-10-17 19:54:23,873787,28.25,,
H0407_D6_282C10p_att00_Rq0,H0407_D6_282C10p_att00_Rq0_00647,2021-10-17 19:54:28,876151,28.25,,
H0407_D6_282C10p_att00_Rq0,H0407_D6_282C10p_att00_Rq0_00648,2021-10-17 19:54:34,873866,28.25,,
H0407_D6_282C10p_att00_Rq0,H0407_D6_282C10p_att00_Rq0_00649,2021-10-17 19:54:39,873344,28.25,,
H0407_D6_282C10p_att00_Rq0,H0407_D6_282C10p_att00_Rq0_00650,2021-10-17 19:54:45,874596,28.25,,
H0407_D6_282C10p_att00_Rq0,H0407_D6_282C10p_att00_Rq0_00651,2021-10-17 19:54:51,876265,28.25,,
H0407_D6_282C10p_att00_Rq0,H0407_D6_282C10p_att00_Rq0_00652,2021-10-17 19:54:57,878835,28.25,,
H0407_D6_282C10p_att00_Rq0,H0407_D6_282C10p_att00_Rq0_00653,2021-10-17 19:55:02,878300,28.25,,
H0407_D6_282C10p_att00_Rq0,H0407_D6_282C10p_att00_Rq0_00654,2021-10-17 19:55:08,879621,28.25,,
H0407_D6_282C10p_att00_Rq0,H0407_D6_282C10p_att00_Rq0_00655,2021-10-17 19:55:13,875349,28.25,,
H0407_D6_282C10p_att00_Rq0,H0407_D6_282C10p_att00_Rq0_00656,2021-10-17 19:55:19,882345,28.25,,
H0407_D6_282C10p_att00_Rq0,H0407_D6_282C10p_att00_Rq0_00657,2021-10-17 19:55:25,882369,28.25,,
H0407_D6_282C10p_att00_Rq0,H0407_D6_282C10p_att00_Rq0_00658,2021-10-17 19:55:33,878494,28.25,,
H0407_D6_282C10p_att00_Rq0,H0407_D6_282C10p_att00_Rq0_00659,2021-10-17 19:55:38,874427,28.25,,
H0407_D6_282C10p_att00_Rq0,H0407_D6_282C10p_att00_Rq0_00660,2021-10-17 19:55:44,875193,28.25,,
H0407_D6_282C10p_att00_Rq0,H0407_D6_282C10p_att00_Rq0_00661,2021-10-17 19:55:51,874785,28.25,,
H0407_D6_282C10p_att00_Rq0,H0407_D6_282C10p_att00_Rq0_00662,2021-10-17 19:55:59,876985,28.25,,
H0407_D6_282C10p_att00_Rq0,H0407_D6_282C10p_att00_Rq0_00663,2021-10-17 19:56:05,878034,28.25,,
H0407_D6_282C10p_att00_Rq0,H0407_D6_282C10p_att00_Rq0_00664,2021-10-17 19:56:11,878275,28.25,,
H0407_D6_282C10p_att00_Rq0,H0407_D6_282C10p_att00_Rq0_00665,2021-10-17 19:56:16,877476,28.25,,
H0407_D6_282C10p_att00_Rq0,H0407_D6_282C10p_att00_Rq0_00666,2021-10-17 19:56:22,880964,28.25,,
H0407_D6_282C10p_att00_Rq0,H0407_D6_282C10p_att00_Rq0_00667,2021-10-17 19:56:27,870313,28.25,,
H0407_D6_282C10p_att00_Rq0,H0407_D6_282C10p_att00_Rq0_00668,2021-10-17 19:56:33,875803,28.25,,
H0407_D6_282C10p_att00_Rq0,H0407_D6_282C10p_att00_Rq0_00669,2021-10-17 19:56:39,878461,28.25,,
H0407_D6_282C10p_att00_Rq0,H0407_D6_282C10p_att00_Rq0_00670,2021-10-17 19:56:44,873633,28.25,,
H0407_D6_282C10p_att00_Rq0,H0407_D6_282C10p_att00_Rq0_00671,2021-10-17 19:56:50,878191,28.25,,
H0407_D6_282C10p_att00_Rq0,H0407_D6_282C10p_att00_Rq0_00672,2021-10-17 19:56:55,879443,28.25,,
H0407_D6_282C10p_att00_Rq0,H0407_D6_282C10p_att00_Rq0_00673,2021-10-17 19:57:01,879287,28.25,,
H0407_D6_282C10p_att00_Rq0,H0407_D6_282C10p_att00_Rq0_00674,2021-10-17 19:57:07,878841,28.25,,
H0407_D6_282C10p_att00_Rq0,H0407_D6_282C10p_att00_Rq0_00675,2021-10-17 19:57:15,878700,28.25,,
H0407_D6_282C10p_att00_Rq0,H0407_D6_282C10p_att00_Rq0_00676,2021-10-17 19:57:20,878269,28.25,,
H0407_D6_282C10p_att00_Rq0,H0407_D6_282C10p_att00_Rq0_00677,2021-10-17 19:57:26,877199,28.25,,
H0407_D6_282C10p_att00_Rq0,H0407_D6_282C10p_att00_Rq0_00678,2021-10-17 19:57:32,877916,28.25,,
H0407_D6_282C10p_att00_Rq0,H0407_D6_282C10p_att00_Rq0_00679,2021-10-17 19:57:41,880894,28.25,,
H0407_D6_282C10p_att00_Rq0,H0407_D6_282C10p_att00_Rq0_00680,2021-10-17 19:57:46,876265,28.25,,
H0407_D6_282C10p_att00_Rq0,H0407_D6_282C10p_att00_Rq0_00681,2021-10-17 19:57:54,880046,28.25,,
H0407_D6_282C10p_att00_Rq0,H0407_D6_282C10p_att00_Rq0_00682,2021-10-17 19:58:00,881262,28.25,,
H0407_D6_282C10p_att00_Rq0,H0407_D6_282C10p_att00_Rq0_00683,2021-10-17 19:58:06,876631,28.25,,
H0407_D6_282C10p_att00_Rq0,H0407_D6_282C10p_att00_Rq0_00684,2021-10-17 19:58:11,876217,28.25,,
H0407_D6_282C10p_att00_Rq0,H0407_D6_282C10p_att00_Rq0_00685,2021-10-17 19:58:17,876716,28.25,,
H0407_D6_282C10p_att00_Rq0,H0407_D6_282C10p_att00_Rq0_00686,2021-10-17 19:58:22,876230,28.25,,
H0407_D6_282C10p_att00_Rq0,H0407_D6_282C10p_att00_Rq0_00687,2021-10-17 19:58:28,878873,28.25,,
H0407_D6_282C10p_att00_Rq0,H0407_D6_282C10p_att00_Rq0_00688,2021-10-17 19:58:34,875875,28.25,,
H0407_D6_282C10p_att00_Rq0,H0407_D6_282C10p_att00_Rq0_00689,2021-10-17 19:58:39,872710,28.25,,
H0407_D6_282C10p_att00_Rq0,H0407_D6_282C10p_att00_Rq0_00690,2021-10-17 19:58:45,883870,28.25,,
H0407_D6_282C10p_att00_Rq0,H0407_D6_282C10p_att00_Rq0_00691,2021-10-17 19:58:54,875151,28.25,,
H0407_D6_282C10p_att00_Rq0,H0407_D6_282C10p_att00_Rq0_00692,2021-10-17 19:58:59,878832,28.25,,
H0407_D6_282C10p_att00_Rq0,H0407_D6_282C10p_att00_Rq0_00693,2021-10-17 19:59:05,885316,28.25,,
H0407_D6_282C10p_att00_Rq0,H0407_D6_282C10p_att00_Rq0_00694,2021-10-17 19:59:11,876000,28.25,,
H0407_D6_282C10p_att00_Rq0,H0407_D6_282C10p_att00_Rq0_00695,2021-10-17 19:59:21,878252,28.25,,
H0407_D6_282C10p_att00_Rq0,H0407_D6_282C10p_att00_Rq0_00696,2021-10-17 19:59:26,878878,28.25,,
H0407_D6_282C10p_att00_Rq0,H0407_D6_282C10p_att00_Rq0_00697,2021-10-17 19:59:32,884913,28.25,,
H0407_D6_282C10p_att00_Rq0,H0407_D6_282C10p_att00_Rq0_00698,2021-10-17 19:59:38,875910,28.25,,
H0407_D6_282C10p_att00_Rq0,H0407_D6_282C10p_att00_Rq0_00699,2021-10-17 19:59:43,877719,28.25,,
H0407_D6_282C10p_att00_Rq0,H0407_D6_282C10p_att00_Rq0_00700,2021-10-17 19:59:49,871766,28.25,,
H0407_D6_282C10p_att00_Rq0,H0407_D6_282C10p_att00_Rq0_00701,2021-10-17 19:59:57,878787,28.25,,
H0407_D6_282C10p_att00_Rq0,H0407_D6_282C10p_att00_Rq0_00702,2021-10-17 20:00:02,874019,28.25,,
H0407_D6_282C10p_att00_Rq0,H0407_D6_282C10p_att00_Rq0_00703,2021-10-17 20:00:08,874733,28.25,,
H0407_D6_282C10p_att00_Rq0,H0407_D6_282C10p_att00_Rq0_00704,2021-10-17 20:00:13,870397,28.25,,
H0407_D6_282C10p_att00_Rq0,H0407_D6_282C10p_att00_Rq0_00705,2021-10-17 20:00:19,876927,28.25,,
H0407_D6_282C10p_att00_Rq0,H0407_D6_282C10p_att00_Rq0_00706,2021-10-17 20:00:25,878620,28.25,,
H0407_D6_282C10p_att00_Rq0,H0407_D6_282C10p_att00_Rq0_00707,2021-10-17 20:00:30,878827,28.25,,
H0407_D6_282C10p_att00_Rq0,H0407_D6_282C10p_att00_Rq0_00708,2021-10-17 20:00:36,872845,28.25,,
H0407_D6_282C10p_att00_Rq0,H0407_D6_282C10p_att00_Rq0_00709,2021-10-17 20:00:42,865829,28.25,,
H0407_D6_282C10p_att00_Rq0,H0407_D6_282C10p_att00_Rq0_00710,2021-10-17 20:00:47,873743,28.25,,
H0407_D6_282C10p_att00_Rq0,H0407_D6_282C10p_att00_Rq0_00711,2021-10-17 20:00:52,876557,28.25,,
H0407_D6_282C10p_att00_Rq0,H0407_D6_282C10p_att00_Rq0_00712,2021-10-17 20:00:58,875261,28.25,,
H0407_D6_282C10p_att00_Rq0,H0407_D6_282C10p_att00_Rq0_00713,2021-10-17 20:01:04,875606,28.25,,
H0407_D6_282C10p_att00_Rq0,H0407_D6_282C10p_att00_Rq0_00714,2021-10-17 20:01:09,877467,28.25,,
H0407_D6_282C10p_att00_Rq0,H0407_D6_282C10p_att00_Rq0_00715,2021-10-17 20:01:15,880210,28.25,,
H0407_D6_282C10p_att00_Rq0,H0407_D6_282C10p_att00_Rq0_00716,2021-10-17 20:01:20,871657,28.25,,
H0407_D6_282C10p_att00_Rq0,H0407_D6_282C10p_att00_Rq0_00717,2021-10-17 20:01:26,875767,28.25,,
H0407_D6_282C10p_att00_Rq0,H0407_D6_282C10p_att00_Rq0_00718,2021-10-17 20:01:32,875610,28.25,,
H0407_D6_282C10p_att00_Rq0,H0407_D6_282C10p_att00_Rq0_00719,2021-10-17 20:01:37,875733,28.25,,
H0407_D6_282C10p_att00_Rq0,H0407_D6_282C10p_att00_Rq0_00720,2021-10-17 20:01:43,871450,28.25,,
H0407_D6_282C10p_att00_Rq0,H0407_D6_282C10p_att00_Rq0_00721,2021-10-17 20:01:51,875264,28.25,,
H0407_D6_282C10p_att00_Rq0,H0407_D6_282C10p_att00_Rq0_00722,2021-10-17 20:01:56,878956,28.25,,
H0407_D6_282C10p_att00_Rq0,H0407_D6_282C10p_att00_Rq0_00723,2021-10-17 20:02:02,875049,28.25,,
H0407_D6_282C10p_att00_Rq0,H0407_D6_282C10p_att00_Rq0_00724,2021-10-17 20:02:08,879475,28.25,,
H0407_D6_282C10p_att00_Rq0,H0407_D6_282C10p_att00_Rq0_00725,2021-10-17 20:02:17,879302,28.25,,
H0407_D6_282C10p_att00_Rq0,H0407_D6_282C10p_att00_Rq0_00726,2021-10-17 20:02:22,870229,28.25,,
H0407_D6_282C10p_att00_Rq0,H0407_D6_282C10p_att00_Rq0_00727,2021-10-17 20:02:28,870092,28.25,,
H0407_D6_282C10p_att00_Rq0,H0407_D6_282C10p_att00_Rq0_00728,2021-10-17 20:02:34,877939,28.25,,
H0407_D6_282C10p_att00_Rq0,H0407_D6_282C10p_att00_Rq0_00729,2021-10-17 20:02:39,873726,28.25,,
H0407_D6_282C10p_att00_Rq0,H0407_D6_282C10p_att00_Rq0_00730,2021-10-17 20:02:45,867349,28.25,,
H0407_D6_282C10p_att00_Rq0,H0407_D6_282C10p_att00_Rq0_00731,2021-10-17 20:02:51,876910,28.25,,
H0407_D6_282C10p_att00_Rq0,H0407_D6_282C10p_att00_Rq0_00732,2021-10-17 20:02:56,876429,28.25,,
H0407_D6_282C10p_att00_Rq0,H0407_D6_282C10p_att00_Rq0_00733,2021-10-17 20:03:02,876157,28.25,,
H0407_D6_282C10p_att00_Rq0,H0407_D6_282C10p_att00_Rq0_00734,2021-10-17 20:03:08,875677,28.25,,
H0407_D6_282C10p_att00_Rq0,H0407_D6_282C10p_att00_Rq0_00735,2021-10-17 20:03:13,877331,28.25,,
H0407_D6_282C10p_att00_Rq0,H0407_D6_282C10p_att00_Rq0_00736,2021-10-17 20:03:19,876356,28.25,,
H0407_D6_282C10p_att00_Rq0,H0407_D6_282C10p_att00_Rq0_00737,2021-10-17 20:03:25,875581,28.25,,
H0407_D6_282C10p_att00_Rq0,H0407_D6_282C10p_att00_Rq0_00738,2021-10-17 20:03:30,875616,28.25,,
H0407_D6_282C10p_att00_Rq0,H0407_D6_282C10p_att00_Rq0_00739,2021-10-17 20:03:36,878480,28.25,,
H0407_D6_282C10p_att00_Rq0,H0407_D6_282C10p_att00_Rq0_00740,2021-10-17 20:03:42,878430,28.25,,
H0407_D6_282C10p_att00_Rq0,H0407_D6_282C10p_att00_Rq0_00741,2021-10-17 20:03:49,873939,28.25,,
H0407_D6_282C10p_att00_Rq0,H0407_D6_282C10p_att00_Rq0_00742,2021-10-17 20:03:55,871565,28.25,,
H0407_D6_282C10p_att00_Rq0,H0407_D6_282C10p_att00_Rq0_00743,2021-10-17 20:04:01,874593,28.25,,
H0407_D6_282C10p_att00_Rq0,H0407_D6_282C10p_att00_Rq0_00744,2021-10-17 20:04:07,885704,28.25,,
H0407_D6_282C10p_att00_Rq0,H0407_D6_282C10p_att00_Rq0_00745,2021-10-17 20:04:12,871511,28.25,,
H0407_D6_282C10p_att00_Rq0,H0407_D6_282C10p_att00_Rq0_00746,2021-10-17 20:04:18,871653,28.25,,
H0407_D6_282C10p_att00_Rq0,H0407_D6_282C10p_att00_Rq0_00747,2021-10-17 20:04:26,870142,28.25,,
H0407_D6_282C10p_att00_Rq0,H0407_D6_282C10p_att00_Rq0_00748,2021-10-17 20:04:31,878699,28.25,,
H0407_D6_282C10p_att00_Rq0,H0407_D6_282C10p_att00_Rq0_00749,2021-10-17 20:04:37,875013,28.25,,
H0407_D6_282C10p_att00_Rq0,H0407_D6_282C10p_att00_Rq0_00750,2021-10-17 20:04:42,874946,28.25,,
H0407_D6_282C10p_att00_Rq0,H0407_D6_282C10p_att00_Rq0_00751,2021-10-17 20:04:48,873398,28.25,,
H0407_D6_282C10p_att00_Rq0,H0407_D6_282C10p_att00_Rq0_00752,2021-10-17 20:04:54,873581,28.25,,
H0407_D6_282C10p_att00_Rq0,H0407_D6_282C10p_att00_Rq0_00753,2021-10-17 20:05:00,878189,28.25,,
H0407_D6_282C10p_att00_Rq0,H0407_D6_282C10p_att00_Rq0_00754,2021-10-17 20:05:05,878109,28.25,,
H0407_D6_282C10p_att00_Rq0,H0407_D6_282C10p_att00_Rq0_00755,2021-10-17 20:05:11,875162,28.25,,
H0407_D6_282C10p_att00_Rq0,H0407_D6_282C10p_att00_Rq0_00756,2021-10-17 20:05:16,880157,28.25,,
H0407_D6_282C10p_att00_Rq0,H0407_D6_282C10p_att00_Rq0_00757,2021-10-17 20:05:22,876239,28.25,,
H0407_D6_282C10p_att00_Rq0,H0407_D6_282C10p_att00_Rq0_00758,2021-10-17 20:05:28,876357,28.25,,
H0407_D6_282C10p_att00_Rq0,H0407_D6_282C10p_att00_Rq0_00759,2021-10-17 20:05:33,887262,28.25,,
H0407_D6_282C10p_att00_Rq0,H0407_D6_282C10p_att00_Rq0_00760,2021-10-17 20:05:39,872772,28.25,,
H0407_D6_282C10p_att00_Rq0,H0407_D6_282C10p_att00_Rq0_00761,2021-10-17 20:05:47,877963,28.25,,
H0407_D6_282C10p_att00_Rq0,H0407_D6_282C10p_att00_Rq0_00762,2021-10-17 20:05:53,880353,28.25,,
H0407_D6_282C10p_att00_Rq0,H0407_D6_282C10p_att00_Rq0_00763,2021-10-17 20:05:58,876297,28.25,,
H0407_D6_282C10p_att00_Rq0,H0407_D6_282C10p_att00_Rq0_00764,2021-10-17 20:06:04,875312,28.25,,
H0407_D6_282C10p_att00_Rq0,H0407_D6_282C10p_att00_Rq0_00765,2021-10-17 20:06:10,872021,28.25,,
H0407_D6_282C10p_att00_Rq0,H0407_D6_282C10p_att00_Rq0_00766,2021-10-17 20:06:15,875824,28.25,,
H0407_D6_282C10p_att00_Rq0,H0407_D6_282C10p_att00_Rq0_00767,2021-10-17 20:06:21,874788,28.25,,
H0407_D6_282C10p_att00_Rq0,H0407_D6_282C10p_att00_Rq0_00768,2021-10-17 20:06:26,878218,28.25,,
H0407_D6_282C10p_att00_Rq0,H0407_D6_282C10p_att00_Rq0_00769,2021-10-17 20:06:32,875031,28.25,,
H0407_D6_282C10p_att00_Rq0,H0407_D6_282C10p_att00_Rq0_00770,2021-10-17 20:06:38,871372,28.25,,
H0407_D6_282C10p_att00_Rq0,H0407_D6_282C10p_att00_Rq0_00771,2021-10-17 20:06:43,871189,28.25,,
H0407_D6_282C10p_att00_Rq0,H0407_D6_282C10p_att00_Rq0_00772,2021-10-17 20:06:49,877848,28.25,,
H0407_D6_282C10p_att00_Rq0,H0407_D6_282C10p_att00_Rq0_00773,2021-10-17 20:06:55,877957,28.25,,
H0407_D6_282C10p_att00_Rq0,H0407_D6_282C10p_att00_Rq0_00774,2021-10-17 20:07:00,877807,28.25,,
H0407_D6_282C10p_att00_Rq0,H0407_D6_282C10p_att00_Rq0_00775,2021-10-17 20:07:06,881983,28.25,,
H0407_D6_282C10p_att00_Rq0,H0407_D6_282C10p_att00_Rq0_00776,2021-10-17 20:07:12,876643,28.25,,
H0407_D6_282C10p_att00_Rq0,H0407_D6_282C10p_att00_Rq0_00777,2021-10-17 20:07:17,876857,28.25,,
H0407_D6_282C10p_att00_Rq0,H0407_D6_282C10p_att00_Rq0_00778,2021-10-17 20:07:26,876437,28.25,,
H0407_D6_282C10p_att00_Rq0,H0407_D6_282C10p_att00_Rq0_00779,2021-10-17 20:07:32,872970,28.25,,
H0407_D6_282C10p_att00_Rq0,H0407_D6_282C10p_att00_Rq0_00780,2021-10-17 20:07:38,873161,28.25,,
H0407_D6_282C10p_att00_Rq0,H0407_D6_282C10p_att00_Rq0_00781,2021-10-17 20:07:48,887825,28.25,,
H0407_D6_282C10p_att00_Rq0,H0407_D6_282C10p_att00_Rq0_00782,2021-10-17 20:07:53,877048,28.25,,
H0407_D6_282C10p_att00_Rq0,H0407_D6_282C10p_att00_Rq0_00783,2021-10-17 20:07:59,876299,28.25,,
H0407_D6_282C10p_att00_Rq0,H0407_D6_282C10p_att00_Rq0_00784,2021-10-17 20:08:05,879409,28.25,,
H0407_D6_282C10p_att00_Rq0,H0407_D6_282C10p_att00_Rq0_00785,2021-10-17 20:08:11,876382,28.25,,
H0407_D6_282C10p_att00_Rq0,H0407_D6_282C10p_att00_Rq0_00786,2021-10-17 20:08:16,875213,28.25,,
H0407_D6_282C10p_att00_Rq0,H0407_D6_282C10p_att00_Rq0_00787,2021-10-17 20:08:22,872193,28.25,,
H0407_D6_282C10p_att00_Rq0,H0407_D6_282C10p_att00_Rq0_00788,2021-10-17 20:08:27,875140,28.25,,
H0407_D6_282C10p_att00_Rq0,H0407_D6_282C10p_att00_Rq0_00789,2021-10-17 20:08:33,877044,28.25,,
H0407_D6_282C10p_att00_Rq0,H0407_D6_282C10p_att00_Rq0_00790,2021-10-17 20:08:39,875620,28.25,,
H0407_D6_282C10p_att00_Rq0,H0407_D6_282C10p_att00_Rq0_00791,2021-10-17 20:08:45,871893,28.25,,
H0407_D6_282C10p_att00_Rq0,H0407_D6_282C10p_att00_Rq0_00792,2021-10-17 20:08:50,878259,28.25,,
H0407_D6_282C10p_att00_Rq0,H0407_D6_282C10p_att00_Rq0_00793,2021-10-17 20:08:56,879335,28.25,,
H0407_D6_282C10p_att00_Rq0,H0407_D6_282C10p_att00_Rq0_00794,2021-10-17 20:09:05,882357,28.25,,
H0407_D6_282C10p_att00_Rq0,H0407_D6_282C10p_att00_Rq0_00795,2021-10-17 20:09:11,880833,28.25,,
H0407_D6_282C10p_att00_Rq0,H0407_D6_282C10p_att00_Rq0_00796,2021-10-17 20:09:16,884675,28.25,,
H0407_D6_282C10p_att00_Rq0,H0407_D6_282C10p_att00_Rq0_00797,2021-10-17 20:09:22,872055,28.25,,
H0407_D6_282C10p_att00_Rq0,H0407_D6_282C10p_att00_Rq0_00798,2021-10-17 20:09:29,876665,28.25,,
H0407_D6_282C10p_att00_Rq0,H0407_D6_282C10p_att00_Rq0_00799,2021-10-17 20:09:34,876348,28.25,,
H0407_D6_282C10p_att00_Rq0,H0407_D6_282C10p_att00_Rq0_00800,2021-10-17 20:09:40,870187,28.25,,
H0407_D6_282C10p_att00_Rq0,H0407_D6_282C10p_att00_Rq0_00801,2021-10-17 20:09:48,881770,28.25,,
H0407_D6_282C10p_att00_Rq0,H0407_D6_282C10p_att00_Rq0_00802,2021-10-17 20:09:54,875611,28.25,,
H0407_D6_282C10p_att00_Rq0,H0407_D6_282C10p_att00_Rq0_00803,2021-10-17 20:09:59,876683,28.25,,
H0407_D6_282C10p_att00_Rq0,H0407_D6_282C10p_att00_Rq0_00804,2021-10-17 20:10:05,885845,28.25,,
H0407_D6_282C10p_att00_Rq0,H0407_D6_282C10p_att00_Rq0_00805,2021-10-17 20:10:11,876360,28.25,,
H0407_D6_282C10p_att00_Rq0,H0407_D6_282C10p_att00_Rq0_00806,2021-10-17 20:10:17,887389,28.25,,
H0407_D6_282C10p_att00_Rq0,H0407_D6_282C10p_att00_Rq0_00807,2021-10-17 20:10:22,885717,28.25,,
H0407_D6_282C10p_att00_Rq0,H0407_D6_282C10p_att00_Rq0_00808,2021-10-17 20:10:28,875351,28.25,,
H0407_D6_282C10p_att00_Rq0,H0407_D6_282C10p_att00_Rq0_00809,2021-10-17 20:10:34,871846,28.25,,
H0407_D6_282C10p_att00_Rq0,H0407_D6_282C10p_att00_Rq0_00810,2021-10-17 20:10:39,874851,28.25,,
H0407_D6_282C10p_att00_Rq0,H0407_D6_282C10p_att00_Rq0_00811,2021-10-17 20:10:46,870927,28.25,,
H0407_D6_282C10p_att00_Rq0,H0407_D6_282C10p_att00_Rq0_00812,2021-10-17 20:10:51,872046,28.25,,
H0407_D6_282C10p_att00_Rq0,H0407_D6_282C10p_att00_Rq0_00813,2021-10-17 20:10:57,885719,28.25,,
H0407_D6_282C10p_att00_Rq0,H0407_D6_282C10p_att00_Rq0_00814,2021-10-17 20:11:03,877506,28.25,,
H0407_D6_282C10p_att00_Rq0,H0407_D6_282C10p_att00_Rq0_00815,2021-10-17 20:11:09,883766,28.25,,
H0407_D6_282C10p_att00_Rq0,H0407_D6_282C10p_att00_Rq0_00816,2021-10-17 20:11:14,876863,28.25,,
H0407_D6_282C10p_att00_Rq0,H0407_D6_282C10p_att00_Rq0_00817,2021-10-17 20:11:20,886741,28.25,,
H0407_D6_282C10p_att00_Rq0,H0407_D6_282C10p_att00_Rq0_00818,2021-10-17 20:11:26,877111,28.25,,
H0407_D6_282C10p_att00_Rq0,H0407_D6_282C10p_att00_Rq0_00819,2021-10-17 20:11:32,882192,28.25,,
H0407_D6_282C10p_att00_Rq0,H0407_D6_282C10p_att00_Rq0_00820,2021-10-17 20:11:37,873329,28.25,,
H0407_D6_282C10p_att00_Rq0,H0407_D6_282C10p_att00_Rq0_00821,2021-10-17 20:11:45,879853,28.25,,
H0407_D6_282C10p_att00_Rq0,H0407_D6_282C10p_att00_Rq0_00822,2021-10-17 20:11:51,877351,28.25,,
H0407_D6_282C10p_att00_Rq0,H0407_D6_282C10p_att00_Rq0_00823,2021-10-17 20:11:56,876511,28.25,,
H0407_D6_282C10p_att00_Rq0,H0407_D6_282C10p_att00_Rq0_00824,2021-10-17 20:12:02,872983,28.25,,
H0407_D6_282C10p_att00_Rq0,H0407_D6_282C10p_att00_Rq0_00825,2021-10-17 20:12:08,873623,28.25,,
H0407_D6_282C10p_att00_Rq0,H0407_D6_282C10p_att00_Rq0_00826,2021-10-17 20:12:13,878073,28.25,,
H0407_D6_282C10p_att00_Rq0,H0407_D6_282C10p_att00_Rq0_00827,2021-10-17 20:12:19,871797,28.25,,
H0407_D6_282C10p_att00_Rq0,H0407_D6_282C10p_att00_Rq0_00828,2021-10-17 20:12:30,875717,28.25,,
H0407_D6_282C10p_att00_Rq0,H0407_D6_282C10p_att00_Rq0_00829,2021-10-17 20:12:35,875637,28.25,,
H0407_D6_282C10p_att00_Rq0,H0407_D6_282C10p_att00_Rq0_00830,2021-10-17 20:12:41,874645,28.25,,
H0407_D6_282C10p_att00_Rq0,H0407_D6_282C10p_att00_Rq0_00831,2021-10-17 20:12:46,877819,28.25,,
H0407_D6_282C10p_att00_Rq0,H0407_D6_282C10p_att00_Rq0_00832,2021-10-17 20:12:57,881699,28.25,,
H0407_D6_282C10p_att00_Rq0,H0407_D6_282C10p_att00_Rq0_00833,2021-10-17 20:13:03,876204,28.25,,
H0407_D6_282C10p_att00_Rq0,H0407_D6_282C10p_att00_Rq0_00834,2021-10-17 20:13:09,885019,28.25,,
H0407_D6_282C10p_att00_Rq0,H0407_D6_282C10p_att00_Rq0_00835,2021-10-17 20:13:15,868777,28.25,,
H0407_D6_282C10p_att00_Rq0,H0407_D6_282C10p_att00_Rq0_00836,2021-10-17 20:13:21,874314,28.25,,
H0407_D6_282C10p_att00_Rq0,H0407_D6_282C10p_att00_Rq0_00837,2021-10-17 20:13:26,877864,28.25,,
H0407_D6_282C10p_att00_Rq0,H0407_D6_282C10p_att00_Rq0_00838,2021-10-17 20:13:32,880379,28.25,,
H0407_D6_282C10p_att00_Rq0,H0407_D6_282C10p_att00_Rq0_00839,2021-10-17 20:13:37,880668,28.25,,
H0407_D6_282C10p_att00_Rq0,H0407_D6_282C10p_att00_Rq0_00840,2021-10-17 20:13:43,873374,28.25,,
H0407_D6_282C10p_att00_Rq0,H0407_D6_282C10p_att00_Rq0_00841,2021-10-17 20:13:51,880753,28.25,,
H0407_D6_282C10p_att00_Rq0,H0407_D6_282C10p_att00_Rq0_00842,2021-10-17 20:13:56,876745,28.25,,
H0407_D6_282C10p_att00_Rq0,H0407_D6_282C10p_att00_Rq0_00843,2021-10-17 20:14:02,873996,28.25,,
H0407_D6_282C10p_att00_Rq0,H0407_D6_282C10p_att00_Rq0_00844,2021-10-17 20:14:08,873777,28.25,,
H0407_D6_282C10p_att00_Rq0,H0407_D6_282C10p_att00_Rq0_00845,2021-10-17 20:14:13,876832,28.25,,
H0407_D6_282C10p_att00_Rq0,H0407_D6_282C10p_att00_Rq0_00846,2021-10-17 20:14:19,876415,28.25,,
H0407_D6_282C10p_att00_Rq0,H0407_D6_282C10p_att00_Rq0_00847,2021-10-17 20:14:25,868103,28.25,,
H0407_D6_282C10p_att00_Rq0,H0407_D6_282C10p_att00_Rq0_00848,2021-10-17 20:14:30,879935,28.25,,
H0407_D6_282C10p_att00_Rq0,H0407_D6_282C10p_att00_Rq0_00849,2021-10-17 20:14:36,872696,28.25,,
H0407_D6_282C10p_att00_Rq0,H0407_D6_282C10p_att00_Rq0_00850,2021-10-17 20:14:42,875658,28.25,,
H0407_D6_282C10p_att00_Rq0,H0407_D6_282C10p_att00_Rq0_00851,2021-10-17 20:14:47,879644,28.25,,
H0407_D6_282C10p_att00_Rq0,H0407_D6_282C10p_att00_Rq0_00852,2021-10-17 20:14:53,875660,28.25,,
H0407_D6_282C10p_att00_Rq0,H0407_D6_282C10p_att00_Rq0_00853,2021-10-17 20:14:58,873845,28.25,,
H0407_D6_282C10p_att00_Rq0,H0407_D6_282C10p_att00_Rq0_00854,2021-10-17 20:15:04,875137,28.25,,
H0407_D6_282C10p_att00_Rq0,H0407_D6_282C10p_att00_Rq0_00855,2021-10-17 20:15:10,868110,28.25,,
H0407_D6_282C10p_att00_Rq0,H0407_D6_282C10p_att00_Rq0_00856,2021-10-17 20:15:15,874202,28.25,,
H0407_D6_282C10p_att00_Rq0,H0407_D6_282C10p_att00_Rq0_00857,2021-10-17 20:15:21,912402,28.25,,
H0407_D6_282C10p_att00_Rq0,H0407_D6_282C10p_att00_Rq0_00858,2021-10-17 20:15:27,874389,28.25,,
H0407_D6_282C10p_att00_Rq0,H0407_D6_282C10p_att00_Rq0_00859,2021-10-17 20:15:32,1034034,28.25,,
H0407_D6_282C10p_att00_Rq0,H0407_D6_282C10p_att00_Rq0_00860,2021-10-17 20:15:38,866657,28.25,,
H0407_D6_282C10p_att00_Rq0,H0407_D6_282C10p_att00_Rq0_00861,2021-10-17 20:15:46,874356,28.25,,
H0407_D6_282C10p_att00_Rq0,H0407_D6_282C10p_att00_Rq0_00862,2021-10-17 20:15:56,874559,28.25,,
H0407_D6_282C10p_att00_Rq0,H0407_D6_282C10p_att00_Rq0_00863,2021-10-17 20:16:01,874191,28.25,,
H0407_D6_282C10p_att00_Rq0,H0407_D6_282C10p_att00_Rq0_00864,2021-10-17 20:16:07,869190,28.25,,
H0407_D6_282C10p_att00_Rq0,H0407_D6_282C10p_att00_Rq0_00865,2021-10-17 20:16:13,873125,28.25,,
H0407_D6_282C10p_att00_Rq0,H0407_D6_282C10p_att00_Rq0_00866,2021-10-17 20:16:22,873399,28.25,,
H0407_D6_282C10p_att00_Rq0,H0407_D6_282C10p_att00_Rq0_00867,2021-10-17 20:16:27,872872,28.25,,
H0407_D6_282C10p_att00_Rq0,H0407_D6_282C10p_att00_Rq0_00868,2021-10-17 20:16:33,877735,28.25,,
H0407_D6_282C10p_att00_Rq0,H0407_D6_282C10p_att00_Rq0_00869,2021-10-17 20:16:39,873177,28.25,,
H0407_D6_282C10p_att00_Rq0,H0407_D6_282C10p_att00_Rq0_00870,2021-10-17 20:16:44,874188,28.25,,
H0407_D6_282C10p_att00_Rq0,H0407_D6_282C10p_att00_Rq0_00871,2021-10-17 20:16:50,872984,28.25,,
H0407_D6_282C10p_att00_Rq0,H0407_D6_282C10p_att00_Rq0_00872,2021-10-17 20:16:55,882670,28.25,,
H0407_D6_282C10p_att00_Rq0,H0407_D6_282C10p_att00_Rq0_00873,2021-10-17 20:17:01,884591,28.25,,
H0407_D6_282C10p_att00_Rq0,H0407_D6_282C10p_att00_Rq0_00874,2021-10-17 20:17:07,879811,28.25,,
H0407_D6_282C10p_att00_Rq0,H0407_D6_282C10p_att00_Rq0_00875,2021-10-17 20:17:12,875131,28.25,,
H0407_D6_282C10p_att00_Rq0,H0407_D6_282C10p_att00_Rq0_00876,2021-10-17 20:17:18,876121,28.25,,
H0407_D6_282C10p_att00_Rq0,H0407_D6_282C10p_att00_Rq0_00877,2021-10-17 20:17:23,874802,28.25,,
H0407_D6_282C10p_att00_Rq0,H0407_D6_282C10p_att00_Rq0_00878,2021-10-17 20:17:29,875093,28.25,,
H0407_D6_282C10p_att00_Rq0,H0407_D6_282C10p_att00_Rq0_00879,2021-10-17 20:17:35,870131,28.25,,
H0407_D6_282C10p_att00_Rq0,H0407_D6_282C10p_att00_Rq0_00880,2021-10-17 20:17:40,873969,28.25,,
H0407_D6_282C10p_att00_Rq0,H0407_D6_282C10p_att00_Rq0_00881,2021-10-17 20:17:48,879047,28.25,,
H0407_D6_282C10p_att00_Rq0,H0407_D6_282C10p_att00_Rq0_00882,2021-10-17 20:17:54,874343,28.25,,
H0407_D6_282C10p_att00_Rq0,H0407_D6_282C10p_att00_Rq0_00883,2021-10-17 20:17:59,877694,28.25,,
H0407_D6_282C10p_att00_Rq0,H0407_D6_282C10p_att00_Rq0_00884,2021-10-17 20:18:06,874375,28.25,,
H0407_D6_282C10p_att00_Rq0,H0407_D6_282C10p_att00_Rq0_00885,2021-10-17 20:18:12,869919,28.25,,
H0407_D6_282C10p_att00_Rq0,H0407_D6_282C10p_att00_Rq0_00886,2021-10-17 20:18:17,873541,28.25,,
H0407_D6_282C10p_att00_Rq0,H0407_D6_282C10p_att00_Rq0_00887,2021-10-17 20:18:23,873918,28.25,,
H0407_D6_282C10p_att00_Rq0,H0407_D6_282C10p_att00_Rq0_00888,2021-10-17 20:18:29,874503,28.25,,
H0407_D6_282C10p_att00_Rq0,H0407_D6_282C10p_att00_Rq0_00889,2021-10-17 20:18:34,877636,28.25,,
H0407_D6_282C10p_att00_Rq0,H0407_D6_282C10p_att00_Rq0_00890,2021-10-17 20:18:40,872753,28.25,,
H0407_D6_282C10p_att00_Rq0,H0407_D6_282C10p_att00_Rq0_00891,2021-10-17 20:18:46,881121,28.25,,
H0407_D6_282C10p_att00_Rq0,H0407_D6_282C10p_att00_Rq0_00892,2021-10-17 20:18:51,875873,28.25,,
H0407_D6_282C10p_att00_Rq0,H0407_D6_282C10p_att00_Rq0_00893,2021-10-17 20:18:57,876341,28.25,,
H0407_D6_282C10p_att00_Rq0,H0407_D6_282C10p_att00_Rq0_00894,2021-10-17 20:19:02,875831,28.25,,
H0407_D6_282C10p_att00_Rq0,H0407_D6_282C10p_att00_Rq0_00895,2021-10-17 20:19:08,876446,28.25,,
H0407_D6_282C10p_att00_Rq0,H0407_D6_282C10p_att00_Rq0_00896,2021-10-17 20:19:14,883788,28.25,,
H0407_D6_282C10p_att00_Rq0,H0407_D6_282C10p_att00_Rq0_00897,2021-10-17 20:19:21,871227,28.25,,
H0407_D6_282C10p_att00_Rq0,H0407_D6_282C10p_att00_Rq0_00898,2021-10-17 20:19:26,875407,28.25,,
H0407_D6_282C10p_att00_Rq0,H0407_D6_282C10p_att00_Rq0_00899,2021-10-17 20:19:32,874989,28.25,,
H0407_D6_282C10p_att00_Rq0,H0407_D6_282C10p_att00_Rq0_00900,2021-10-17 20:19:38,881339,28.25,,
H0407_D6_282C10p_att00_Rq0,H0407_D6_282C10p_att00_Rq0_00901,2021-10-17 20:19:45,871274,28.25,,
H0407_D6_282C10p_att00_Rq0,H0407_D6_282C10p_att00_Rq0_00902,2021-10-17 20:19:51,870355,28.25,,
H0407_D6_282C10p_att00_Rq0,H0407_D6_282C10p_att00_Rq0_00903,2021-10-17 20:19:57,874692,28.25,,
H0407_D6_282C10p_att00_Rq0,H0407_D6_282C10p_att00_Rq0_00904,2021-10-17 20:20:03,875041,28.25,,
H0407_D6_282C10p_att00_Rq0,H0407_D6_282C10p_att00_Rq0_00905,2021-10-17 20:20:08,873759,28.25,,
H0407_D6_282C10p_att00_Rq0,H0407_D6_282C10p_att00_Rq0_00906,2021-10-17 20:20:14,876876,28.25,,
H0407_D6_282C10p_att00_Rq0,H0407_D6_282C10p_att00_Rq0_00907,2021-10-17 20:20:20,869074,28.25,,
H0407_D6_282C10p_att00_Rq0,H0407_D6_282C10p_att00_Rq0_00908,2021-10-17 20:20:25,873400,28.25,,
H0407_D6_282C10p_att00_Rq0,H0407_D6_282C10p_att00_Rq0_00909,2021-10-17 20:20:31,870284,28.25,,
H0407_D6_282C10p_att00_Rq0,H0407_D6_282C10p_att00_Rq0_00910,2021-10-17 20:20:36,880057,28.25,,
H0407_D6_282C10p_att00_Rq0,H0407_D6_282C10p_att00_Rq0_00911,2021-10-17 20:20:42,868910,28.25,,
H0407_D6_282C10p_att00_Rq0,H0407_D6_282C10p_att00_Rq0_00912,2021-10-17 20:20:47,876263,28.25,,
H0407_D6_282C10p_att00_Rq0,H0407_D6_282C10p_att00_Rq0_00913,2021-10-17 20:20:53,874724,28.25,,
H0407_D6_282C10p_att00_Rq0,H0407_D6_282C10p_att00_Rq0_00914,2021-10-17 20:20:59,875988,28.25,,
H0407_D6_282C10p_att00_Rq0,H0407_D6_282C10p_att00_Rq0_00915,2021-10-17 20:21:07,876620,28.25,,
H0407_D6_282C10p_att00_Rq0,H0407_D6_282C10p_att00_Rq0_00916,2021-10-17 20:21:13,878870,28.25,,
H0407_D6_282C10p_att00_Rq0,H0407_D6_282C10p_att00_Rq0_00917,2021-10-17 20:21:19,875065,28.25,,
H0407_D6_282C10p_att00_Rq0,H0407_D6_282C10p_att00_Rq0_00918,2021-10-17 20:21:24,874868,28.25,,
H0407_D6_282C10p_att00_Rq0,H0407_D6_282C10p_att00_Rq0_00919,2021-10-17 20:21:32,870674,28.25,,
H0407_D6_282C10p_att00_Rq0,H0407_D6_282C10p_att00_Rq0_00920,2021-10-17 20:21:37,874277,28.25,,
H0407_D6_282C10p_att00_Rq0,H0407_D6_282C10p_att00_Rq0_00921,2021-10-17 20:21:45,879419,28.25,,
H0407_D6_282C10p_att00_Rq0,H0407_D6_282C10p_att00_Rq0_00922,2021-10-17 20:21:51,873788,28.25,,
H0407_D6_282C10p_att00_Rq0,H0407_D6_282C10p_att00_Rq0_00923,2021-10-17 20:21:56,878933,28.25,,
H0407_D6_282C10p_att00_Rq0,H0407_D6_282C10p_att00_Rq0_00924,2021-10-17 20:22:02,874778,28.25,,
H0407_D6_282C10p_att00_Rq0,H0407_D6_282C10p_att00_Rq0_00925,2021-10-17 20:22:08,874801,28.25,,
H0407_D6_282C10p_att00_Rq0,H0407_D6_282C10p_att00_Rq0_00926,2021-10-17 20:22:13,868673,28.25,,
H0407_D6_282C10p_att00_Rq0,H0407_D6_282C10p_att00_Rq0_00927,2021-10-17 20:22:19,878330,28.25,,
H0407_D6_282C10p_att00_Rq0,H0407_D6_282C10p_att00_Rq0_00928,2021-10-17 20:22:24,869047,28.25,,
H0407_D6_282C10p_att00_Rq0,H0407_D6_282C10p_att00_Rq0_00929,2021-10-17 20:22:30,872988,28.25,,
H0407_D6_282C10p_att00_Rq0,H0407_D6_282C10p_att00_Rq0_00930,2021-10-17 20:22:36,881140,28.25,,
H0407_D6_282C10p_att00_Rq0,H0407_D6_282C10p_att00_Rq0_00931,2021-10-17 20:22:41,873246,28.25,,
H0407_D6_282C10p_att00_Rq0,H0407_D6_282C10p_att00_Rq0_00932,2021-10-17 20:22:47,872268,28.25,,
H0407_D6_282C10p_att00_Rq0,H0407_D6_282C10p_att00_Rq0_00933,2021-10-17 20:22:53,877588,28.25,,
H0407_D6_282C10p_att00_Rq0,H0407_D6_282C10p_att00_Rq0_00934,2021-10-17 20:22:58,876258,28.25,,
H0407_D6_282C10p_att00_Rq0,H0407_D6_282C10p_att00_Rq0_00935,2021-10-17 20:23:04,880118,28.25,,
H0407_D6_282C10p_att00_Rq0,H0407_D6_282C10p_att00_Rq0_00936,2021-10-17 20:23:09,876372,28.25,,
H0407_D6_282C10p_att00_Rq0,H0407_D6_282C10p_att00_Rq0_00937,2021-10-17 20:23:15,874696,28.25,,
H0407_D6_282C10p_att00_Rq0,H0407_D6_282C10p_att00_Rq0_00938,2021-10-17 20:23:21,874814,28.25,,
H0407_D6_282C10p_att00_Rq0,H0407_D6_282C10p_att00_Rq0_00939,2021-10-17 20:23:26,872683,28.25,,
H0407_D6_282C10p_att00_Rq0,H0407_D6_282C10p_att00_Rq0_00940,2021-10-17 20:23:32,878886,28.25,,
H0407_D6_282C10p_att00_Rq0,H0407_D6_282C10p_att00_Rq0_00941,2021-10-17 20:23:39,871328,28.25,,
H0407_D6_282C10p_att00_Rq0,H0407_D6_282C10p_att00_Rq0_00942,2021-10-17 20:23:45,871479,28.25,,
H0407_D6_282C10p_att00_Rq0,H0407_D6_282C10p_att00_Rq0_00943,2021-10-17 20:23:51,884828,28.25,,
H0407_D6_282C10p_att00_Rq0,H0407_D6_282C10p_att00_Rq0_00944,2021-10-17 20:23:56,871715,28.25,,
H0407_D6_282C10p_att00_Rq0,H0407_D6_282C10p_att00_Rq0_00945,2021-10-17 20:24:02,874960,28.25,,
H0407_D6_282C10p_att00_Rq0,H0407_D6_282C10p_att00_Rq0_00946,2021-10-17 20:24:08,874375,28.25,,
H0407_D6_282C10p_att00_Rq0,H0407_D6_282C10p_att00_Rq0_00947,2021-10-17 20:24:13,874511,28.25,,
H0407_D6_282C10p_att00_Rq0,H0407_D6_282C10p_att00_Rq0_00948,2021-10-17 20:24:19,874376,28.25,,
H0407_D6_282C10p_att00_Rq0,H0407_D6_282C10p_att00_Rq0_00949,2021-10-17 20:24:24,874251,28.25,,
H0407_D6_282C10p_att00_Rq0,H0407_D6_282C10p_att00_Rq0_00950,2021-10-17 20:24:30,882676,28.25,,
H0407_D6_282C10p_att00_Rq0,H0407_D6_282C10p_att00_Rq0_00951,2021-10-17 20:24:36,873187,28.25,,
H0407_D6_282C10p_att00_Rq0,H0407_D6_282C10p_att00_Rq0_00952,2021-10-17 20:24:41,873465,28.25,,
H0407_D6_282C10p_att00_Rq0,H0407_D6_282C10p_att00_Rq0_00953,2021-10-17 20:24:47,872663,28.25,,
H0407_D6_282C10p_att00_Rq0,H0407_D6_282C10p_att00_Rq0_00954,2021-10-17 20:24:53,877303,28.25,,
H0407_D6_282C10p_att00_Rq0,H0407_D6_282C10p_att00_Rq0_00955,2021-10-17 20:24:58,876077,28.25,,
H0407_D6_282C10p_att00_Rq0,H0407_D6_282C10p_att00_Rq0_00956,2021-10-17 20:25:04,876345,28.25,,
H0407_D6_282C10p_att00_Rq0,H0407_D6_282C10p_att00_Rq0_00957,2021-10-17 20:25:10,878782,28.25,,
H0407_D6_282C10p_att00_Rq0,H0407_D6_282C10p_att00_Rq0_00958,2021-10-17 20:25:15,880204,28.25,,
H0407_D6_282C10p_att00_Rq0,H0407_D6_282C10p_att00_Rq0_00959,2021-10-17 20:25:21,875976,28.25,,
H0407_D6_282C10p_att00_Rq0,H0407_D6_282C10p_att00_Rq0_00960,2021-10-17 20:25:26,876161,28.25,,
H0407_D6_282C10p_att00_Rq0,H0407_D6_282C10p_att00_Rq0_00961,2021-10-17 20:25:34,875850,28.25,,
H0407_D6_282C10p_att00_Rq0,H0407_D6_282C10p_att00_Rq0_00962,2021-10-17 20:25:40,876536,28.25,,
H0407_D6_282C10p_att00_Rq0,H0407_D6_282C10p_att00_Rq0_00963,2021-10-17 20:25:46,875681,28.25,,
H0407_D6_282C10p_att00_Rq0,H0407_D6_282C10p_att00_Rq0_00964,2021-10-17 20:25:51,877921,28.25,,
H0407_D6_282C10p_att00_Rq0,H0407_D6_282C10p_att00_Rq0_00965,2021-10-17 20:25:57,874426,28.25,,
H0407_D6_282C10p_att00_Rq0,H0407_D6_282C10p_att00_Rq0_00966,2021-10-17 20:26:02,873822,28.25,,
H0407_D6_282C10p_att00_Rq0,H0407_D6_282C10p_att00_Rq0_00967,2021-10-17 20:26:08,883875,28.25,,
H0407_D6_282C10p_att00_Rq0,H0407_D6_282C10p_att00_Rq0_00968,2021-10-17 20:26:15,877356,28.25,,
H0407_D6_282C10p_att00_Rq0,H0407_D6_282C10p_att00_Rq0_00969,2021-10-17 20:26:21,872030,28.25,,
H0407_D6_282C10p_att00_Rq0,H0407_D6_282C10p_att00_Rq0_00970,2021-10-17 20:26:27,885537,28.25,,
H0407_D6_282C10p_att00_Rq0,H0407_D6_282C10p_att00_Rq0_00971,2021-10-17 20:26:32,875049,28.25,,
H0407_D6_282C10p_att00_Rq0,H0407_D6_282C10p_att00_Rq0_00972,2021-10-17 20:26:38,876302,28.25,,
H0407_D6_282C10p_att00_Rq0,H0407_D6_282C10p_att00_Rq0_00973,2021-10-17 20:26:43,868719,28.25,,
H0407_D6_282C10p_att00_Rq0,H0407_D6_282C10p_att00_Rq0_00974,2021-10-17 20:26:49,876777,28.25,,
H0407_D6_282C10p_att00_Rq0,H0407_D6_282C10p_att00_Rq0_00975,2021-10-17 20:26:55,875951,28.25,,
H0407_D6_282C10p_att00_Rq0,H0407_D6_282C10p_att00_Rq0_00976,2021-10-17 20:27:00,868392,28.25,,
H0407_D6_282C10p_att00_Rq0,H0407_D6_282C10p_att00_Rq0_00977,2021-10-17 20:27:06,871320,28.25,,
H0407_D6_282C10p_att00_Rq0,H0407_D6_282C10p_att00_Rq0_00978,2021-10-17 20:27:12,876860,28.25,,
H0407_D6_282C10p_att00_Rq0,H0407_D6_282C10p_att00_Rq0_00979,2021-10-17 20:27:18,876558,28.25,,
H0407_D6_282C10p_att00_Rq0,H0407_D6_282C10p_att00_Rq0_00980,2021-10-17 20:27:23,873159,28.25,,
H0407_D6_282C10p_att00_Rq0,H0407_D6_282C10p_att00_Rq0_00981,2021-10-17 20:27:31,876521,28.25,,
H0407_D6_282C10p_att00_Rq0,H0407_D6_282C10p_att00_Rq0_00982,2021-10-17 20:27:36,869100,28.25,,
H0407_D6_282C10p_att00_Rq0,H0407_D6_282C10p_att00_Rq0_00983,2021-10-17 20:27:42,876303,28.25,,
H0407_D6_282C10p_att00_Rq0,H0407_D6_282C10p_att00_Rq0_00984,2021-10-17 20:27:48,867775,28.25,,
H0407_D6_282C10p_att00_Rq0,H0407_D6_282C10p_att00_Rq0_00985,2021-10-17 20:27:53,876574,28.25,,
H0407_D6_282C10p_att00_Rq0,H0407_D6_282C10p_att00_Rq0_00986,2021-10-17 20:27:59,1088728,28.25,,
H0407_D6_282C10p_att00_Rq0,H0407_D6_282C10p_att00_Rq0_00987,2021-10-17 20:28:05,871684,28.25,,
H0407_D6_282C10p_att00_Rq0,H0407_D6_282C10p_att00_Rq0_00988,2021-10-17 20:28:11,883271,28.25,,
H0407_D6_282C10p_att00_Rq0,H0407_D6_282C10p_att00_Rq0_00989,2021-10-17 20:28:16,874608,28.25,,
H0407_D6_282C10p_att00_Rq0,H0407_D6_282C10p_att00_Rq0_00990,2021-10-17 20:28:26,870740,28.25,,
H0407_D6_282C10p_att00_Rq0,H0407_D6_282C10p_att00_Rq0_00991,2021-10-17 20:28:32,870303,28.25,,
H0407_D6_282C10p_att00_Rq0,H0407_D6_282C10p_att00_Rq0_00992,2021-10-17 20:28:37,876270,28.25,,
H0407_D6_282C10p_att00_Rq0,H0407_D6_282C10p_att00_Rq0_00993,2021-10-17 20:28:43,866652,28.25,,
H0407_D6_282C10p_att00_Rq0,H0407_D6_282C10p_att00_Rq0_00994,2021-10-17 20:28:49,878051,28.25,,
H0407_D6_282C10p_att00_Rq0,H0407_D6_282C10p_att00_Rq0_00995,2021-10-17 20:28:54,880019,28.25,,
H0407_D6_282C10p_att00_Rq0,H0407_D6_282C10p_att00_Rq0_00996,2021-10-17 20:29:00,877869,28.25,,
H0407_D6_282C10p_att00_Rq0,H0407_D6_282C10p_att00_Rq0_00997,2021-10-17 20:29:06,877141,28.25,,
H0407_D6_282C10p_att00_Rq0,H0407_D6_282C10p_att00_Rq0_00998,2021-10-17 20:29:11,876092,28.25,,
H0407_D6_282C10p_att00_Rq0,H0407_D6_282C10p_att00_Rq0_00999,2021-10-17 20:29:17,875924,28.25,,
H0407_D6_282C10p_att00_Rq0,H0407_D6_282C10p_att00_Rq0_01000,2021-10-17 20:29:22,871323,28.25,,
H0407_D6_282C10p_att00_Rq0,H0407_D6_282C10p_att00_Rq0_01001,2021-10-17 20:29:30,877112,28.25,,
H0407_D6_282C10p_att00_Rq0,H0407_D6_282C10p_att00_Rq0_01002,2021-10-17 20:29:36,877488,28.25,,
H0407_D6_282C10p_att00_Rq0,H0407_D6_282C10p_att00_Rq0_01003,2021-10-17 20:29:43,876776,28.25,,
H0407_D6_282C10p_att00_Rq0,H0407_D6_282C10p_att00_Rq0_01004,2021-10-17 20:29:49,876371,28.25,,
H0407_D6_282C10p_att00_Rq0,H0407_D6_282C10p_att00_Rq0_01005,2021-10-17 20:29:55,877599,28.25,,
H0407_D6_282C10p_att00_Rq0,H0407_D6_282C10p_att00_Rq0_01006,2021-10-17 20:30:00,880069,28.25,,
H0407_D6_282C10p_att00_Rq0,H0407_D6_282C10p_att00_Rq0_01007,2021-10-17 20:30:08,872322,28.25,,
H0407_D6_282C10p_att00_Rq0,H0407_D6_282C10p_att00_Rq0_01008,2021-10-17 20:30:13,875330,28.25,,
H0407_D6_282C10p_att00_Rq0,H0407_D6_282C10p_att00_Rq0_01009,2021-10-17 20:30:19,874463,28.25,,
H0407_D6_282C10p_att00_Rq0,H0407_D6_282C10p_att00_Rq0_01010,2021-10-17 20:30:24,875406,28.25,,
H0407_D6_282C10p_att00_Rq0,H0407_D6_282C10p_att00_Rq0_01011,2021-10-17 20:30:30,875164,28.25,,
H0407_D6_282C10p_att00_Rq0,H0407_D6_282C10p_att00_Rq0_01012,2021-10-17 20:30:35,875114,28.25,,
H0407_D6_282C10p_att00_Rq0,H0407_D6_282C10p_att00_Rq0_01013,2021-10-17 20:30:41,871270,28.25,,
H0407_D6_282C10p_att00_Rq0,H0407_D6_282C10p_att00_Rq0_01014,2021-10-17 20:30:47,882201,28.25,,
H0407_D6_282C10p_att00_Rq0,H0407_D6_282C10p_att00_Rq0_01015,2021-10-17 20:30:52,887150,28.25,,
H0407_D6_282C10p_att00_Rq0,H0407_D6_282C10p_att00_Rq0_01016,2021-10-17 20:30:58,873539,28.25,,
H0407_D6_282C10p_att00_Rq0,H0407_D6_282C10p_att00_Rq0_01017,2021-10-17 20:31:04,878102,28.25,,
H0407_D6_282C10p_att00_Rq0,H0407_D6_282C10p_att00_Rq0_01018,2021-10-17 20:31:09,877113,28.25,,
H0407_D6_282C10p_att00_Rq0,H0407_D6_282C10p_att00_Rq0_01019,2021-10-17 20:31:15,877466,28.25,,
H0407_D6_282C10p_att00_Rq0,H0407_D6_282C10p_att00_Rq0_01020,2021-10-17 20:31:20,880970,28.25,,
H0407_D6_282C10p_att00_Rq0,H0407_D6_282C10p_att00_Rq0_01021,2021-10-17 20:31:28,881006,28.25,,
H0407_D6_282C10p_att00_Rq0,H0407_D6_282C10p_att00_Rq0_01022,2021-10-17 20:31:34,876475,28.25,,
H0407_D6_282C10p_att00_Rq0,H0407_D6_282C10p_att00_Rq0_01023,2021-10-17 20:31:39,872518,28.25,,
H0407_D6_282C10p_att00_Rq0,H0407_D6_282C10p_att00_Rq0_01024,2021-10-17 20:31:45,876513,28.25,,
H0407_D6_282C10p_att00_Rq0,H0407_D6_282C10p_att00_Rq0_01025,2021-10-17 20:31:52,877912,28.25,,
H0407_D6_282C10p_att00_Rq0,H0407_D6_282C10p_att00_Rq0_01026,2021-10-17 20:31:58,876053,28.25,,
H0407_D6_282C10p_att00_Rq0,H0407_D6_282C10p_att00_Rq0_01027,2021-10-17 20:32:04,886027,28.25,,
H0407_D6_282C10p_att00_Rq0,H0407_D6_282C10p_att00_Rq0_01028,2021-10-17 20:32:10,880233,28.25,,
H0407_D6_282C10p_att00_Rq0,H0407_D6_282C10p_att00_Rq0_01029,2021-10-17 20:32:15,875658,28.25,,
H0407_D6_282C10p_att00_Rq0,H0407_D6_282C10p_att00_Rq0_01030,2021-10-17 20:32:21,879452,28.25,,
H0407_D6_282C10p_att00_Rq0,H0407_D6_282C10p_att00_Rq0_01031,2021-10-17 20:32:27,875444,28.25,,
H0407_D6_282C10p_att00_Rq0,H0407_D6_282C10p_att00_Rq0_01032,2021-10-17 20:32:32,875517,28.25,,
H0407_D6_282C10p_att00_Rq0,H0407_D6_282C10p_att00_Rq0_01033,2021-10-17 20:32:38,882963,28.25,,
H0407_D6_282C10p_att00_Rq0,H0407_D6_282C10p_att00_Rq0_01034,2021-10-17 20:32:44,874754,28.25,,
H0407_D6_282C10p_att00_Rq0,H0407_D6_282C10p_att00_Rq0_01035,2021-10-17 20:32:49,870816,28.25,,
H0407_D6_282C10p_att00_Rq0,H0407_D6_282C10p_att00_Rq0_01036,2021-10-17 20:32:55,871035,28.25,,
H0407_D6_282C10p_att00_Rq0,H0407_D6_282C10p_att00_Rq0_01037,2021-10-17 20:33:00,874105,28.25,,
H0407_D6_282C10p_att00_Rq0,H0407_D6_282C10p_att00_Rq0_01038,2021-10-17 20:33:11,875465,28.25,,
H0407_D6_282C10p_att00_Rq0,H0407_D6_282C10p_att00_Rq0_01039,2021-10-17 20:33:17,869874,28.25,,
H0407_D6_282C10p_att00_Rq0,H0407_D6_282C10p_att00_Rq0_01040,2021-10-17 20:33:22,874858,28.25,,
H0407_D6_282C10p_att00_Rq0,H0407_D6_282C10p_att00_Rq0_01041,2021-10-17 20:33:30,874183,28.25,,
H0407_D6_282C10p_att00_Rq0,H0407_D6_282C10p_att00_Rq0_01042,2021-10-17 20:33:36,874450,28.25,,
H0407_D6_282C10p_att00_Rq0,H0407_D6_282C10p_att00_Rq0_01043,2021-10-17 20:33:41,869890,28.25,,
H0407_D6_282C10p_att00_Rq0,H0407_D6_282C10p_att00_Rq0_01044,2021-10-17 20:33:47,870161,28.25,,
H0407_D6_282C10p_att00_Rq0,H0407_D6_282C10p_att00_Rq0_01045,2021-10-17 20:33:53,875945,28.25,,
H0407_D6_282C10p_att00_Rq0,H0407_D6_282C10p_att00_Rq0_01046,2021-10-17 20:33:58,873143,28.25,,
H0407_D6_282C10p_att00_Rq0,H0407_D6_282C10p_att00_Rq0_01047,2021-10-17 20:34:04,872376,28.25,,
H0407_D6_282C10p_att00_Rq0,H0407_D6_282C10p_att00_Rq0_01048,2021-10-17 20:34:09,872260,28.25,,
H0407_D6_282C10p_att00_Rq0,H0407_D6_282C10p_att00_Rq0_01049,2021-10-17 20:34:15,876546,28.25,,
H0407_D6_282C10p_att00_Rq0,H0407_D6_282C10p_att00_Rq0_01050,2021-10-17 20:34:21,872289,28.25,,
H0407_D6_282C10p_att00_Rq0,H0407_D6_282C10p_att00_Rq0_01051,2021-10-17 20:34:26,867562,28.25,,
H0407_D6_282C10p_att00_Rq0,H0407_D6_282C10p_att00_Rq0_01052,2021-10-17 20:34:32,878891,28.25,,
H0407_D6_282C10p_att00_Rq0,H0407_D6_282C10p_att00_Rq0_01053,2021-10-17 20:34:38,874475,28.25,,
H0407_D6_282C10p_att00_Rq0,H0407_D6_282C10p_att00_Rq0_01054,2021-10-17 20:34:43,869196,28.25,,
H0407_D6_282C10p_att00_Rq0,H0407_D6_282C10p_att00_Rq0_01055,2021-10-17 20:34:49,871542,28.25,,
H0407_D6_282C10p_att00_Rq0,H0407_D6_282C10p_att00_Rq0_01056,2021-10-17 20:34:55,875366,28.25,,
H0407_D6_282C10p_att00_Rq0,H0407_D6_282C10p_att00_Rq0_01057,2021-10-17 20:35:00,878640,28.25,,
H0407_D6_282C10p_att00_Rq0,H0407_D6_282C10p_att00_Rq0_01058,2021-10-17 20:35:06,874253,28.25,,
H0407_D6_282C10p_att00_Rq0,H0407_D6_282C10p_att00_Rq0_01059,2021-10-17 20:35:11,874197,28.25,,
H0407_D6_282C10p_att00_Rq0,H0407_D6_282C10p_att00_Rq0_01060,2021-10-17 20:35:17,874505,28.25,,
H0407_D6_282C10p_att00_Rq0,H0407_D6_282C10p_att00_Rq0_01061,2021-10-17 20:35:25,871294,28.25,,
H0407_D6_282C10p_att00_Rq0,H0407_D6_282C10p_att00_Rq0_01062,2021-10-17 20:35:31,907287,28.25,,
H0407_D6_282C10p_att00_Rq0,H0407_D6_282C10p_att00_Rq0_01063,2021-10-17 20:35:36,869457,28.25,,
H0407_D6_282C10p_att00_Rq0,H0407_D6_282C10p_att00_Rq0_01064,2021-10-17 20:35:42,873212,28.25,,
H0407_D6_282C10p_att00_Rq0,H0407_D6_282C10p_att00_Rq0_01065,2021-10-17 20:35:48,874222,28.25,,
H0407_D6_282C10p_att00_Rq0,H0407_D6_282C10p_att00_Rq0_01066,2021-10-17 20:35:53,868564,28.25,,
H0407_D6_282C10p_att00_Rq0,H0407_D6_282C10p_att00_Rq0_01067,2021-10-17 20:35:59,868947,28.25,,
H0407_D6_282C10p_att00_Rq0,H0407_D6_282C10p_att00_Rq0_01068,2021-10-17 20:36:05,868551,28.25,,
H0407_D6_282C10p_att00_Rq0,H0407_D6_282C10p_att00_Rq0_01069,2021-10-17 20:36:10,873336,28.25,,
H0407_D6_282C10p_att00_Rq0,H0407_D6_282C10p_att00_Rq0_01070,2021-10-17 20:36:16,864128,28.25,,
H0407_D6_282C10p_att00_Rq0,H0407_D6_282C10p_att00_Rq0_01071,2021-10-17 20:36:21,1041629,28.25,,
H0407_D6_282C10p_att00_Rq0,H0407_D6_282C10p_att00_Rq0_01072,2021-10-17 20:36:27,871266,28.25,,
H0407_D6_282C10p_att00_Rq0,H0407_D6_282C10p_att00_Rq0_01073,2021-10-17 20:36:33,882626,28.25,,
H0407_D6_282C10p_att00_Rq0,H0407_D6_282C10p_att00_Rq0_01074,2021-10-17 20:36:39,871365,28.25,,
H0407_D6_282C10p_att00_Rq0,H0407_D6_282C10p_att00_Rq0_01075,2021-10-17 20:36:45,876969,28.25,,
H0407_D6_282C10p_att00_Rq0,H0407_D6_282C10p_att00_Rq0_01076,2021-10-17 20:36:50,876073,28.25,,
H0407_D6_282C10p_att00_Rq0,H0407_D6_282C10p_att00_Rq0_01077,2021-10-17 20:37:00,870585,28.25,,
H0407_D6_282C10p_att00_Rq0,H0407_D6_282C10p_att00_Rq0_01078,2021-10-17 20:37:06,874176,28.25,,
H0407_D6_282C10p_att00_Rq0,H0407_D6_282C10p_att00_Rq0_01079,2021-10-17 20:37:11,875516,28.25,,
H0407_D6_282C10p_att00_Rq0,H0407_D6_282C10p_att00_Rq0_01080,2021-10-17 20:37:17,873022,28.25,,
H0407_D6_282C10p_att00_Rq0,H0407_D6_282C10p_att00_Rq0_01081,2021-10-17 20:37:25,869924,28.25,,
H0407_D6_282C10p_att00_Rq0,H0407_D6_282C10p_att00_Rq0_01082,2021-10-17 20:37:30,873157,28.25,,
H0407_D6_282C10p_att00_Rq0,H0407_D6_282C10p_att00_Rq0_01083,2021-10-17 20:37:36,870740,28.25,,
H0407_D6_282C10p_att00_Rq0,H0407_D6_282C10p_att00_Rq0_01084,2021-10-17 20:37:41,870521,28.25,,
H0407_D6_282C10p_att00_Rq0,H0407_D6_282C10p_att00_Rq0_01085,2021-10-17 20:37:47,874059,28.25,,
H0407_D6_282C10p_att00_Rq0,H0407_D6_282C10p_att00_Rq0_01086,2021-10-17 20:37:53,877212,28.25,,
H0407_D6_282C10p_att00_Rq0,H0407_D6_282C10p_att00_Rq0_01087,2021-10-17 20:37:58,876998,28.25,,
H0407_D6_282C10p_att00_Rq0,H0407_D6_282C10p_att00_Rq0_01088,2021-10-17 20:38:04,872625,28.25,,
H0407_D6_282C10p_att00_Rq0,H0407_D6_282C10p_att00_Rq0_01089,2021-10-17 20:38:09,872767,28.25,,
H0407_D6_282C10p_att00_Rq0,H0407_D6_282C10p_att00_Rq0_01090,2021-10-17 20:38:15,872167,28.25,,
H0407_D6_282C10p_att00_Rq0,H0407_D6_282C10p_att00_Rq0_01091,2021-10-17 20:38:20,872136,28.25,,
H0407_D6_282C10p_att00_Rq0,H0407_D6_282C10p_att00_Rq0_01092,2021-10-17 20:38:26,879224,28.25,,
H0407_D6_282C10p_att00_Rq0,H0407_D6_282C10p_att00_Rq0_01093,2021-10-17 20:38:32,872557,28.25,,
H0407_D6_282C10p_att00_Rq0,H0407_D6_282C10p_att00_Rq0_01094,2021-10-17 20:38:37,871937,28.25,,
H0407_D6_282C10p_att00_Rq0,H0407_D6_282C10p_att00_Rq0_01095,2021-10-17 20:38:48,873760,28.25,,
H0407_D6_282C10p_att00_Rq0,H0407_D6_282C10p_att00_Rq0_01096,2021-10-17 20:38:53,875020,28.25,,
H0407_D6_282C10p_att00_Rq0,H0407_D6_282C10p_att00_Rq0_01097,2021-10-17 20:38:59,874594,28.25,,
H0407_D6_282C10p_att00_Rq0,H0407_D6_282C10p_att00_Rq0_01098,2021-10-17 20:39:05,874790,28.25,,
H0407_D6_282C10p_att00_Rq0,H0407_D6_282C10p_att00_Rq0_01099,2021-10-17 20:39:10,883966,28.25,,
H0407_D6_282C10p_att00_Rq0,H0407_D6_282C10p_att00_Rq0_01100,2021-10-17 20:39:16,873756,28.25,,
H0407_D6_282C10p_att00_Rq0,H0407_D6_282C10p_att00_Rq0_01101,2021-10-17 20:39:24,871458,28.25,,
H0407_D6_282C10p_att00_Rq0,H0407_D6_282C10p_att00_Rq0_01102,2021-10-17 20:39:29,878375,28.25,,
H0407_D6_282C10p_att00_Rq0,H0407_D6_282C10p_att00_Rq0_01103,2021-10-17 20:39:35,875020,28.25,,
H0407_D6_282C10p_att00_Rq0,H0407_D6_282C10p_att00_Rq0_01104,2021-10-17 20:39:40,877930,28.25,,
H0407_D6_282C10p_att00_Rq0,H0407_D6_282C10p_att00_Rq0_01105,2021-10-17 20:39:46,873656,28.25,,
H0407_D6_282C10p_att00_Rq0,H0407_D6_282C10p_att00_Rq0_01106,2021-10-17 20:39:52,877234,28.25,,
H0407_D6_282C10p_att00_Rq0,H0407_D6_282C10p_att00_Rq0_01107,2021-10-17 20:39:59,870371,28.25,,
H0407_D6_282C10p_att00_Rq0,H0407_D6_282C10p_att00_Rq0_01108,2021-10-17 20:40:04,873759,28.25,,
H0407_D6_282C10p_att00_Rq0,H0407_D6_282C10p_att00_Rq0_01109,2021-10-17 20:40:10,873642,28.25,,
H0407_D6_282C10p_att00_Rq0,H0407_D6_282C10p_att00_Rq0_01110,2021-10-17 20:40:16,872761,28.25,,
H0407_D6_282C10p_att00_Rq0,H0407_D6_282C10p_att00_Rq0_01111,2021-10-17 20:40:21,875161,28.25,,
H0407_D6_282C10p_att00_Rq0,H0407_D6_282C10p_att00_Rq0_01112,2021-10-17 20:40:27,869639,28.25,,
H0407_D6_282C10p_att00_Rq0,H0407_D6_282C10p_att00_Rq0_01113,2021-10-17 20:40:33,880988,28.25,,
H0407_D6_282C10p_att00_Rq0,H0407_D6_282C10p_att00_Rq0_01114,2021-10-17 20:40:38,872451,28.25,,
H0407_D6_282C10p_att00_Rq0,H0407_D6_282C10p_att00_Rq0_01115,2021-10-17 20:40:44,871074,28.25,,
H0407_D6_282C10p_att00_Rq0,H0407_D6_282C10p_att00_Rq0_01116,2021-10-17 20:40:49,879416,28.25,,
H0407_D6_282C10p_att00_Rq0,H0407_D6_282C10p_att00_Rq0_01117,2021-10-17 20:40:55,872437,28.25,,
H0407_D6_282C10p_att00_Rq0,H0407_D6_282C10p_att00_Rq0_01118,2021-10-17 20:41:01,875142,28.25,,
H0407_D6_282C10p_att00_Rq0,H0407_D6_282C10p_att00_Rq0_01119,2021-10-17 20:41:06,879371,28.25,,
H0407_D6_282C10p_att00_Rq0,H0407_D6_282C10p_att00_Rq0_01120,2021-10-17 20:41:12,874241,28.25,,
H0407_D6_282C10p_att00_Rq0,H0407_D6_282C10p_att00_Rq0_01121,2021-10-17 20:41:20,875136,28.25,,
H0407_D6_282C10p_att00_Rq0,H0407_D6_282C10p_att00_Rq0_01122,2021-10-17 20:41:25,873349,28.25,,
H0407_D6_282C10p_att00_Rq0,H0407_D6_282C10p_att00_Rq0_01123,2021-10-17 20:41:31,874842,28.25,,
H0407_D6_282C10p_att00_Rq0,H0407_D6_282C10p_att00_Rq0_01124,2021-10-17 20:41:37,867284,28.25,,
H0407_D6_282C10p_att00_Rq0,H0407_D6_282C10p_att00_Rq0_01125,2021-10-17 20:41:42,878844,28.25,,
H0407_D6_282C10p_att00_Rq0,H0407_D6_282C10p_att00_Rq0_01126,2021-10-17 20:41:48,869244,28.25,,
H0407_D6_282C10p_att00_Rq0,H0407_D6_282C10p_att00_Rq0_01127,2021-10-17 20:41:53,874097,28.25,,
H0407_D6_282C10p_att00_Rq0,H0407_D6_282C10p_att00_Rq0_01128,2021-10-17 20:41:59,872769,28.25,,
H0407_D6_282C10p_att00_Rq0,H0407_D6_282C10p_att00_Rq0_01129,2021-10-17 20:42:06,869823,28.25,,
H0407_D6_282C10p_att00_Rq0,H0407_D6_282C10p_att00_Rq0_01130,2021-10-17 20:42:12,870313,28.25,,
H0407_D6_282C10p_att00_Rq0,H0407_D6_282C10p_att00_Rq0_01131,2021-10-17 20:42:17,874633,28.25,,
H0407_D6_282C10p_att00_Rq0,H0407_D6_282C10p_att00_Rq0_01132,2021-10-17 20:42:23,868865,28.25,,
H0407_D6_282C10p_att00_Rq0,H0407_D6_282C10p_att00_Rq0_01133,2021-10-17 20:42:28,872521,28.25,,
H0407_D6_282C10p_att00_Rq0,H0407_D6_282C10p_att00_Rq0_01134,2021-10-17 20:42:35,881604,28.25,,
H0407_D6_282C10p_att00_Rq0,H0407_D6_282C10p_att00_Rq0_01135,2021-10-17 20:42:40,876378,28.25,,
H0407_D6_282C10p_att00_Rq0,H0407_D6_282C10p_att00_Rq0_01136,2021-10-17 20:42:46,872227,28.25,,
H0407_D6_282C10p_att00_Rq0,H0407_D6_282C10p_att00_Rq0_01137,2021-10-17 20:42:52,883351,28.25,,
H0407_D6_282C10p_att00_Rq0,H0407_D6_282C10p_att00_Rq0_01138,2021-10-17 20:42:57,879407,28.25,,
H0407_D6_282C10p_att00_Rq0,H0407_D6_282C10p_att00_Rq0_01139,2021-10-17 20:43:03,875453,28.25,,
H0407_D6_282C10p_att00_Rq0,H0407_D6_282C10p_att00_Rq0_01140,2021-10-17 20:43:08,871307,28.25,,
H0407_D6_282C10p_att00_Rq0,H0407_D6_282C10p_att00_Rq0_01141,2021-10-17 20:43:16,882383,28.25,,
H0407_D6_282C10p_att00_Rq0,H0407_D6_282C10p_att00_Rq0_01142,2021-10-17 20:43:22,871000,28.25,,
H0407_D6_282C10p_att00_Rq0,H0407_D6_282C10p_att00_Rq0_01143,2021-10-17 20:43:27,874585,28.25,,
H0407_D6_282C10p_att00_Rq0,H0407_D6_282C10p_att00_Rq0_01144,2021-10-17 20:43:33,877337,28.25,,
H0407_D6_282C10p_att00_Rq0,H0407_D6_282C10p_att00_Rq0_01145,2021-10-17 20:43:39,875204,28.25,,
H0407_D6_282C10p_att00_Rq0,H0407_D6_282C10p_att00_Rq0_01146,2021-10-17 20:43:48,885776,28.25,,
H0407_D6_282C10p_att00_Rq0,H0407_D6_282C10p_att00_Rq0_01147,2021-10-17 20:43:54,875457,28.25,,
H0407_D6_282C10p_att00_Rq0,H0407_D6_282C10p_att00_Rq0_01148,2021-10-17 20:43:59,874881,28.25,,
H0407_D6_282C10p_att00_Rq0,H0407_D6_282C10p_att00_Rq0_01149,2021-10-17 20:44:05,874925,28.25,,
H0407_D6_282C10p_att00_Rq0,H0407_D6_282C10p_att00_Rq0_01150,2021-10-17 20:44:11,868476,28.25,,
H0407_D6_282C10p_att00_Rq0,H0407_D6_282C10p_att00_Rq0_01151,2021-10-17 20:44:16,872737,28.25,,
H0407_D6_282C10p_att00_Rq0,H0407_D6_282C10p_att00_Rq0_01152,2021-10-17 20:44:22,873927,28.25,,
H0407_D6_282C10p_att00_Rq0,H0407_D6_282C10p_att00_Rq0_01153,2021-10-17 20:44:27,876823,28.25,,
H0407_D6_282C10p_att00_Rq0,H0407_D6_282C10p_att00_Rq0_01154,2021-10-17 20:44:33,870288,28.25,,
H0407_D6_282C10p_att00_Rq0,H0407_D6_282C10p_att00_Rq0_01155,2021-10-17 20:44:39,872634,28.25,,
H0407_D6_282C10p_att00_Rq0,H0407_D6_282C10p_att00_Rq0_01156,2021-10-17 20:44:44,878798,28.25,,
H0407_D6_282C10p_att00_Rq0,H0407_D6_282C10p_att00_Rq0_01157,2021-10-17 20:44:50,880215,28.25,,
H0407_D6_282C10p_att00_Rq0,H0407_D6_282C10p_att00_Rq0_01158,2021-10-17 20:44:56,874454,28.25,,
H0407_D6_282C10p_att00_Rq0,H0407_D6_282C10p_att00_Rq0_01159,2021-10-17 20:45:06,871328,28.25,,
H0407_D6_282C10p_att00_Rq0,H0407_D6_282C10p_att00_Rq0_01160,2021-10-17 20:45:11,882379,28.25,,
H0407_D6_282C10p_att00_Rq0,H0407_D6_282C10p_att00_Rq0_01161,2021-10-17 20:45:19,878403,28.25,,
H0407_D6_282C10p_att00_Rq0,H0407_D6_282C10p_att00_Rq0_01162,2021-10-17 20:45:25,876265,28.25,,
H0407_D6_282C10p_att00_Rq0,H0407_D6_282C10p_att00_Rq0_01163,2021-10-17 20:45:30,877078,28.25,,
H0407_D6_282C10p_att00_Rq0,H0407_D6_282C10p_att00_Rq0_01164,2021-10-17 20:45:36,871254,28.25,,
H0407_D6_282C10p_att00_Rq0,H0407_D6_282C10p_att00_Rq0_01165,2021-10-17 20:45:41,873598,28.25,,
H0407_D6_282C10p_att00_Rq0,H0407_D6_282C10p_att00_Rq0_01166,2021-10-17 20:45:47,875941,28.25,,
H0407_D6_282C10p_att00_Rq0,H0407_D6_282C10p_att00_Rq0_01167,2021-10-17 20:45:53,878751,28.25,,
H0407_D6_282C10p_att00_Rq0,H0407_D6_282C10p_att00_Rq0_01168,2021-10-17 20:45:59,871297,28.25,,
H0407_D6_282C10p_att00_Rq0,H0407_D6_282C10p_att00_Rq0_01169,2021-10-17 20:46:04,873968,28.25,,
H0407_D6_282C10p_att00_Rq0,H0407_D6_282C10p_att00_Rq0_01170,2021-10-17 20:46:10,869968,28.25,,
H0407_D6_282C10p_att00_Rq0,H0407_D6_282C10p_att00_Rq0_01171,2021-10-17 20:46:15,878903,28.25,,
H0407_D6_282C10p_att00_Rq0,H0407_D6_282C10p_att00_Rq0_01172,2021-10-17 20:46:21,870007,28.25,,
H0407_D6_282C10p_att00_Rq0,H0407_D6_282C10p_att00_Rq0_01173,2021-10-17 20:46:26,1107926,28.25,,
H0407_D6_282C10p_att00_Rq0,H0407_D6_282C10p_att00_Rq0_01174,2021-10-17 20:46:33,873663,28.25,,
H0407_D6_282C10p_att00_Rq0,H0407_D6_282C10p_att00_Rq0_01175,2021-10-17 20:46:38,874153,28.25,,
H0407_D6_282C10p_att00_Rq0,H0407_D6_282C10p_att00_Rq0_01176,2021-10-17 20:46:44,876950,28.25,,
H0407_D6_282C10p_att00_Rq0,H0407_D6_282C10p_att00_Rq0_01177,2021-10-17 20:46:50,874276,28.25,,
H0407_D6_282C10p_att00_Rq0,H0407_D6_282C10p_att00_Rq0_01178,2021-10-17 20:46:55,879681,28.25,,
H0407_D6_282C10p_att00_Rq0,H0407_D6_282C10p_att00_Rq0_01179,2021-10-17 20:47:01,872770,28.25,,
H0407_D6_282C10p_att00_Rq0,H0407_D6_282C10p_att00_Rq0_01180,2021-10-17 20:47:07,876305,28.25,,
H0407_D6_282C10p_att00_Rq0,H0407_D6_282C10p_att00_Rq0_01181,2021-10-17 20:47:16,875827,28.25,,
H0407_D6_282C10p_att00_Rq0,H0407_D6_282C10p_att00_Rq0_01182,2021-10-17 20:47:22,871997,28.25,,
H0407_D6_282C10p_att00_Rq0,H0407_D6_282C10p_att00_Rq0_01183,2021-10-17 20:47:28,880119,28.25,,
H0407_D6_282C10p_att00_Rq0,H0407_D6_282C10p_att00_Rq0_01184,2021-10-17 20:47:33,875591,28.25,,
H0407_D6_282C10p_att00_Rq0,H0407_D6_282C10p_att00_Rq0_01185,2021-10-17 20:47:39,875340,28.25,,
H0407_D6_282C10p_att00_Rq0,H0407_D6_282C10p_att00_Rq0_01186,2021-10-17 20:47:45,870272,28.25,,
H0407_D6_282C10p_att00_Rq0,H0407_D6_282C10p_att00_Rq0_01187,2021-10-17 20:47:50,872527,28.25,,
H0407_D6_282C10p_att00_Rq0,H0407_D6_282C10p_att00_Rq0_01188,2021-10-17 20:47:56,874610,28.25,,
H0407_D6_282C10p_att00_Rq0,H0407_D6_282C10p_att00_Rq0_01189,2021-10-17 20:48:01,871278,28.25,,
H0407_D6_282C10p_att00_Rq0,H0407_D6_282C10p_att00_Rq0_01190,2021-10-17 20:48:07,882378,28.25,,
H0407_D6_282C10p_att00_Rq0,H0407_D6_282C10p_att00_Rq0_01191,2021-10-17 20:48:13,871220,28.25,,
H0407_D6_282C10p_att00_Rq0,H0407_D6_282C10p_att00_Rq0_01192,2021-10-17 20:48:19,873545,28.25,,
H0407_D6_282C10p_att00_Rq0,H0407_D6_282C10p_att00_Rq0_01193,2021-10-17 20:48:25,870823,28.25,,
H0407_D6_282C10p_att00_Rq0,H0407_D6_282C10p_att00_Rq0_01194,2021-10-17 20:48:31,874637,28.25,,
H0407_D6_282C10p_att00_Rq0,H0407_D6_282C10p_att00_Rq0_01195,2021-10-17 20:48:37,876101,28.25,,
H0407_D6_282C10p_att00_Rq0,H0407_D6_282C10p_att00_Rq0_01196,2021-10-17 20:48:42,877746,28.25,,
H0407_D6_282C10p_att00_Rq0,H0407_D6_282C10p_att00_Rq0_01197,2021-10-17 20:48:48,877111,28.25,,
H0407_D6_282C10p_att00_Rq0,H0407_D6_282C10p_att00_Rq0_01198,2021-10-17 20:48:54,875940,28.25,,
H0407_D6_282C10p_att00_Rq0,H0407_D6_282C10p_att00_Rq0_01199,2021-10-17 20:49:00,875692,28.25,,
H0407_D6_282C10p_att00_Rq0,H0407_D6_282C10p_att00_Rq0_01200,2021-10-17 20:49:06,873100,28.25,,
H0407_D6_282C10p_att00_Rq0,H0407_D6_282C10p_att00_Rq0_01201,2021-10-17 20:49:14,876602,28.25,,
H0407_D6_282C10p_att00_Rq0,H0407_D6_282C10p_att00_Rq0_01202,2021-10-17 20:49:19,876034,28.25,,
H0407_D6_282C10p_att00_Rq0,H0407_D6_282C10p_att00_Rq0_01203,2021-10-17 20:49:25,876000,28.25,,
H0407_D6_282C10p_att00_Rq0,H0407_D6_282C10p_att00_Rq0_01204,2021-10-17 20:49:31,875631,28.25,,
H0407_D6_282C10p_att00_Rq0,H0407_D6_282C10p_att00_Rq0_01205,2021-10-17 20:49:36,1190021,28.25,,
H0407_D6_282C10p_att00_Rq0,H0407_D6_282C10p_att00_Rq0_01206,2021-10-17 20:49:43,875510,28.25,,
H0407_D6_282C10p_att00_Rq0,H0407_D6_282C10p_att00_Rq0_01207,2021-10-17 20:49:48,878974,28.25,,
H0407_D6_282C10p_att00_Rq0,H0407_D6_282C10p_att00_Rq0_01208,2021-10-17 20:49:54,875559,28.25,,
H0407_D6_282C10p_att00_Rq0,H0407_D6_282C10p_att00_Rq0_01209,2021-10-17 20:49:59,877453,28.25,,
H0407_D6_282C10p_att00_Rq0,H0407_D6_282C10p_att00_Rq0_01210,2021-10-17 20:50:10,874006,28.25,,
H0407_D6_282C10p_att00_Rq0,H0407_D6_282C10p_att00_Rq0_01211,2021-10-17 20:50:15,873139,28.25,,
H0407_D6_282C10p_att00_Rq0,H0407_D6_282C10p_att00_Rq0_01212,2021-10-17 20:50:21,873930,28.25,,
H0407_D6_282C10p_att00_Rq0,H0407_D6_282C10p_att00_Rq0_01213,2021-10-17 20:50:27,874517,28.25,,
H0407_D6_282C10p_att00_Rq0,H0407_D6_282C10p_att00_Rq0_01214,2021-10-17 20:50:36,872867,28.25,,
H0407_D6_282C10p_att00_Rq0,H0407_D6_282C10p_att00_Rq0_01215,2021-10-17 20:50:41,870373,28.25,,
H0407_D6_282C10p_att00_Rq0,H0407_D6_282C10p_att00_Rq0_01216,2021-10-17 20:50:47,870058,28.25,,
H0407_D6_282C10p_att00_Rq0,H0407_D6_282C10p_att00_Rq0_01217,2021-10-17 20:50:53,873635,28.25,,
H0407_D6_282C10p_att00_Rq0,H0407_D6_282C10p_att00_Rq0_01218,2021-10-17 20:50:58,873448,28.25,,
H0407_D6_282C10p_att00_Rq0,H0407_D6_282C10p_att00_Rq0_01219,2021-10-17 20:51:04,874181,28.25,,
H0407_D6_282C10p_att00_Rq0,H0407_D6_282C10p_att00_Rq0_01220,2021-10-17 20:51:10,873283,28.25,,
H0407_D6_282C10p_att00_Rq0,H0407_D6_282C10p_att00_Rq0_01221,2021-10-17 20:51:18,873469,28.25,,
H0407_D6_282C10p_att00_Rq0,H0407_D6_282C10p_att00_Rq0_01222,2021-10-17 20:51:23,873088,28.25,,
H0407_D6_282C10p_att00_Rq0,H0407_D6_282C10p_att00_Rq0_01223,2021-10-17 20:51:29,872976,28.25,,
H0407_D6_282C10p_att00_Rq0,H0407_D6_282C10p_att00_Rq0_01224,2021-10-17 20:51:35,873275,28.25,,
H0407_D6_282C10p_att00_Rq0,H0407_D6_282C10p_att00_Rq0_01225,2021-10-17 20:51:40,1137981,28.25,,
H0407_D6_282C10p_att00_Rq0,H0407_D6_282C10p_att00_Rq0_01226,2021-10-17 20:51:47,877036,28.25,,
H0407_D6_282C10p_att00_Rq0,H0407_D6_282C10p_att00_Rq0_01227,2021-10-17 20:51:53,872694,28.25,,
H0407_D6_282C10p_att00_Rq0,H0407_D6_282C10p_att00_Rq0_01228,2021-10-17 20:51:58,873090,28.25,,
H0407_D6_282C10p_att00_Rq0,H0407_D6_282C10p_att00_Rq0_01229,2021-10-17 20:52:04,875439,28.25,,
H0407_D6_282C10p_att00_Rq0,H0407_D6_282C10p_att00_Rq0_01230,2021-10-17 20:52:10,871913,28.25,,
H0407_D6_282C10p_att00_Rq0,H0407_D6_282C10p_att00_Rq0_01231,2021-10-17 20:52:16,865416,28.25,,
H0407_D6_282C10p_att00_Rq0,H0407_D6_282C10p_att00_Rq0_01232,2021-10-17 20:52:22,871556,28.25,,
H0407_D6_282C10p_att00_Rq0,H0407_D6_282C10p_att00_Rq0_01233,2021-10-17 20:52:27,867164,28.25,,
H0407_D6_282C10p_att00_Rq0,H0407_D6_282C10p_att00_Rq0_01234,2021-10-17 20:52:33,871683,28.25,,
H0407_D6_282C10p_att00_Rq0,H0407_D6_282C10p_att00_Rq0_01235,2021-10-17 20:52:38,870421,28.25,,
H0407_D6_282C10p_att00_Rq0,H0407_D6_282C10p_att00_Rq0_01236,2021-10-17 20:52:44,865795,28.25,,
H0407_D6_282C10p_att00_Rq0,H0407_D6_282C10p_att00_Rq0_01237,2021-10-17 20:52:50,874562,28.25,,
H0407_D6_282C10p_att00_Rq0,H0407_D6_282C10p_att00_Rq0_01238,2021-10-17 20:52:56,870442,28.25,,
H0407_D6_282C10p_att00_Rq0,H0407_D6_282C10p_att00_Rq0_01239,2021-10-17 20:53:01,875760,28.25,,
H0407_D6_282C10p_att00_Rq0,H0407_D6_282C10p_att00_Rq0_01240,2021-10-17 20:53:07,870897,28.25,,
H0407_D6_282C10p_att00_Rq0,H0407_D6_282C10p_att00_Rq0_01241,2021-10-17 20:53:15,873575,28.25,,
H0407_D6_282C10p_att00_Rq0,H0407_D6_282C10p_att00_Rq0_01242,2021-10-17 20:53:20,873683,28.25,,
H0407_D6_282C10p_att00_Rq0,H0407_D6_282C10p_att00_Rq0_01243,2021-10-17 20:53:26,884640,28.25,,
H0407_D6_282C10p_att00_Rq0,H0407_D6_282C10p_att00_Rq0_01244,2021-10-17 20:53:32,877564,28.25,,
H0407_D6_282C10p_att00_Rq0,H0407_D6_282C10p_att00_Rq0_01245,2021-10-17 20:53:37,873482,28.25,,
H0407_D6_282C10p_att00_Rq0,H0407_D6_282C10p_att00_Rq0_01246,2021-10-17 20:53:43,873176,28.25,,
H0407_D6_282C10p_att00_Rq0,H0407_D6_282C10p_att00_Rq0_01247,2021-10-17 20:53:48,876189,28.25,,
H0407_D6_282C10p_att00_Rq0,H0407_D6_282C10p_att00_Rq0_01248,2021-10-17 20:53:54,875520,28.25,,
H0407_D6_282C10p_att00_Rq0,H0407_D6_282C10p_att00_Rq0_01249,2021-10-17 20:53:59,873181,28.25,,
H0407_D6_282C10p_att00_Rq0,H0407_D6_282C10p_att00_Rq0_01250,2021-10-17 20:54:05,869290,28.25,,
H0407_D6_282C10p_att00_Rq0,H0407_D6_282C10p_att00_Rq0_01251,2021-10-17 20:54:11,872596,28.25,,
H0407_D6_282C10p_att00_Rq0,H0407_D6_282C10p_att00_Rq0_01252,2021-10-17 20:54:16,871269,28.25,,
H0407_D6_282C10p_att00_Rq0,H0407_D6_282C10p_att00_Rq0_01253,2021-10-17 20:54:22,871256,28.25,,
H0407_D6_282C10p_att00_Rq0,H0407_D6_282C10p_att00_Rq0_01254,2021-10-17 20:54:28,872386,28.25,,
H0407_D6_282C10p_att00_Rq0,H0407_D6_282C10p_att00_Rq0_01255,2021-10-17 20:54:33,880129,28.25,,
H0407_D6_282C10p_att00_Rq0,H0407_D6_282C10p_att00_Rq0_01256,2021-10-17 20:54:39,872248,28.25,,
H0407_D6_282C10p_att00_Rq0,H0407_D6_282C10p_att00_Rq0_01257,2021-10-17 20:54:45,872115,28.25,,
H0407_D6_282C10p_att00_Rq0,H0407_D6_282C10p_att00_Rq0_01258,2021-10-17 20:54:50,874749,28.25,,
H0407_D6_282C10p_att00_Rq0,H0407_D6_282C10p_att00_Rq0_01259,2021-10-17 20:54:56,874221,28.25,,
H0407_D6_282C10p_att00_Rq0,H0407_D6_282C10p_att00_Rq0_01260,2021-10-17 20:55:01,875493,28.25,,
H0407_D6_282C10p_att00_Rq0,H0407_D6_282C10p_att00_Rq0_01261,2021-10-17 20:55:09,872620,28.25,,
H0407_D6_282C10p_att00_Rq0,H0407_D6_282C10p_att00_Rq0_01262,2021-10-17 20:55:15,872935,28.25,,
H0407_D6_282C10p_att00_Rq0,H0407_D6_282C10p_att00_Rq0_01263,2021-10-17 20:55:21,873467,28.25,,
H0407_D6_282C10p_att00_Rq0,H0407_D6_282C10p_att00_Rq0_01264,2021-10-17 20:55:26,881444,28.25,,
H0407_D6_282C10p_att00_Rq0,H0407_D6_282C10p_att00_Rq0_01265,2021-10-17 20:55:32,872178,28.25,,
H0407_D6_282C10p_att00_Rq0,H0407_D6_282C10p_att00_Rq0_01266,2021-10-17 20:55:40,868434,28.25,,
H0407_D6_282C10p_att00_Rq0,H0407_D6_282C10p_att00_Rq0_01267,2021-10-17 20:55:45,868250,28.25,,
H0407_D6_282C10p_att00_Rq0,H0407_D6_282C10p_att00_Rq0_01268,2021-10-17 20:55:51,868855,28.25,,
H0407_D6_282C10p_att00_Rq0,H0407_D6_282C10p_att00_Rq0_01269,2021-10-17 20:55:56,868306,28.25,,
H0407_D6_282C10p_att00_Rq0,H0407_D6_282C10p_att00_Rq0_01270,2021-10-17 20:56:02,871476,28.25,,
H0407_D6_282C10p_att00_Rq0,H0407_D6_282C10p_att00_Rq0_01271,2021-10-17 20:56:08,872262,28.25,,
H0407_D6_282C10p_att00_Rq0,H0407_D6_282C10p_att00_Rq0_01272,2021-10-17 20:56:13,872060,28.25,,
H0407_D6_282C10p_att00_Rq0,H0407_D6_282C10p_att00_Rq0_01273,2021-10-17 20:56:19,875558,28.25,,
H0407_D6_282C10p_att00_Rq0,H0407_D6_282C10p_att00_Rq0_01274,2021-10-17 20:56:24,871842,28.25,,
H0407_D6_282C10p_att00_Rq0,H0407_D6_282C10p_att00_Rq0_01275,2021-10-17 20:56:30,871522,28.25,,
H0407_D6_282C10p_att00_Rq0,H0407_D6_282C10p_att00_Rq0_01276,2021-10-17 20:56:36,870364,28.25,,
H0407_D6_282C10p_att00_Rq0,H0407_D6_282C10p_att00_Rq0_01277,2021-10-17 20:56:41,875607,28.25,,
H0407_D6_282C10p_att00_Rq0,H0407_D6_282C10p_att00_Rq0_01278,2021-10-17 20:56:47,874336,28.25,,
H0407_D6_282C10p_att00_Rq0,H0407_D6_282C10p_att00_Rq0_01279,2021-10-17 20:56:54,877898,28.25,,
H0407_D6_282C10p_att00_Rq0,H0407_D6_282C10p_att00_Rq0_01280,2021-10-17 20:57:00,870618,28.25,,
H0407_D6_282C10p_att00_Rq0,H0407_D6_282C10p_att00_Rq0_01281,2021-10-17 20:57:08,874064,28.25,,
H0407_D6_282C10p_att00_Rq0,H0407_D6_282C10p_att00_Rq0_01282,2021-10-17 20:57:13,873008,28.25,,
H0407_D6_282C10p_att00_Rq0,H0407_D6_282C10p_att00_Rq0_01283,2021-10-17 20:57:24,872900,28.25,,
H0407_D6_282C10p_att00_Rq0,H0407_D6_282C10p_att00_Rq0_01284,2021-10-17 20:57:30,870040,28.25,,
H0407_D6_282C10p_att00_Rq0,H0407_D6_282C10p_att00_Rq0_01285,2021-10-17 20:57:35,873288,28.25,,
H0407_D6_282C10p_att00_Rq0,H0407_D6_282C10p_att00_Rq0_01286,2021-10-17 20:57:41,872308,28.25,,
H0407_D6_282C10p_att00_Rq0,H0407_D6_282C10p_att00_Rq0_01287,2021-10-17 20:57:46,873611,28.25,,
H0407_D6_282C10p_att00_Rq0,H0407_D6_282C10p_att00_Rq0_01288,2021-10-17 20:57:52,869761,28.25,,
H0407_D6_282C10p_att00_Rq0,H0407_D6_282C10p_att00_Rq0_01289,2021-10-17 20:57:58,872510,28.25,,
H0407_D6_282C10p_att00_Rq0,H0407_D6_282C10p_att00_Rq0_01290,2021-10-17 20:58:03,871344,28.25,,
H0407_D6_282C10p_att00_Rq0,H0407_D6_282C10p_att00_Rq0_01291,2021-10-17 20:58:09,874980,28.25,,
H0407_D6_282C10p_att00_Rq0,H0407_D6_282C10p_att00_Rq0_01292,2021-10-17 20:58:15,872429,28.25,,
H0407_D6_282C10p_att00_Rq0,H0407_D6_282C10p_att00_Rq0_01293,2021-10-17 20:58:20,872078,28.25,,
H0407_D6_282C10p_att00_Rq0,H0407_D6_282C10p_att00_Rq0_01294,2021-10-17 20:58:26,871518,28.25,,
H0407_D6_282C10p_att00_Rq0,H0407_D6_282C10p_att00_Rq0_01295,2021-10-17 20:58:32,869465,28.25,,
H0407_D6_282C10p_att00_Rq0,H0407_D6_282C10p_att00_Rq0_01296,2021-10-17 20:58:40,868579,28.25,,
H0407_D6_282C10p_att00_Rq0,H0407_D6_282C10p_att00_Rq0_01297,2021-10-17 20:58:45,877812,28.25,,
H0407_D6_282C10p_att00_Rq0,H0407_D6_282C10p_att00_Rq0_01298,2021-10-17 20:58:51,873801,28.25,,
H0407_D6_282C10p_att00_Rq0,H0407_D6_282C10p_att00_Rq0_01299,2021-10-17 20:58:56,873545,28.25,,
H0407_D6_282C10p_att00_Rq0,H0407_D6_282C10p_att00_Rq0_01300,2021-10-17 20:59:02,878382,28.25,,
H0407_D6_282C10p_att00_Rq0,H0407_D6_282C10p_att00_Rq0_01301,2021-10-17 20:59:10,870159,28.25,,
H0407_D6_282C10p_att00_Rq0,H0407_D6_282C10p_att00_Rq0_01302,2021-10-17 20:59:15,915410,28.25,,
H0407_D6_282C10p_att00_Rq0,H0407_D6_282C10p_att00_Rq0_01303,2021-10-17 20:59:21,877189,28.25,,
H0407_D6_282C10p_att00_Rq0,H0407_D6_282C10p_att00_Rq0_01304,2021-10-17 20:59:27,873396,28.25,,
H0407_D6_282C10p_att00_Rq0,H0407_D6_282C10p_att00_Rq0_01305,2021-10-17 20:59:33,876045,28.25,,
H0407_D6_282C10p_att00_Rq0,H0407_D6_282C10p_att00_Rq0_01306,2021-10-17 20:59:38,872414,28.25,,
H0407_D6_282C10p_att00_Rq0,H0407_D6_282C10p_att00_Rq0_01307,2021-10-17 20:59:44,873550,28.25,,
H0407_D6_282C10p_att00_Rq0,H0407_D6_282C10p_att00_Rq0_01308,2021-10-17 20:59:49,876444,28.25,,
H0407_D6_282C10p_att00_Rq0,H0407_D6_282C10p_att00_Rq0_01309,2021-10-17 20:59:55,872127,28.25,,
H0407_D6_282C10p_att00_Rq0,H0407_D6_282C10p_att00_Rq0_01310,2021-10-17 21:00:00,869438,28.25,,
H0407_D6_282C10p_att00_Rq0,H0407_D6_282C10p_att00_Rq0_01311,2021-10-17 21:00:06,872909,28.25,,
H0407_D6_282C10p_att00_Rq0,H0407_D6_282C10p_att00_Rq0_01312,2021-10-17 21:00:12,873127,28.25,,
H0407_D6_282C10p_att00_Rq0,H0407_D6_282C10p_att00_Rq0_01313,2021-10-17 21:00:19,871730,28.25,,
H0407_D6_282C10p_att00_Rq0,H0407_D6_282C10p_att00_Rq0_01314,2021-10-17 21:00:24,872761,28.25,,
H0407_D6_282C10p_att00_Rq0,H0407_D6_282C10p_att00_Rq0_01315,2021-10-17 21:00:30,872486,28.25,,
H0407_D6_282C10p_att00_Rq0,H0407_D6_282C10p_att00_Rq0_01316,2021-10-17 21:00:36,871976,28.25,,
H0407_D6_282C10p_att00_Rq0,H0407_D6_282C10p_att00_Rq0_01317,2021-10-17 21:00:41,872850,28.25,,
H0407_D6_282C10p_att00_Rq0,H0407_D6_282C10p_att00_Rq0_01318,2021-10-17 21:00:47,874403,28.25,,
H0407_D6_282C10p_att00_Rq0,H0407_D6_282C10p_att00_Rq0_01319,2021-10-17 21:00:53,875309,28.25,,
H0407_D6_282C10p_att00_Rq0,H0407_D6_282C10p_att00_Rq0_01320,2021-10-17 21:00:58,875065,28.25,,
H0407_D6_282C10p_att00_Rq0,H0407_D6_282C10p_att00_Rq0_01321,2021-10-17 21:01:06,874623,28.25,,
H0407_D6_282C10p_att00_Rq0,H0407_D6_282C10p_att00_Rq0_01322,2021-10-17 21:01:12,874590,28.25,,
H0407_D6_282C10p_att00_Rq0,H0407_D6_282C10p_att00_Rq0_01323,2021-10-17 21:01:17,874071,28.25,,
H0407_D6_282C10p_att00_Rq0,H0407_D6_282C10p_att00_Rq0_01324,2021-10-17 21:01:23,870278,28.25,,
H0407_D6_282C10p_att00_Rq0,H0407_D6_282C10p_att00_Rq0_01325,2021-10-17 21:01:28,855946,28.25,,
H0407_D6_282C10p_att00_Rq0,H0407_D6_282C10p_att00_Rq0_01326,2021-10-17 21:01:34,873881,28.25,,
H0407_D6_282C10p_att00_Rq0,H0407_D6_282C10p_att00_Rq0_01327,2021-10-17 21:01:40,874078,28.25,,
H0407_D6_282C10p_att00_Rq0,H0407_D6_282C10p_att00_Rq0_01328,2021-10-17 21:01:45,876056,28.25,,
H0407_D6_282C10p_att00_Rq0,H0407_D6_282C10p_att00_Rq0_01329,2021-10-17 21:01:51,873102,28.25,,
H0407_D6_282C10p_att00_Rq0,H0407_D6_282C10p_att00_Rq0_01330,2021-10-17 21:01:57,873951,28.25,,
H0407_D6_282C10p_att00_Rq0,H0407_D6_282C10p_att00_Rq0_01331,2021-10-17 21:02:03,873175,28.25,,
H0407_D6_282C10p_att00_Rq0,H0407_D6_282C10p_att00_Rq0_01332,2021-10-17 21:02:08,872910,28.25,,
H0407_D6_282C10p_att00_Rq0,H0407_D6_282C10p_att00_Rq0_01333,2021-10-17 21:02:14,872101,28.25,,
H0407_D6_282C10p_att00_Rq0,H0407_D6_282C10p_att00_Rq0_01334,2021-10-17 21:02:19,873057,28.25,,
H0407_D6_282C10p_att00_Rq0,H0407_D6_282C10p_att00_Rq0_01335,2021-10-17 21:02:27,872504,28.25,,
H0407_D6_282C10p_att00_Rq0,H0407_D6_282C10p_att00_Rq0_01336,2021-10-17 21:02:32,871949,28.25,,
H0407_D6_282C10p_att00_Rq0,H0407_D6_282C10p_att00_Rq0_01337,2021-10-17 21:02:38,868326,28.25,,
H0407_D6_282C10p_att00_Rq0,H0407_D6_282C10p_att00_Rq0_01338,2021-10-17 21:02:44,872267,28.25,,
H0407_D6_282C10p_att00_Rq0,H0407_D6_282C10p_att00_Rq0_01339,2021-10-17 21:02:49,874449,28.25,,
H0407_D6_282C10p_att00_Rq0,H0407_D6_282C10p_att00_Rq0_01340,2021-10-17 21:02:55,878438,28.25,,
H0407_D6_282C10p_att00_Rq0,H0407_D6_282C10p_att00_Rq0_01341,2021-10-17 21:03:03,874119,28.25,,
H0407_D6_282C10p_att00_Rq0,H0407_D6_282C10p_att00_Rq0_01342,2021-10-17 21:03:08,870893,28.25,,
H0407_D6_282C10p_att00_Rq0,H0407_D6_282C10p_att00_Rq0_01343,2021-10-17 21:03:14,884448,28.25,,
H0407_D6_282C10p_att00_Rq0,H0407_D6_282C10p_att00_Rq0_01344,2021-10-17 21:03:19,875395,28.25,,
H0407_D6_282C10p_att00_Rq0,H0407_D6_282C10p_att00_Rq0_01345,2021-10-17 21:03:25,878017,28.25,,
H0407_D6_282C10p_att00_Rq0,H0407_D6_282C10p_att00_Rq0_01346,2021-10-17 21:03:31,873471,28.25,,
H0407_D6_282C10p_att00_Rq0,H0407_D6_282C10p_att00_Rq0_01347,2021-10-17 21:03:36,871772,28.25,,
H0407_D6_282C10p_att00_Rq0,H0407_D6_282C10p_att00_Rq0_01348,2021-10-17 21:03:46,873894,28.25,,
H0407_D6_282C10p_att00_Rq0,H0407_D6_282C10p_att00_Rq0_01349,2021-10-17 21:03:52,869522,28.25,,
H0407_D6_282C10p_att00_Rq0,H0407_D6_282C10p_att00_Rq0_01350,2021-10-17 21:03:57,876369,28.25,,
H0407_D6_282C10p_att00_Rq0,H0407_D6_282C10p_att00_Rq0_01351,2021-10-17 21:04:03,873258,28.25,,
H0407_D6_282C10p_att00_Rq0,H0407_D6_282C10p_att00_Rq0_01352,2021-10-17 21:04:12,868567,28.25,,
H0407_D6_282C10p_att00_Rq0,H0407_D6_282C10p_att00_Rq0_01353,2021-10-17 21:04:18,873268,28.25,,
H0407_D6_282C10p_att00_Rq0,H0407_D6_282C10p_att00_Rq0_01354,2021-10-17 21:04:23,871414,28.25,,
H0407_D6_282C10p_att00_Rq0,H0407_D6_282C10p_att00_Rq0_01355,2021-10-17 21:04:29,868548,28.25,,
H0407_D6_282C10p_att00_Rq0,H0407_D6_282C10p_att00_Rq0_01356,2021-10-17 21:04:35,872154,28.25,,
H0407_D6_282C10p_att00_Rq0,H0407_D6_282C10p_att00_Rq0_01357,2021-10-17 21:04:40,879803,28.25,,
H0407_D6_282C10p_att00_Rq0,H0407_D6_282C10p_att00_Rq0_01358,2021-10-17 21:04:46,878432,28.25,,
H0407_D6_282C10p_att00_Rq0,H0407_D6_282C10p_att00_Rq0_01359,2021-10-17 21:04:51,871041,28.25,,
H0407_D6_282C10p_att00_Rq0,H0407_D6_282C10p_att00_Rq0_01360,2021-10-17 21:04:57,874030,28.25,,
H0407_D6_282C10p_att00_Rq0,H0407_D6_282C10p_att00_Rq0_01361,2021-10-17 21:05:05,870585,28.25,,
H0407_D6_282C10p_att00_Rq0,H0407_D6_282C10p_att00_Rq0_01362,2021-10-17 21:05:11,881691,28.25,,
H0407_D6_282C10p_att00_Rq0,H0407_D6_282C10p_att00_Rq0_01363,2021-10-17 21:05:16,874901,28.25,,
H0407_D6_282C10p_att00_Rq0,H0407_D6_282C10p_att00_Rq0_01364,2021-10-17 21:05:22,882972,28.25,,
H0407_D6_282C10p_att00_Rq0,H0407_D6_282C10p_att00_Rq0_01365,2021-10-17 21:05:31,873668,28.25,,
H0407_D6_282C10p_att00_Rq0,H0407_D6_282C10p_att00_Rq0_01366,2021-10-17 21:05:36,873454,28.25,,
H0407_D6_282C10p_att00_Rq0,H0407_D6_282C10p_att00_Rq0_01367,2021-10-17 21:05:42,877476,28.25,,
H0407_D6_282C10p_att00_Rq0,H0407_D6_282C10p_att00_Rq0_01368,2021-10-17 21:05:47,873909,28.25,,
H0407_D6_282C10p_att00_Rq0,H0407_D6_282C10p_att00_Rq0_01369,2021-10-17 21:05:55,868954,28.25,,
H0407_D6_282C10p_att00_Rq0,H0407_D6_282C10p_att00_Rq0_01370,2021-10-17 21:06:01,868427,28.25,,
H0407_D6_282C10p_att00_Rq0,H0407_D6_282C10p_att00_Rq0_01371,2021-10-17 21:06:06,1003789,28.25,,
H0407_D6_282C10p_att00_Rq0,H0407_D6_282C10p_att00_Rq0_01372,2021-10-17 21:06:13,873591,28.25,,
H0407_D6_282C10p_att00_Rq0,H0407_D6_282C10p_att00_Rq0_01373,2021-10-17 21:06:18,871714,28.25,,
H0407_D6_282C10p_att00_Rq0,H0407_D6_282C10p_att00_Rq0_01374,2021-10-17 21:06:24,878296,28.25,,
H0407_D6_282C10p_att00_Rq0,H0407_D6_282C10p_att00_Rq0_01375,2021-10-17 21:06:29,872531,28.25,,
H0407_D6_282C10p_att00_Rq0,H0407_D6_282C10p_att00_Rq0_01376,2021-10-17 21:06:35,868017,28.25,,
H0407_D6_282C10p_att00_Rq0,H0407_D6_282C10p_att00_Rq0_01377,2021-10-17 21:06:41,867992,28.25,,
H0407_D6_282C10p_att00_Rq0,H0407_D6_282C10p_att00_Rq0_01378,2021-10-17 21:06:46,872011,28.25,,
H0407_D6_282C10p_att00_Rq0,H0407_D6_282C10p_att00_Rq0_01379,2021-10-17 21:06:52,877762,28.25,,
H0407_D6_282C10p_att00_Rq0,H0407_D6_282C10p_att00_Rq0_01380,2021-10-17 21:06:58,871901,28.25,,
H0407_D6_282C10p_att00_Rq0,H0407_D6_282C10p_att00_Rq0_01381,2021-10-17 21:07:06,873376,28.25,,
H0407_D6_282C10p_att00_Rq0,H0407_D6_282C10p_att00_Rq0_01382,2021-10-17 21:07:13,874188,28.25,,
H0407_D6_282C10p_att00_Rq0,H0407_D6_282C10p_att00_Rq0_01383,2021-10-17 21:07:18,880942,28.25,,
H0407_D6_282C10p_att00_Rq0,H0407_D6_282C10p_att00_Rq0_01384,2021-10-17 21:07:24,870032,28.25,,
H0407_D6_282C10p_att00_Rq0,H0407_D6_282C10p_att00_Rq0_01385,2021-10-17 21:07:30,877987,28.25,,
H0407_D6_282C10p_att00_Rq0,H0407_D6_282C10p_att00_Rq0_01386,2021-10-17 21:07:35,873631,28.25,,
H0407_D6_282C10p_att00_Rq0,H0407_D6_282C10p_att00_Rq0_01387,2021-10-17 21:07:41,872690,28.25,,
H0407_D6_282C10p_att00_Rq0,H0407_D6_282C10p_att00_Rq0_01388,2021-10-17 21:07:46,873465,28.25,,
H0407_D6_282C10p_att00_Rq0,H0407_D6_282C10p_att00_Rq0_01389,2021-10-17 21:07:52,870362,28.25,,
H0407_D6_282C10p_att00_Rq0,H0407_D6_282C10p_att00_Rq0_01390,2021-10-17 21:07:58,872732,28.25,,
H0407_D6_282C10p_att00_Rq0,H0407_D6_282C10p_att00_Rq0_01391,2021-10-17 21:08:03,873256,28.25,,
H0407_D6_282C10p_att00_Rq0,H0407_D6_282C10p_att00_Rq0_01392,2021-10-17 21:08:09,872978,28.25,,
H0407_D6_282C10p_att00_Rq0,H0407_D6_282C10p_att00_Rq0_01393,2021-10-17 21:08:14,869202,28.25,,
H0407_D6_282C10p_att00_Rq0,H0407_D6_282C10p_att00_Rq0_01394,2021-10-17 21:08:20,872301,28.25,,
H0407_D6_282C10p_att00_Rq0,H0407_D6_282C10p_att00_Rq0_01395,2021-10-17 21:08:25,871187,28.25,,
H0407_D6_282C10p_att00_Rq0,H0407_D6_282C10p_att00_Rq0_01396,2021-10-17 21:08:31,868798,28.25,,
H0407_D6_282C10p_att00_Rq0,H0407_D6_282C10p_att00_Rq0_01397,2021-10-17 21:08:36,872454,28.25,,
H0407_D6_282C10p_att00_Rq0,H0407_D6_282C10p_att00_Rq0_01398,2021-10-17 21:08:42,866526,28.25,,
H0407_D6_282C10p_att00_Rq0,H0407_D6_282C10p_att00_Rq0_01399,2021-10-17 21:08:47,871162,28.25,,
H0407_D6_282C10p_att00_Rq0,H0407_D6_282C10p_att00_Rq0_01400,2021-10-17 21:08:53,880136,28.25,,
H0407_D6_282C10p_att00_Rq0,H0407_D6_282C10p_att00_Rq0_01401,2021-10-17 21:09:01,874973,28.25,,
H0407_D6_282C10p_att00_Rq0,H0407_D6_282C10p_att00_Rq0_01402,2021-10-17 21:09:07,879294,28.25,,
H0407_D6_282C10p_att00_Rq0,H0407_D6_282C10p_att00_Rq0_01403,2021-10-17 21:09:12,879742,28.25,,
H0407_D6_282C10p_att00_Rq0,H0407_D6_282C10p_att00_Rq0_01404,2021-10-17 21:09:20,869948,28.25,,
H0407_D6_282C10p_att00_Rq0,H0407_D6_282C10p_att00_Rq0_01405,2021-10-17 21:09:26,873957,28.25,,
H0407_D6_282C10p_att00_Rq0,H0407_D6_282C10p_att00_Rq0_01406,2021-10-17 21:09:31,874873,28.25,,
H0407_D6_282C10p_att00_Rq0,H0407_D6_282C10p_att00_Rq0_01407,2021-10-17 21:09:37,869904,28.25,,
H0407_D6_282C10p_att00_Rq0,H0407_D6_282C10p_att00_Rq0_01408,2021-10-17 21:09:42,898888,28.25,,
H0407_D6_282C10p_att00_Rq0,H0407_D6_282C10p_att00_Rq0_01409,2021-10-17 21:09:48,873076,28.25,,
H0407_D6_282C10p_att00_Rq0,H0407_D6_282C10p_att00_Rq0_01410,2021-10-17 21:09:54,872222,28.25,,
H0407_D6_282C10p_att00_Rq0,H0407_D6_282C10p_att00_Rq0_01411,2021-10-17 21:09:59,873407,28.25,,
H0407_D6_282C10p_att00_Rq0,H0407_D6_282C10p_att00_Rq0_01412,2021-10-17 21:10:05,868577,28.25,,
H0407_D6_282C10p_att00_Rq0,H0407_D6_282C10p_att00_Rq0_01413,2021-10-17 21:10:11,872621,28.25,,
H0407_D6_282C10p_att00_Rq0,H0407_D6_282C10p_att00_Rq0_01414,2021-10-17 21:10:16,873455,28.25,,
H0407_D6_282C10p_att00_Rq0,H0407_D6_282C10p_att00_Rq0_01415,2021-10-17 21:10:22,876265,28.25,,
H0407_D6_282C10p_att00_Rq0,H0407_D6_282C10p_att00_Rq0_01416,2021-10-17 21:10:28,873633,28.25,,
H0407_D6_282C10p_att00_Rq0,H0407_D6_282C10p_att00_Rq0_01417,2021-10-17 21:10:34,872193,28.25,,
H0407_D6_282C10p_att00_Rq0,H0407_D6_282C10p_att00_Rq0_01418,2021-10-17 21:10:40,868323,28.25,,
H0407_D6_282C10p_att00_Rq0,H0407_D6_282C10p_att00_Rq0_01419,2021-10-17 21:10:45,873416,28.25,,
H0407_D6_282C10p_att00_Rq0,H0407_D6_282C10p_att00_Rq0_01420,2021-10-17 21:10:51,871838,28.25,,
H0407_D6_282C10p_att00_Rq0,H0407_D6_282C10p_att00_Rq0_01421,2021-10-17 21:10:59,868062,28.25,,
H0407_D6_282C10p_att00_Rq0,H0407_D6_282C10p_att00_Rq0_01422,2021-10-17 21:11:05,879271,28.25,,
H0407_D6_282C10p_att00_Rq0,H0407_D6_282C10p_att00_Rq0_01423,2021-10-17 21:11:10,872075,28.25,,
H0407_D6_282C10p_att00_Rq0,H0407_D6_282C10p_att00_Rq0_01424,2021-10-17 21:11:16,875358,28.25,,
H0407_D6_282C10p_att00_Rq0,H0407_D6_282C10p_att00_Rq0_01425,2021-10-17 21:11:21,868434,28.25,,
H0407_D6_282C10p_att00_Rq0,H0407_D6_282C10p_att00_Rq0_01426,2021-10-17 21:11:27,869919,28.25,,
H0407_D6_282C10p_att00_Rq0,H0407_D6_282C10p_att00_Rq0_01427,2021-10-17 21:11:33,870597,28.25,,
H0407_D6_282C10p_att00_Rq0,H0407_D6_282C10p_att00_Rq0_01428,2021-10-17 21:11:38,870855,28.25,,
H0407_D6_282C10p_att00_Rq0,H0407_D6_282C10p_att00_Rq0_01429,2021-10-17 21:11:44,878354,28.25,,
H0407_D6_282C10p_att00_Rq0,H0407_D6_282C10p_att00_Rq0_01430,2021-10-17 21:11:50,867234,28.25,,
H0407_D6_282C10p_att00_Rq0,H0407_D6_282C10p_att00_Rq0_01431,2021-10-17 21:11:55,870777,28.25,,
H0407_D6_282C10p_att00_Rq0,H0407_D6_282C10p_att00_Rq0_01432,2021-10-17 21:12:01,870987,28.25,,
H0407_D6_282C10p_att00_Rq0,H0407_D6_282C10p_att00_Rq0_01433,2021-10-17 21:12:07,869657,28.25,,
H0407_D6_282C10p_att00_Rq0,H0407_D6_282C10p_att00_Rq0_01434,2021-10-17 21:12:12,874406,28.25,,
H0407_D6_282C10p_att00_Rq0,H0407_D6_282C10p_att00_Rq0_01435,2021-10-17 21:12:18,869783,28.25,,
H0407_D6_282C10p_att00_Rq0,H0407_D6_282C10p_att00_Rq0_01436,2021-10-17 21:12:24,870448,28.25,,
H0407_D6_282C10p_att00_Rq0,H0407_D6_282C10p_att00_Rq0_01437,2021-10-17 21:12:29,880167,28.25,,
H0407_D6_282C10p_att00_Rq0,H0407_D6_282C10p_att00_Rq0_01438,2021-10-17 21:12:35,879317,28.25,,
H0407_D6_282C10p_att00_Rq0,H0407_D6_282C10p_att00_Rq0_01439,2021-10-17 21:12:40,863767,28.25,,
H0407_D6_282C10p_att00_Rq0,H0407_D6_282C10p_att00_Rq0_01440,2021-10-17 21:12:46,872746,28.25,,
H0407_D6_282C10p_att00_Rq0,H0407_D6_282C10p_att00_Rq0_01441,2021-10-17 21:12:54,871618,28.25,,
H0407_D6_282C10p_att00_Rq0,H0407_D6_282C10p_att00_Rq0_01442,2021-10-17 21:12:59,875955,28.25,,
H0407_D6_282C10p_att00_Rq0,H0407_D6_282C10p_att00_Rq0_01443,2021-10-17 21:13:06,873430,28.25,,
H0407_D6_282C10p_att00_Rq0,H0407_D6_282C10p_att00_Rq0_01444,2021-10-17 21:13:11,878910,28.25,,
H0407_D6_282C10p_att00_Rq0,H0407_D6_282C10p_att00_Rq0_01445,2021-10-17 21:13:17,872029,28.25,,
H0407_D6_282C10p_att00_Rq0,H0407_D6_282C10p_att00_Rq0_01446,2021-10-17 21:13:22,872423,28.25,,
H0407_D6_282C10p_att00_Rq0,H0407_D6_282C10p_att00_Rq0_01447,2021-10-17 21:13:28,866938,28.25,,
H0407_D6_282C10p_att00_Rq0,H0407_D6_282C10p_att00_Rq0_01448,2021-10-17 21:13:34,874727,28.25,,
H0407_D6_282C10p_att00_Rq0,H0407_D6_282C10p_att00_Rq0_01449,2021-10-17 21:13:39,872496,28.25,,
H0407_D6_282C10p_att00_Rq0,H0407_D6_282C10p_att00_Rq0_01450,2021-10-17 21:13:45,871608,28.25,,
H0407_D6_282C10p_att00_Rq0,H0407_D6_282C10p_att00_Rq0_01451,2021-10-17 21:13:50,867029,28.25,,
H0407_D6_282C10p_att00_Rq0,H0407_D6_282C10p_att00_Rq0_01452,2021-10-17 21:13:56,871222,28.25,,
H0407_D6_282C10p_att00_Rq0,H0407_D6_282C10p_att00_Rq0_01453,2021-10-17 21:14:02,871345,28.25,,
H0407_D6_282C10p_att00_Rq0,H0407_D6_282C10p_att00_Rq0_01454,2021-10-17 21:14:08,874830,28.25,,
H0407_D6_282C10p_att00_Rq0,H0407_D6_282C10p_att00_Rq0_01455,2021-10-17 21:14:13,871181,28.25,,
H0407_D6_282C10p_att00_Rq0,H0407_D6_282C10p_att00_Rq0_01456,2021-10-17 21:14:19,870623,28.25,,
H0407_D6_282C10p_att00_Rq0,H0407_D6_282C10p_att00_Rq0_01457,2021-10-17 21:14:26,870075,28.25,,
H0407_D6_282C10p_att00_Rq0,H0407_D6_282C10p_att00_Rq0_01458,2021-10-17 21:14:31,873640,28.25,,
H0407_D6_282C10p_att00_Rq0,H0407_D6_282C10p_att00_Rq0_01459,2021-10-17 21:14:37,869743,28.25,,
H0407_D6_282C10p_att00_Rq0,H0407_D6_282C10p_att00_Rq0_01460,2021-10-17 21:14:42,866209,28.25,,
H0407_D6_282C10p_att00_Rq0,H0407_D6_282C10p_att00_Rq0_01461,2021-10-17 21:14:50,868327,28.25,,
H0407_D6_282C10p_att00_Rq0,H0407_D6_282C10p_att00_Rq0_01462,2021-10-17 21:14:56,872195,28.25,,
H0407_D6_282C10p_att00_Rq0,H0407_D6_282C10p_att00_Rq0_01463,2021-10-17 21:15:01,872475,28.25,,
H0407_D6_282C10p_att00_Rq0,H0407_D6_282C10p_att00_Rq0_01464,2021-10-17 21:15:07,872958,28.25,,
H0407_D6_282C10p_att00_Rq0,H0407_D6_282C10p_att00_Rq0_01465,2021-10-17 21:15:12,870305,28.25,,
H0407_D6_282C10p_att00_Rq0,H0407_D6_282C10p_att00_Rq0_01466,2021-10-17 21:15:18,872502,28.25,,
H0407_D6_282C10p_att00_Rq0,H0407_D6_282C10p_att00_Rq0_01467,2021-10-17 21:15:23,871966,28.25,,
H0407_D6_282C10p_att00_Rq0,H0407_D6_282C10p_att00_Rq0_01468,2021-10-17 21:15:29,872661,28.25,,
H0407_D6_282C10p_att00_Rq0,H0407_D6_282C10p_att00_Rq0_01469,2021-10-17 21:15:35,1060922,28.25,,
H0407_D6_282C10p_att00_Rq0,H0407_D6_282C10p_att00_Rq0_01470,2021-10-17 21:15:41,871450,28.25,,
H0407_D6_282C10p_att00_Rq0,H0407_D6_282C10p_att00_Rq0_01471,2021-10-17 21:15:46,871832,28.25,,
H0407_D6_282C10p_att00_Rq0,H0407_D6_282C10p_att00_Rq0_01472,2021-10-17 21:15:52,872520,28.25,,
H0407_D6_282C10p_att00_Rq0,H0407_D6_282C10p_att00_Rq0_01473,2021-10-17 21:15:58,871376,28.25,,
H0407_D6_282C10p_att00_Rq0,H0407_D6_282C10p_att00_Rq0_01474,2021-10-17 21:16:03,870019,28.25,,
H0407_D6_282C10p_att00_Rq0,H0407_D6_282C10p_att00_Rq0_01475,2021-10-17 21:16:09,867901,28.25,,
H0407_D6_282C10p_att00_Rq0,H0407_D6_282C10p_att00_Rq0_01476,2021-10-17 21:16:15,867478,28.25,,
H0407_D6_282C10p_att00_Rq0,H0407_D6_282C10p_att00_Rq0_01477,2021-10-17 21:16:20,870934,28.25,,
H0407_D6_282C10p_att00_Rq0,H0407_D6_282C10p_att00_Rq0_01478,2021-10-17 21:16:26,872132,28.25,,
H0407_D6_282C10p_att00_Rq0,H0407_D6_282C10p_att00_Rq0_01479,2021-10-17 21:16:31,867438,28.25,,
H0407_D6_282C10p_att00_Rq0,H0407_D6_282C10p_att00_Rq0_01480,2021-10-17 21:16:37,870653,28.25,,
H0407_D6_282C10p_att00_Rq0,H0407_D6_282C10p_att00_Rq0_01481,2021-10-17 21:16:44,869315,28.25,,
H0407_D6_282C10p_att00_Rq0,H0407_D6_282C10p_att00_Rq0_01482,2021-10-17 21:16:50,873915,28.25,,
H0407_D6_282C10p_att00_Rq0,H0407_D6_282C10p_att00_Rq0_01483,2021-10-17 21:16:55,873713,28.25,,
H0407_D6_282C10p_att00_Rq0,H0407_D6_282C10p_att00_Rq0_01484,2021-10-17 21:17:01,869649,28.25,,
H0407_D6_282C10p_att00_Rq0,H0407_D6_282C10p_att00_Rq0_01485,2021-10-17 21:17:07,872710,28.25,,
H0407_D6_282C10p_att00_Rq0,H0407_D6_282C10p_att00_Rq0_01486,2021-10-17 21:17:12,870144,28.25,,
H0407_D6_282C10p_att00_Rq0,H0407_D6_282C10p_att00_Rq0_01487,2021-10-17 21:17:19,883390,28.25,,
H0407_D6_282C10p_att00_Rq0,H0407_D6_282C10p_att00_Rq0_01488,2021-10-17 21:17:25,881051,28.25,,
H0407_D6_282C10p_att00_Rq0,H0407_D6_282C10p_att00_Rq0_01489,2021-10-17 21:17:30,868630,28.25,,
H0407_D6_282C10p_att00_Rq0,H0407_D6_282C10p_att00_Rq0_01490,2021-10-17 21:17:36,873284,28.25,,
H0407_D6_282C10p_att00_Rq0,H0407_D6_282C10p_att00_Rq0_01491,2021-10-17 21:17:42,884085,28.25,,
H0407_D6_282C10p_att00_Rq0,H0407_D6_282C10p_att00_Rq0_01492,2021-10-17 21:17:48,872552,28.25,,
H0407_D6_282C10p_att00_Rq0,H0407_D6_282C10p_att00_Rq0_01493,2021-10-17 21:17:53,868863,28.25,,
H0407_D6_282C10p_att00_Rq0,H0407_D6_282C10p_att00_Rq0_01494,2021-10-17 21:17:59,869386,28.25,,
H0407_D6_282C10p_att00_Rq0,H0407_D6_282C10p_att00_Rq0_01495,2021-10-17 21:18:05,868113,28.25,,
H0407_D6_282C10p_att00_Rq0,H0407_D6_282C10p_att00_Rq0_01496,2021-10-17 21:18:10,871138,28.25,,
H0407_D6_282C10p_att00_Rq0,H0407_D6_282C10p_att00_Rq0_01497,2021-10-17 21:18:16,869519,28.25,,
H0407_D6_282C10p_att00_Rq0,H0407_D6_282C10p_att00_Rq0_01498,2021-10-17 21:18:22,883837,28.25,,
H0407_D6_282C10p_att00_Rq0,H0407_D6_282C10p_att00_Rq0_01499,2021-10-17 21:18:27,867734,28.25,,
H0407_D6_282C10p_att00_Rq0,H0407_D6_282C10p_att00_Rq0_01500,2021-10-17 21:18:33,880819,28.25,,
H0407_D6_282C10p_att00_Rq0,H0407_D6_282C10p_att00_Rq0_01501,2021-10-17 21:18:41,870498,28.25,,
H0407_D6_282C10p_att00_Rq0,H0407_D6_282C10p_att00_Rq0_01502,2021-10-17 21:18:47,872418,28.25,,
H0407_D6_282C10p_att00_Rq0,H0407_D6_282C10p_att00_Rq0_01503,2021-10-17 21:18:52,873805,28.25,,
H0407_D6_282C10p_att00_Rq0,H0407_D6_282C10p_att00_Rq0_01504,2021-10-17 21:18:59,874427,28.25,,
H0407_D6_282C10p_att00_Rq0,H0407_D6_282C10p_att00_Rq0_01505,2021-10-17 21:19:05,875027,28.25,,
H0407_D6_282C10p_att00_Rq0,H0407_D6_282C10p_att00_Rq0_01506,2021-10-17 21:19:11,866050,28.25,,
H0407_D6_282C10p_att00_Rq0,H0407_D6_282C10p_att00_Rq0_01507,2021-10-17 21:19:16,930114,28.25,,
H0407_D6_282C10p_att00_Rq0,H0407_D6_282C10p_att00_Rq0_01508,2021-10-17 21:19:22,882292,28.25,,
H0407_D6_282C10p_att00_Rq0,H0407_D6_282C10p_att00_Rq0_01509,2021-10-17 21:19:28,872035,28.25,,
H0407_D6_282C10p_att00_Rq0,H0407_D6_282C10p_att00_Rq0_01510,2021-10-17 21:19:34,868335,28.25,,
H0407_D6_282C10p_att00_Rq0,H0407_D6_282C10p_att00_Rq0_01511,2021-10-17 21:19:39,871957,28.25,,
H0407_D6_282C10p_att00_Rq0,H0407_D6_282C10p_att00_Rq0_01512,2021-10-17 21:19:45,883683,28.25,,
H0407_D6_282C10p_att00_Rq0,H0407_D6_282C10p_att00_Rq0_01513,2021-10-17 21:19:51,871498,28.25,,
H0407_D6_282C10p_att00_Rq0,H0407_D6_282C10p_att00_Rq0_01514,2021-10-17 21:19:56,871460,28.25,,
H0407_D6_282C10p_att00_Rq0,H0407_D6_282C10p_att00_Rq0_01515,2021-10-17 21:20:02,871704,28.25,,
H0407_D6_282C10p_att00_Rq0,H0407_D6_282C10p_att00_Rq0_01516,2021-10-17 21:20:08,880100,28.25,,
H0407_D6_282C10p_att00_Rq0,H0407_D6_282C10p_att00_Rq0_01517,2021-10-17 21:20:13,870819,28.25,,
H0407_D6_282C10p_att00_Rq0,H0407_D6_282C10p_att00_Rq0_01518,2021-10-17 21:20:19,870500,28.25,,
H0407_D6_282C10p_att00_Rq0,H0407_D6_282C10p_att00_Rq0_01519,2021-10-17 21:20:25,871951,28.25,,
H0407_D6_282C10p_att00_Rq0,H0407_D6_282C10p_att00_Rq0_01520,2021-10-17 21:20:30,943174,28.25,,
H0407_D6_282C10p_att00_Rq0,H0407_D6_282C10p_att00_Rq0_01521,2021-10-17 21:20:38,875351,28.25,,
H0407_D6_282C10p_att00_Rq0,H0407_D6_282C10p_att00_Rq0_01522,2021-10-17 21:20:44,871309,28.25,,
H0407_D6_282C10p_att00_Rq0,H0407_D6_282C10p_att00_Rq0_01523,2021-10-17 21:20:50,873057,28.25,,
H0407_D6_282C10p_att00_Rq0,H0407_D6_282C10p_att00_Rq0_01524,2021-10-17 21:20:55,873731,28.25,,
H0407_D6_282C10p_att00_Rq0,H0407_D6_282C10p_att00_Rq0_01525,2021-10-17 21:21:01,870442,28.25,,
H0407_D6_282C10p_att00_Rq0,H0407_D6_282C10p_att00_Rq0_01526,2021-10-17 21:21:11,869862,28.25,,
H0407_D6_282C10p_att00_Rq0,H0407_D6_282C10p_att00_Rq0_01527,2021-10-17 21:21:16,930987,28.25,,
H0407_D6_282C10p_att00_Rq0,H0407_D6_282C10p_att00_Rq0_01528,2021-10-17 21:21:22,872710,28.25,,
H0407_D6_282C10p_att00_Rq0,H0407_D6_282C10p_att00_Rq0_01529,2021-10-17 21:21:28,872824,28.25,,
H0407_D6_282C10p_att00_Rq0,H0407_D6_282C10p_att00_Rq0_01530,2021-10-17 21:21:34,871736,28.25,,
H0407_D6_282C10p_att00_Rq0,H0407_D6_282C10p_att00_Rq0_01531,2021-10-17 21:21:39,882046,28.25,,
H0407_D6_282C10p_att00_Rq0,H0407_D6_282C10p_att00_Rq0_01532,2021-10-17 21:21:45,874408,28.25,,
H0407_D6_282C10p_att00_Rq0,H0407_D6_282C10p_att00_Rq0_01533,2021-10-17 21:21:51,1136945,28.25,,
H0407_D6_282C10p_att00_Rq0,H0407_D6_282C10p_att00_Rq0_01534,2021-10-17 21:21:57,881956,28.25,,
H0407_D6_282C10p_att00_Rq0,H0407_D6_282C10p_att00_Rq0_01535,2021-10-17 21:22:03,868456,28.25,,
H0407_D6_282C10p_att00_Rq0,H0407_D6_282C10p_att00_Rq0_01536,2021-10-17 21:22:09,870560,28.25,,
H0407_D6_282C10p_att00_Rq0,H0407_D6_282C10p_att00_Rq0_01537,2021-10-17 21:22:14,868775,28.25,,
H0407_D6_282C10p_att00_Rq0,H0407_D6_282C10p_att00_Rq0_01538,2021-10-17 21:22:20,867786,28.25,,
H0407_D6_282C10p_att00_Rq0,H0407_D6_282C10p_att00_Rq0_01539,2021-10-17 21:22:25,870957,28.25,,
H0407_D6_282C10p_att00_Rq0,H0407_D6_282C10p_att00_Rq0_01540,2021-10-17 21:22:31,873723,28.25,,
H0407_D6_282C10p_att00_Rq0,H0407_D6_282C10p_att00_Rq0_01541,2021-10-17 21:22:39,875349,28.25,,
H0407_D6_282C10p_att00_Rq0,H0407_D6_282C10p_att00_Rq0_01542,2021-10-17 21:22:45,871953,28.25,,
H0407_D6_282C10p_att00_Rq0,H0407_D6_282C10p_att00_Rq0_01543,2021-10-17 21:22:54,876817,28.25,,
H0407_D6_282C10p_att00_Rq0,H0407_D6_282C10p_att00_Rq0_01544,2021-10-17 21:23:00,873977,28.25,,
H0407_D6_282C10p_att00_Rq0,H0407_D6_282C10p_att00_Rq0_01545,2021-10-17 21:23:05,877890,28.25,,
H0407_D6_282C10p_att00_Rq0,H0407_D6_282C10p_att00_Rq0_01546,2021-10-17 21:23:11,869820,28.25,,
H0407_D6_282C10p_att00_Rq0,H0407_D6_282C10p_att00_Rq0_01547,2021-10-17 21:23:17,869726,28.25,,
H0407_D6_282C10p_att00_Rq0,H0407_D6_282C10p_att00_Rq0_01548,2021-10-17 21:23:22,873156,28.25,,
H0407_D6_282C10p_att00_Rq0,H0407_D6_282C10p_att00_Rq0_01549,2021-10-17 21:23:28,879056,28.25,,
H0407_D6_282C10p_att00_Rq0,H0407_D6_282C10p_att00_Rq0_01550,2021-10-17 21:23:34,873268,28.25,,
H0407_D6_282C10p_att00_Rq0,H0407_D6_282C10p_att00_Rq0_01551,2021-10-17 21:23:39,873188,28.25,,
H0407_D6_282C10p_att00_Rq0,H0407_D6_282C10p_att00_Rq0_01552,2021-10-17 21:23:45,872507,28.25,,
H0407_D6_282C10p_att00_Rq0,H0407_D6_282C10p_att00_Rq0_01553,2021-10-17 21:23:50,877303,28.25,,
H0407_D6_282C10p_att00_Rq0,H0407_D6_282C10p_att00_Rq0_01554,2021-10-17 21:23:56,877127,28.25,,
H0407_D6_282C10p_att00_Rq0,H0407_D6_282C10p_att00_Rq0_01555,2021-10-17 21:24:01,871883,28.25,,
H0407_D6_282C10p_att00_Rq0,H0407_D6_282C10p_att00_Rq0_01556,2021-10-17 21:24:08,868909,28.25,,
H0407_D6_282C10p_att00_Rq0,H0407_D6_282C10p_att00_Rq0_01557,2021-10-17 21:24:14,868954,28.25,,
H0407_D6_282C10p_att00_Rq0,H0407_D6_282C10p_att00_Rq0_01558,2021-10-17 21:24:19,881356,28.25,,
H0407_D6_282C10p_att00_Rq0,H0407_D6_282C10p_att00_Rq0_01559,2021-10-17 21:24:25,1188871,28.25,,
H0407_D6_282C10p_att00_Rq0,H0407_D6_282C10p_att00_Rq0_01560,2021-10-17 21:24:31,868952,28.25,,
H0407_D6_282C10p_att00_Rq0,H0407_D6_282C10p_att00_Rq0_01561,2021-10-17 21:24:39,870618,28.25,,
H0407_D6_282C10p_att00_Rq0,H0407_D6_282C10p_att00_Rq0_01562,2021-10-17 21:24:45,874751,28.25,,
H0407_D6_282C10p_att00_Rq0,H0407_D6_282C10p_att00_Rq0_01563,2021-10-17 21:24:50,918396,28.25,,
H0407_D6_282C10p_att00_Rq0,H0407_D6_282C10p_att00_Rq0_01564,2021-10-17 21:24:56,874011,28.25,,
H0407_D6_282C10p_att00_Rq0,H0407_D6_282C10p_att00_Rq0_01565,2021-10-17 21:25:02,872909,28.25,,
H0407_D6_282C10p_att00_Rq0,H0407_D6_282C10p_att00_Rq0_01566,2021-10-17 21:25:08,877269,28.25,,
H0407_D6_282C10p_att00_Rq0,H0407_D6_282C10p_att00_Rq0_01567,2021-10-17 21:25:13,873989,28.25,,
H0407_D6_282C10p_att00_Rq0,H0407_D6_282C10p_att00_Rq0_01568,2021-10-17 21:25:19,873433,28.25,,
H0407_D6_282C10p_att00_Rq0,H0407_D6_282C10p_att00_Rq0_01569,2021-10-17 21:25:24,873731,28.25,,
H0407_D6_282C10p_att00_Rq0,H0407_D6_282C10p_att00_Rq0_01570,2021-10-17 21:25:30,870729,28.25,,
H0407_D6_282C10p_att00_Rq0,H0407_D6_282C10p_att00_Rq0_01571,2021-10-17 21:25:36,869076,28.25,,
H0407_D6_282C10p_att00_Rq0,H0407_D6_282C10p_att00_Rq0_01572,2021-10-17 21:25:41,868772,28.25,,
H0407_D6_282C10p_att00_Rq0,H0407_D6_282C10p_att00_Rq0_01573,2021-10-17 21:25:47,873254,28.25,,
H0407_D6_282C10p_att00_Rq0,H0407_D6_282C10p_att00_Rq0_01574,2021-10-17 21:25:53,881998,28.25,,
H0407_D6_282C10p_att00_Rq0,H0407_D6_282C10p_att00_Rq0_01575,2021-10-17 21:25:58,872890,28.25,,
H0407_D6_282C10p_att00_Rq0,H0407_D6_282C10p_att00_Rq0_01576,2021-10-17 21:26:04,873711,28.25,,
H0407_D6_282C10p_att00_Rq0,H0407_D6_282C10p_att00_Rq0_01577,2021-10-17 21:26:10,868734,28.25,,
H0407_D6_282C10p_att00_Rq0,H0407_D6_282C10p_att00_Rq0_01578,2021-10-17 21:26:20,872379,28.25,,
H0407_D6_282C10p_att00_Rq0,H0407_D6_282C10p_att00_Rq0_01579,2021-10-17 21:26:26,869004,28.25,,
H0407_D6_282C10p_att00_Rq0,H0407_D6_282C10p_att00_Rq0_01580,2021-10-17 21:26:32,868584,28.25,,
H0407_D6_282C10p_att00_Rq0,H0407_D6_282C10p_att00_Rq0_01581,2021-10-17 21:26:41,870189,28.25,,
H0407_D6_282C10p_att00_Rq0,H0407_D6_282C10p_att00_Rq0_01582,2021-10-17 21:26:47,868666,28.25,,
H0407_D6_282C10p_att00_Rq0,H0407_D6_282C10p_att00_Rq0_01583,2021-10-17 21:26:53,877811,28.25,,
H0407_D6_282C10p_att00_Rq0,H0407_D6_282C10p_att00_Rq0_01584,2021-10-17 21:26:58,875150,28.25,,
H0407_D6_282C10p_att00_Rq0,H0407_D6_282C10p_att00_Rq0_01585,2021-10-17 21:27:04,875389,28.25,,
H0407_D6_282C10p_att00_Rq0,H0407_D6_282C10p_att00_Rq0_01586,2021-10-17 21:27:10,870507,28.25,,
H0407_D6_282C10p_att00_Rq0,H0407_D6_282C10p_att00_Rq0_01587,2021-10-17 21:27:15,877981,28.25,,
H0407_D6_282C10p_att00_Rq0,H0407_D6_282C10p_att00_Rq0_01588,2021-10-17 21:27:21,873873,28.25,,
H0407_D6_282C10p_att00_Rq0,H0407_D6_282C10p_att00_Rq0_01589,2021-10-17 21:27:27,870779,28.25,,
H0407_D6_282C10p_att00_Rq0,H0407_D6_282C10p_att00_Rq0_01590,2021-10-17 21:27:32,879363,28.25,,
H0407_D6_282C10p_att00_Rq0,H0407_D6_282C10p_att00_Rq0_01591,2021-10-17 21:27:38,873989,28.25,,
H0407_D6_282C10p_att00_Rq0,H0407_D6_282C10p_att00_Rq0_01592,2021-10-17 21:27:43,868137,28.25,,
H0407_D6_282C10p_att00_Rq0,H0407_D6_282C10p_att00_Rq0_01593,2021-10-17 21:27:49,877446,28.25,,
H0407_D6_282C10p_att00_Rq0,H0407_D6_282C10p_att00_Rq0_01594,2021-10-17 21:27:55,869068,28.25,,
H0407_D6_282C10p_att00_Rq0,H0407_D6_282C10p_att00_Rq0_01595,2021-10-17 21:28:00,872533,28.25,,
H0407_D6_282C10p_att00_Rq0,H0407_D6_282C10p_att00_Rq0_01596,2021-10-17 21:28:06,872658,28.25,,
H0407_D6_282C10p_att00_Rq0,H0407_D6_282C10p_att00_Rq0_01597,2021-10-17 21:28:11,872486,28.25,,
H0407_D6_282C10p_att00_Rq0,H0407_D6_282C10p_att00_Rq0_01598,2021-10-17 21:28:17,871030,28.25,,
H0407_D6_282C10p_att00_Rq0,H0407_D6_282C10p_att00_Rq0_01599,2021-10-17 21:28:23,880085,28.25,,
H0407_D6_282C10p_att00_Rq0,H0407_D6_282C10p_att00_Rq0_01600,2021-10-17 21:28:28,871165,28.25,,
H0407_D6_282C10p_att00_Rq0,H0407_D6_282C10p_att00_Rq0_01601,2021-10-17 21:28:36,871743,28.25,,
H0407_D6_282C10p_att00_Rq0,H0407_D6_282C10p_att00_Rq0_01602,2021-10-17 21:28:42,868485,28.25,,
H0407_D6_282C10p_att00_Rq0,H0407_D6_282C10p_att00_Rq0_01603,2021-10-17 21:28:47,866084,28.25,,
H0407_D6_282C10p_att00_Rq0,H0407_D6_282C10p_att00_Rq0_01604,2021-10-17 21:28:53,1120691,28.25,,
H0407_D6_282C10p_att00_Rq0,H0407_D6_282C10p_att00_Rq0_01605,2021-10-17 21:28:59,873146,28.25,,
H0407_D6_282C10p_att00_Rq0,H0407_D6_282C10p_att00_Rq0_01606,2021-10-17 21:29:05,871640,28.25,,
H0407_D6_282C10p_att00_Rq0,H0407_D6_282C10p_att00_Rq0_01607,2021-10-17 21:29:10,872070,28.25,,
H0407_D6_282C10p_att00_Rq0,H0407_D6_282C10p_att00_Rq0_01608,2021-10-17 21:29:16,874942,28.25,,
H0407_D6_282C10p_att00_Rq0,H0407_D6_282C10p_att00_Rq0_01609,2021-10-17 21:29:21,871245,28.25,,
H0407_D6_282C10p_att00_Rq0,H0407_D6_282C10p_att00_Rq0_01610,2021-10-17 21:29:27,871624,28.25,,
H0407_D6_282C10p_att00_Rq0,H0407_D6_282C10p_att00_Rq0_01611,2021-10-17 21:29:33,867054,28.25,,
H0407_D6_282C10p_att00_Rq0,H0407_D6_282C10p_att00_Rq0_01612,2021-10-17 21:29:38,870686,28.25,,
H0407_D6_282C10p_att00_Rq0,H0407_D6_282C10p_att00_Rq0_01613,2021-10-17 21:29:44,866824,28.25,,
H0407_D6_282C10p_att00_Rq0,H0407_D6_282C10p_att00_Rq0_01614,2021-10-17 21:29:50,870160,28.25,,
H0407_D6_282C10p_att00_Rq0,H0407_D6_282C10p_att00_Rq0_01615,2021-10-17 21:29:56,870977,28.25,,
H0407_D6_282C10p_att00_Rq0,H0407_D6_282C10p_att00_Rq0_01616,2021-10-17 21:30:01,871352,28.25,,
H0407_D6_282C10p_att00_Rq0,H0407_D6_282C10p_att00_Rq0_01617,2021-10-17 21:30:07,871537,28.25,,
H0407_D6_282C10p_att00_Rq0,H0407_D6_282C10p_att00_Rq0_01618,2021-10-17 21:30:13,879125,28.25,,
H0407_D6_282C10p_att00_Rq0,H0407_D6_282C10p_att00_Rq0_01619,2021-10-17 21:30:18,870105,28.25,,
H0407_D6_282C10p_att00_Rq0,H0407_D6_282C10p_att00_Rq0_01620,2021-10-17 21:30:24,869879,28.25,,
H0407_D6_282C10p_att00_Rq0,H0407_D6_282C10p_att00_Rq0_01621,2021-10-17 21:30:31,873530,28.25,,
H0407_D6_282C10p_att00_Rq0,H0407_D6_282C10p_att00_Rq0_01622,2021-10-17 21:30:37,874058,28.25,,
H0407_D6_282C10p_att00_Rq0,H0407_D6_282C10p_att00_Rq0_01623,2021-10-17 21:30:43,864822,28.25,,
H0407_D6_282C10p_att00_Rq0,H0407_D6_282C10p_att00_Rq0_01624,2021-10-17 21:30:48,871954,28.25,,
H0407_D6_282C10p_att00_Rq0,H0407_D6_282C10p_att00_Rq0_01625,2021-10-17 21:30:54,867935,28.25,,
H0407_D6_282C10p_att00_Rq0,H0407_D6_282C10p_att00_Rq0_01626,2021-10-17 21:30:59,873567,28.25,,
H0407_D6_282C10p_att00_Rq0,H0407_D6_282C10p_att00_Rq0_01627,2021-10-17 21:31:05,876164,28.25,,
H0407_D6_282C10p_att00_Rq0,H0407_D6_282C10p_att00_Rq0_01628,2021-10-17 21:31:11,871379,28.25,,
H0407_D6_282C10p_att00_Rq0,H0407_D6_282C10p_att00_Rq0_01629,,,,,"metadata read failed: ""Unable to synchronously open object (object 'detector' doesn't exist)"""
H0407_D6_282C10p_att00_Rq0,H0407_D6_282C10p_att00_Rq0_01630,2021-10-17 21:31:22,872072,28.25,,
H0407_D6_282C10p_att00_Rq0,H0407_D6_282C10p_att00_Rq0_01631,2021-10-17 21:31:27,875628,28.25,,
H0407_D6_282C10p_att00_Rq0,H0407_D6_282C10p_att00_Rq0_01632,2021-10-17 21:31:33,868553,28.25,,
H0407_D6_282C10p_att00_Rq0,H0407_D6_282C10p_att00_Rq0_01633,2021-10-17 21:31:39,871369,28.25,,
H0407_D6_282C10p_att00_Rq0,H0407_D6_282C10p_att00_Rq0_01634,2021-10-17 21:31:44,879864,28.25,,
H0407_D6_282C10p_att00_Rq0,H0407_D6_282C10p_att00_Rq0_01635,2021-10-17 21:31:50,870270,28.25,,
H0407_D6_282C10p_att00_Rq0,H0407_D6_282C10p_att00_Rq0_01636,2021-10-17 21:31:55,871912,28.25,,
H0407_D6_282C10p_att00_Rq0,H0407_D6_282C10p_att00_Rq0_01637,2021-10-17 21:32:01,870077,28.25,,
H0407_D6_282C10p_att00_Rq0,H0407_D6_282C10p_att00_Rq0_01638,2021-10-17 21:32:07,870418,28.25,,
H0407_D6_282C10p_att00_Rq0,H0407_D6_282C10p_att00_Rq0_01639,2021-10-17 21:32:12,870532,28.25,,
H0407_D6_282C10p_att00_Rq0,H0407_D6_282C10p_att00_Rq0_01640,2021-10-17 21:32:18,870594,28.25,,
H0407_D6_282C10p_att00_Rq0,H0407_D6_282C10p_att00_Rq0_01641,2021-10-17 21:32:26,866661,28.25,,
H0407_D6_282C10p_att00_Rq0,H0407_D6_282C10p_att00_Rq0_01642,2021-10-17 21:32:31,872151,28.25,,
H0407_D6_282C10p_att00_Rq0,H0407_D6_282C10p_att00_Rq0_01643,2021-10-17 21:32:37,878876,28.25,,
H0407_D6_282C10p_att00_Rq0,H0407_D6_282C10p_att00_Rq0_01644,2021-10-17 21:32:43,871781,28.25,,
H0407_D6_282C10p_att00_Rq0,H0407_D6_282C10p_att00_Rq0_01645,2021-10-17 21:32:48,873810,28.25,,
H0407_D6_282C10p_att00_Rq0,H0407_D6_282C10p_att00_Rq0_01646,2021-10-17 21:32:54,876798,28.25,,
H0407_D6_282C10p_att00_Rq0,H0407_D6_282C10p_att00_Rq0_01647,2021-10-17 21:32:59,869951,28.25,,
H0407_D6_282C10p_att00_Rq0,H0407_D6_282C10p_att00_Rq0_01648,2021-10-17 21:33:07,910394,28.25,,
H0407_D6_282C10p_att00_Rq0,H0407_D6_282C10p_att00_Rq0_01649,2021-10-17 21:33:13,869541,28.25,,
H0407_D6_282C10p_att00_Rq0,H0407_D6_282C10p_att00_Rq0_01650,2021-10-17 21:33:18,869374,28.25,,
H0407_D6_282C10p_att00_Rq0,H0407_D6_282C10p_att00_Rq0_01651,2021-10-17 21:33:24,873895,28.25,,
H0407_D6_282C10p_att00_Rq0,H0407_D6_282C10p_att00_Rq0_01652,2021-10-17 21:33:29,870252,28.25,,
H0407_D6_282C10p_att00_Rq0,H0407_D6_282C10p_att00_Rq0_01653,2021-10-17 21:33:35,871911,28.25,,
H0407_D6_282C10p_att00_Rq0,H0407_D6_282C10p_att00_Rq0_01654,2021-10-17 21:33:41,871181,28.25,,
H0407_D6_282C10p_att00_Rq0,H0407_D6_282C10p_att00_Rq0_01655,2021-10-17 21:33:46,871173,28.25,,
H0407_D6_282C10p_att00_Rq0,H0407_D6_282C10p_att00_Rq0_01656,2021-10-17 21:33:52,1008492,28.25,,
H0407_D6_282C10p_att00_Rq0,H0407_D6_282C10p_att00_Rq0_01657,2021-10-17 21:33:58,878134,28.25,,
H0407_D6_282C10p_att00_Rq0,H0407_D6_282C10p_att00_Rq0_01658,2021-10-17 21:34:03,870187,28.25,,
H0407_D6_282C10p_att00_Rq0,H0407_D6_282C10p_att00_Rq0_01659,2021-10-17 21:34:09,871542,28.25,,
H0407_D6_282C10p_att00_Rq0,H0407_D6_282C10p_att00_Rq0_01660,2021-10-17 21:34:15,870862,28.25,,
H0407_D6_282C10p_att00_Rq0,H0407_D6_282C10p_att00_Rq0_01661,2021-10-17 21:34:24,866151,28.25,,
H0407_D6_282C10p_att00_Rq0,H0407_D6_282C10p_att00_Rq0_01662,2021-10-17 21:34:30,870079,28.25,,
H0407_D6_282C10p_att00_Rq0,H0407_D6_282C10p_att00_Rq0_01663,2021-10-17 21:34:36,869595,28.25,,
H0407_D6_282C10p_att00_Rq0,H0407_D6_282C10p_att00_Rq0_01664,2021-10-17 21:34:41,872363,28.25,,
H0407_D6_282C10p_att00_Rq0,H0407_D6_282C10p_att00_Rq0_01665,2021-10-17 21:34:47,872981,28.25,,
H0407_D6_282C10p_att00_Rq0,H0407_D6_282C10p_att00_Rq0_01666,2021-10-17 21:34:53,871804,28.25,,
H0407_D6_282C10p_att00_Rq0,H0407_D6_282C10p_att00_Rq0_01667,2021-10-17 21:34:58,869066,28.25,,
H0407_D6_282C10p_att00_Rq0,H0407_D6_282C10p_att00_Rq0_01668,2021-10-17 21:35:04,871973,28.25,,
H0407_D6_282C10p_att00_Rq0,H0407_D6_282C10p_att00_Rq0_01669,2021-10-17 21:35:09,876180,28.25,,
H0407_D6_282C10p_att00_Rq0,H0407_D6_282C10p_att00_Rq0_01670,2021-10-17 21:35:15,880570,28.25,,
H0407_D6_282C10p_att00_Rq0,H0407_D6_282C10p_att00_Rq0_01671,2021-10-17 21:35:21,879511,28.25,,
H0407_D6_282C10p_att00_Rq0,H0407_D6_282C10p_att00_Rq0_01672,2021-10-17 21:35:26,870856,28.25,,
H0407_D6_282C10p_att00_Rq0,H0407_D6_282C10p_att00_Rq0_01673,2021-10-17 21:35:32,883174,28.25,,
H0407_D6_282C10p_att00_Rq0,H0407_D6_282C10p_att00_Rq0_01674,2021-10-17 21:35:38,871750,28.25,,
H0407_D6_282C10p_att00_Rq0,H0407_D6_282C10p_att00_Rq0_01675,2021-10-17 21:35:43,878244,28.25,,
H0407_D6_282C10p_att00_Rq0,H0407_D6_282C10p_att00_Rq0_01676,2021-10-17 21:35:49,879377,28.25,,
H0407_D6_282C10p_att00_Rq0,H0407_D6_282C10p_att00_Rq0_01677,2021-10-17 21:35:54,871444,28.25,,
H0407_D6_282C10p_att00_Rq0,H0407_D6_282C10p_att00_Rq0_01678,2021-10-17 21:36:04,871535,28.25,,
H0407_D6_282C10p_att00_Rq0,H0407_D6_282C10p_att00_Rq0_01679,2021-10-17 21:36:10,871628,28.25,,
H0407_D6_282C10p_att00_Rq0,H0407_D6_282C10p_att00_Rq0_01680,2021-10-17 21:36:15,874831,28.25,,
H0407_D6_282C10p_att00_Rq0,H0407_D6_282C10p_att00_Rq0_01681,2021-10-17 21:36:23,875815,28.25,,
H0407_D6_282C10p_att00_Rq0,H0407_D6_282C10p_att00_Rq0_01682,2021-10-17 21:36:29,870607,28.25,,
H0407_D6_282C10p_att00_Rq0,H0407_D6_282C10p_att00_Rq0_01683,2021-10-17 21:36:34,866824,28.25,,
H0407_D6_282C10p_att00_Rq0,H0407_D6_282C10p_att00_Rq0_01684,2021-10-17 21:36:40,871027,28.25,,
H0407_D6_282C10p_att00_Rq0,H0407_D6_282C10p_att00_Rq0_01685,2021-10-17 21:36:46,874766,28.25,,
H0407_D6_282C10p_att00_Rq0,H0407_D6_282C10p_att00_Rq0_01686,2021-10-17 21:36:51,877165,28.25,,
H0407_D6_282C10p_att00_Rq0,H0407_D6_282C10p_att00_Rq0_01687,2021-10-17 21:36:57,873042,28.25,,
H0407_D6_282C10p_att00_Rq0,H0407_D6_282C10p_att00_Rq0_01688,2021-10-17 21:37:03,872779,28.25,,
H0407_D6_282C10p_att00_Rq0,H0407_D6_282C10p_att00_Rq0_01689,2021-10-17 21:37:08,877003,28.25,,
H0407_D6_282C10p_att00_Rq0,H0407_D6_282C10p_att00_Rq0_01690,2021-10-17 21:37:14,876889,28.25,,
H0407_D6_282C10p_att00_Rq0,H0407_D6_282C10p_att00_Rq0_01691,2021-10-17 21:37:20,872496,28.25,,
H0407_D6_282C10p_att00_Rq0,H0407_D6_282C10p_att00_Rq0_01692,2021-10-17 21:37:25,878232,28.25,,
H0407_D6_282C10p_att00_Rq0,H0407_D6_282C10p_att00_Rq0_01693,2021-10-17 21:37:31,881117,28.25,,
H0407_D6_282C10p_att00_Rq0,H0407_D6_282C10p_att00_Rq0_01694,2021-10-17 21:37:36,873149,28.25,,
H0407_D6_282C10p_att00_Rq0,H0407_D6_282C10p_att00_Rq0_01695,2021-10-17 21:37:42,876350,28.25,,
H0407_D6_282C10p_att00_Rq0,H0407_D6_282C10p_att00_Rq0_01696,2021-10-17 21:37:48,876931,28.25,,
H0407_D6_282C10p_att00_Rq0,H0407_D6_282C10p_att00_Rq0_01697,2021-10-17 21:37:53,872729,28.25,,
H0407_D6_282C10p_att00_Rq0,H0407_D6_282C10p_att00_Rq0_01698,2021-10-17 21:37:59,872852,28.25,,
H0407_D6_282C10p_att00_Rq0,H0407_D6_282C10p_att00_Rq0_01699,2021-10-17 21:38:04,873065,28.25,,
H0407_D6_282C10p_att00_Rq0,H0407_D6_282C10p_att00_Rq0_01700,2021-10-17 21:38:10,873125,28.25,,
H0407_D6_282C10p_att00_Rq0,H0407_D6_282C10p_att00_Rq0_01701,2021-10-17 21:38:18,877684,28.25,,
H0407_D6_282C10p_att00_Rq0,H0407_D6_282C10p_att00_Rq0_01702,2021-10-17 21:38:23,875179,28.25,,
H0407_D6_282C10p_att00_Rq0,H0407_D6_282C10p_att00_Rq0_01703,2021-10-17 21:38:29,867906,28.25,,
H0407_D6_282C10p_att00_Rq0,H0407_D6_282C10p_att00_Rq0_01704,2021-10-17 21:38:35,875130,28.25,,
H0407_D6_282C10p_att00_Rq0,H0407_D6_282C10p_att00_Rq0_01705,2021-10-17 21:38:40,871708,28.25,,
H0407_D6_282C10p_att00_Rq0,H0407_D6_282C10p_att00_Rq0_01706,2021-10-17 21:38:46,873766,28.25,,
H0407_D6_282C10p_att00_Rq0,H0407_D6_282C10p_att00_Rq0_01707,2021-10-17 21:38:51,873848,28.25,,
H0407_D6_282C10p_att00_Rq0,H0407_D6_282C10p_att00_Rq0_01708,2021-10-17 21:38:57,871162,28.25,,
H0407_D6_282C10p_att00_Rq0,H0407_D6_282C10p_att00_Rq0_01709,2021-10-17 21:39:03,874928,28.25,,
H0407_D6_282C10p_att00_Rq0,H0407_D6_282C10p_att00_Rq0_01710,2021-10-17 21:39:08,874945,28.25,,
H0407_D6_282C10p_att00_Rq0,H0407_D6_282C10p_att00_Rq0_01711,2021-10-17 21:39:14,874044,28.25,,
H0407_D6_282C10p_att00_Rq0,H0407_D6_282C10p_att00_Rq0_01712,2021-10-17 21:39:23,873888,28.25,,
H0407_D6_282C10p_att00_Rq0,H0407_D6_282C10p_att00_Rq0_01713,2021-10-17 21:39:29,881188,28.25,,
H0407_D6_282C10p_att00_Rq0,H0407_D6_282C10p_att00_Rq0_01714,2021-10-17 21:39:34,874891,28.25,,
H0407_D6_282C10p_att00_Rq0,H0407_D6_282C10p_att00_Rq0_01715,2021-10-17 21:39:40,870044,28.25,,
H0407_D6_282C10p_att00_Rq0,H0407_D6_282C10p_att00_Rq0_01716,2021-10-17 21:39:47,876700,28.25,,
H0407_D6_282C10p_att00_Rq0,H0407_D6_282C10p_att00_Rq0_01717,2021-10-17 21:39:52,873568,28.25,,
H0407_D6_282C10p_att00_Rq0,H0407_D6_282C10p_att00_Rq0_01718,2021-10-17 21:39:58,874210,28.25,,
H0407_D6_282C10p_att00_Rq0,H0407_D6_282C10p_att00_Rq0_01719,2021-10-17 21:40:04,873161,28.25,,
H0407_D6_282C10p_att00_Rq0,H0407_D6_282C10p_att00_Rq0_01720,2021-10-17 21:40:10,873151,28.25,,
H0407_D6_282C10p_att00_Rq0,H0407_D6_282C10p_att00_Rq0_01721,2021-10-17 21:40:18,877367,28.25,,
H0407_D6_282C10p_att00_Rq0,H0407_D6_282C10p_att00_Rq0_01722,2021-10-17 21:40:23,875604,28.25,,
H0407_D6_282C10p_att00_Rq0,H0407_D6_282C10p_att00_Rq0_01723,2021-10-17 21:40:29,876884,28.25,,
H0407_D6_282C10p_att00_Rq0,H0407_D6_282C10p_att00_Rq0_01724,2021-10-17 21:40:35,880568,28.25,,
H0407_D6_282C10p_att00_Rq0,H0407_D6_282C10p_att00_Rq0_01725,2021-10-17 21:40:40,872375,28.25,,
H0407_D6_282C10p_att00_Rq0,H0407_D6_282C10p_att00_Rq0_01726,2021-10-17 21:40:46,874426,28.25,,
H0407_D6_282C10p_att00_Rq0,H0407_D6_282C10p_att00_Rq0_01727,2021-10-17 21:40:51,875585,28.25,,
H0407_D6_282C10p_att00_Rq0,H0407_D6_282C10p_att00_Rq0_01728,2021-10-17 21:40:57,876077,28.25,,
H0407_D6_282C10p_att00_Rq0,H0407_D6_282C10p_att00_Rq0_01729,2021-10-17 21:41:03,871155,28.25,,
H0407_D6_282C10p_att00_Rq0,H0407_D6_282C10p_att00_Rq0_01730,2021-10-17 21:41:08,874441,28.25,,
H0407_D6_282C10p_att00_Rq0,H0407_D6_282C10p_att00_Rq0_01731,2021-10-17 21:41:14,874321,28.25,,
H0407_D6_282C10p_att00_Rq0,H0407_D6_282C10p_att00_Rq0_01732,2021-10-17 21:41:20,877603,28.25,,
H0407_D6_282C10p_att00_Rq0,H0407_D6_282C10p_att00_Rq0_01733,2021-10-17 21:41:25,877795,28.25,,
H0407_D6_282C10p_att00_Rq0,H0407_D6_282C10p_att00_Rq0_01734,2021-10-17 21:41:31,881433,28.25,,
H0407_D6_282C10p_att00_Rq0,H0407_D6_282C10p_att00_Rq0_01735,2021-10-17 21:41:36,872567,28.25,,
H0407_D6_282C10p_att00_Rq0,H0407_D6_282C10p_att00_Rq0_01736,2021-10-17 21:41:42,867806,28.25,,
H0407_D6_282C10p_att00_Rq0,H0407_D6_282C10p_att00_Rq0_01737,2021-10-17 21:41:48,873678,28.25,,
H0407_D6_282C10p_att00_Rq0,H0407_D6_282C10p_att00_Rq0_01738,2021-10-17 21:41:53,873240,28.25,,
H0407_D6_282C10p_att00_Rq0,H0407_D6_282C10p_att00_Rq0_01739,2021-10-17 21:41:59,877306,28.25,,
H0407_D6_282C10p_att00_Rq0,H0407_D6_282C10p_att00_Rq0_01740,2021-10-17 21:42:04,871257,28.25,,
H0407_D6_282C10p_att00_Rq0,H0407_D6_282C10p_att00_Rq0_01741,2021-10-17 21:42:12,871639,28.25,,
H0407_D6_282C10p_att00_Rq0,H0407_D6_282C10p_att00_Rq0_01742,2021-10-17 21:42:18,872687,28.25,,
H0407_D6_282C10p_att00_Rq0,H0407_D6_282C10p_att00_Rq0_01743,2021-10-17 21:42:23,868752,28.25,,
H0407_D6_282C10p_att00_Rq0,H0407_D6_282C10p_att00_Rq0_01744,2021-10-17 21:42:29,873146,28.25,,
H0407_D6_282C10p_att00_Rq0,H0407_D6_282C10p_att00_Rq0_01745,2021-10-17 21:42:35,872455,28.25,,
H0407_D6_282C10p_att00_Rq0,H0407_D6_282C10p_att00_Rq0_01746,2021-10-17 21:42:42,872156,28.25,,
H0407_D6_282C10p_att00_Rq0,H0407_D6_282C10p_att00_Rq0_01747,2021-10-17 21:42:48,875115,28.25,,
H0407_D6_282C10p_att00_Rq0,H0407_D6_282C10p_att00_Rq0_01748,2021-10-17 21:42:53,878844,28.25,,
H0407_D6_282C10p_att00_Rq0,H0407_D6_282C10p_att00_Rq0_01749,2021-10-17 21:42:59,882638,28.25,,
H0407_D6_282C10p_att00_Rq0,H0407_D6_282C10p_att00_Rq0_01750,2021-10-17 21:43:05,878414,28.25,,
H0407_D6_282C10p_att00_Rq0,H0407_D6_282C10p_att00_Rq0_01751,2021-10-17 21:43:10,878111,28.25,,
H0407_D6_282C10p_att00_Rq0,H0407_D6_282C10p_att00_Rq0_01752,2021-10-17 21:43:16,878894,28.25,,
H0407_D6_282C10p_att00_Rq0,H0407_D6_282C10p_att00_Rq0_01753,2021-10-17 21:43:21,873508,28.25,,
H0407_D6_282C10p_att00_Rq0,H0407_D6_282C10p_att00_Rq0_01754,2021-10-17 21:43:27,873563,28.25,,
H0407_D6_282C10p_att00_Rq0,H0407_D6_282C10p_att00_Rq0_01755,2021-10-17 21:43:33,874185,28.25,,
H0407_D6_282C10p_att00_Rq0,H0407_D6_282C10p_att00_Rq0_01756,2021-10-17 21:43:39,869148,28.25,,
H0407_D6_282C10p_att00_Rq0,H0407_D6_282C10p_att00_Rq0_01757,2021-10-17 21:43:44,874005,28.25,,
H0407_D6_282C10p_att00_Rq0,H0407_D6_282C10p_att00_Rq0_01758,2021-10-17 21:43:50,873916,28.25,,
H0407_D6_282C10p_att00_Rq0,H0407_D6_282C10p_att00_Rq0_01759,2021-10-17 21:43:55,872340,28.25,,
H0407_D6_282C10p_att00_Rq0,H0407_D6_282C10p_att00_Rq0_01760,2021-10-17 21:44:01,873039,28.25,,
H0407_D6_282C10p_att00_Rq0,H0407_D6_282C10p_att00_Rq0_01761,2021-10-17 21:44:09,874708,28.25,,
H0407_D6_282C10p_att00_Rq0,H0407_D6_282C10p_att00_Rq0_01762,2021-10-17 21:44:15,872664,28.25,,
H0407_D6_282C10p_att00_Rq0,H0407_D6_282C10p_att00_Rq0_01763,2021-10-17 21:44:22,875404,28.25,,
H0407_D6_282C10p_att00_Rq0,H0407_D6_282C10p_att00_Rq0_01764,2021-10-17 21:44:28,873871,28.25,,
H0407_D6_282C10p_att00_Rq0,H0407_D6_282C10p_att00_Rq0_01765,2021-10-17 21:44:33,876134,28.25,,
H0407_D6_282C10p_att00_Rq0,H0407_D6_282C10p_att00_Rq0_01766,2021-10-17 21:44:39,869825,28.25,,
H0407_D6_282C10p_att00_Rq0,H0407_D6_282C10p_att00_Rq0_01767,2021-10-17 21:44:45,875209,28.25,,
H0407_D6_282C10p_att00_Rq0,H0407_D6_282C10p_att00_Rq0_01768,2021-10-17 21:44:50,875473,28.25,,
H0407_D6_282C10p_att00_Rq0,H0407_D6_282C10p_att00_Rq0_01769,2021-10-17 21:44:56,879027,28.25,,
H0407_D6_282C10p_att00_Rq0,H0407_D6_282C10p_att00_Rq0_01770,2021-10-17 21:45:01,924126,28.25,,
H0407_D6_282C10p_att00_Rq0,H0407_D6_282C10p_att00_Rq0_01771,2021-10-17 21:45:07,874855,28.25,,
H0407_D6_282C10p_att00_Rq0,H0407_D6_282C10p_att00_Rq0_01772,2021-10-17 21:45:13,875002,28.25,,
H0407_D6_282C10p_att00_Rq0,H0407_D6_282C10p_att00_Rq0_01773,2021-10-17 21:45:18,874638,28.25,,
H0407_D6_282C10p_att00_Rq0,H0407_D6_282C10p_att00_Rq0_01774,2021-10-17 21:45:24,875052,28.25,,
H0407_D6_282C10p_att00_Rq0,H0407_D6_282C10p_att00_Rq0_01775,2021-10-17 21:45:30,872904,28.25,,
H0407_D6_282C10p_att00_Rq0,H0407_D6_282C10p_att00_Rq0_01776,2021-10-17 21:45:35,873386,28.25,,
H0407_D6_282C10p_att00_Rq0,H0407_D6_282C10p_att00_Rq0_01777,2021-10-17 21:45:41,878239,28.25,,
H0407_D6_282C10p_att00_Rq0,H0407_D6_282C10p_att00_Rq0_01778,2021-10-17 21:45:47,874476,28.25,,
H0407_D6_282C10p_att00_Rq0,H0407_D6_282C10p_att00_Rq0_01779,2021-10-17 21:45:53,869522,28.25,,
H0407_D6_282C10p_att00_Rq0,H0407_D6_282C10p_att00_Rq0_01780,2021-10-17 21:45:58,873797,28.25,,
H0407_D6_282C10p_att00_Rq0,H0407_D6_282C10p_att00_Rq0_01781,2021-10-17 21:46:06,877537,28.25,,
H0407_D6_282C10p_att00_Rq0,H0407_D6_282C10p_att00_Rq0_01782,2021-10-17 21:46:12,877770,28.25,,
H0407_D6_282C10p_att00_Rq0,H0407_D6_282C10p_att00_Rq0_01783,2021-10-17 21:46:17,873108,28.25,,
H0407_D6_282C10p_att00_Rq0,H0407_D6_282C10p_att00_Rq0_01784,2021-10-17 21:46:23,869645,28.25,,
H0407_D6_282C10p_att00_Rq0,H0407_D6_282C10p_att00_Rq0_01785,2021-10-17 21:46:31,874843,28.25,,
H0407_D6_282C10p_att00_Rq0,H0407_D6_282C10p_att00_Rq0_01786,2021-10-17 21:46:37,875003,28.25,,
H0407_D6_282C10p_att00_Rq0,H0407_D6_282C10p_att00_Rq0_01787,2021-10-17 21:46:42,872533,28.25,,
H0407_D6_282C10p_att00_Rq0,H0407_D6_282C10p_att00_Rq0_01788,2021-10-17 21:46:48,881129,28.25,,
H0407_D6_282C10p_att00_Rq0,H0407_D6_282C10p_att00_Rq0_01789,2021-10-17 21:46:54,874940,28.25,,
H0407_D6_282C10p_att00_Rq0,H0407_D6_282C10p_att00_Rq0_01790,2021-10-17 21:46:59,875993,28.25,,
H0407_D6_282C10p_att00_Rq0,H0407_D6_282C10p_att00_Rq0_01791,2021-10-17 21:47:05,868310,28.25,,
H0407_D6_282C10p_att00_Rq0,H0407_D6_282C10p_att00_Rq0_01792,2021-10-17 21:47:11,871438,28.25,,
H0407_D6_282C10p_att00_Rq0,H0407_D6_282C10p_att00_Rq0_01793,2021-10-17 21:47:16,868717,28.25,,
H0407_D6_282C10p_att00_Rq0,H0407_D6_282C10p_att00_Rq0_01794,2021-10-17 21:47:22,871218,28.25,,
H0407_D6_282C10p_att00_Rq0,H0407_D6_282C10p_att00_Rq0_01795,2021-10-17 21:47:27,872043,28.25,,
H0407_D6_282C10p_att00_Rq0,H0407_D6_282C10p_att00_Rq0_01796,2021-10-17 21:47:33,867561,28.25,,
H0407_D6_282C10p_att00_Rq0,H0407_D6_282C10p_att00_Rq0_01797,2021-10-17 21:47:39,869088,28.25,,
H0407_D6_282C10p_att00_Rq0,H0407_D6_282C10p_att00_Rq0_01798,2021-10-17 21:47:44,871351,28.25,,
H0407_D6_282C10p_att00_Rq0,H0407_D6_282C10p_att00_Rq0_01799,2021-10-17 21:47:50,870781,28.25,,
H0407_D6_282C10p_att00_Rq0,H0407_D6_282C10p_att00_Rq0_01800,2021-10-17 21:47:56,869611,28.25,,
H0407_D6_282C10p_att00_Rq0,H0407_D6_282C10p_att00_Rq0_01801,2021-10-17 21:48:03,863334,28.25,,
H0407_D6_282C10p_att00_Rq0,H0407_D6_282C10p_att00_Rq0_01802,2021-10-17 21:48:10,873588,28.25,,
H0407_D6_282C10p_att00_Rq0,H0407_D6_282C10p_att00_Rq0_01803,2021-10-17 21:48:16,870141,28.25,,
H0407_D6_282C10p_att00_Rq0,H0407_D6_282C10p_att00_Rq0_01804,2021-10-17 21:48:21,862777,28.25,,
H0407_D6_282C10p_att00_Rq0,H0407_D6_282C10p_att00_Rq0_01805,2021-10-17 21:48:27,871485,28.25,,
H0407_D6_282C10p_att00_Rq0,H0407_D6_282C10p_att00_Rq0_01806,2021-10-17 21:48:33,873005,28.25,,
H0407_D6_282C10p_att00_Rq0,H0407_D6_282C10p_att00_Rq0_01807,2021-10-17 21:48:38,866650,28.25,,
H0407_D6_282C10p_att00_Rq0,H0407_D6_282C10p_att00_Rq0_01808,2021-10-17 21:48:44,862629,28.25,,
H0407_D6_282C10p_att00_Rq0,H0407_D6_282C10p_att00_Rq0_01809,2021-10-17 21:48:50,880893,28.25,,
H0407_D6_282C10p_att00_Rq0,H0407_D6_282C10p_att00_Rq0_01810,2021-10-17 21:48:55,875672,28.25,,
H0407_D6_282C10p_att00_Rq0,H0407_D6_282C10p_att00_Rq0_01811,2021-10-17 21:49:01,872398,28.25,,
H0407_D6_282C10p_att00_Rq0,H0407_D6_282C10p_att00_Rq0_01812,2021-10-17 21:49:07,867860,28.25,,
H0407_D6_282C10p_att00_Rq0,H0407_D6_282C10p_att00_Rq0_01813,2021-10-17 21:49:12,871664,28.25,,
H0407_D6_282C10p_att00_Rq0,H0407_D6_282C10p_att00_Rq0_01814,2021-10-17 21:49:18,872132,28.25,,
H0407_D6_282C10p_att00_Rq0,H0407_D6_282C10p_att00_Rq0_01815,2021-10-17 21:49:27,880882,28.25,,
H0407_D6_282C10p_att00_Rq0,H0407_D6_282C10p_att00_Rq0_01816,2021-10-17 21:49:33,874803,28.25,,
H0407_D6_282C10p_att00_Rq0,H0407_D6_282C10p_att00_Rq0_01817,2021-10-17 21:49:38,966440,28.25,,
H0407_D6_282C10p_att00_Rq0,H0407_D6_282C10p_att00_Rq0_01818,2021-10-17 21:49:44,870626,28.25,,
H0407_D6_282C10p_att00_Rq0,H0407_D6_282C10p_att00_Rq0_01819,2021-10-17 21:49:52,876959,28.25,,
H0407_D6_282C10p_att00_Rq0,H0407_D6_282C10p_att00_Rq0_01820,2021-10-17 21:49:57,870027,28.25,,
H0407_D6_282C10p_att00_Rq0,H0407_D6_282C10p_att00_Rq0_01821,2021-10-17 21:50:05,866981,28.25,,
H0407_D6_282C10p_att00_Rq0,H0407_D6_282C10p_att00_Rq0_01822,2021-10-17 21:50:11,870172,28.25,,
H0407_D6_282C10p_att00_Rq0,H0407_D6_282C10p_att00_Rq0_01823,2021-10-17 21:50:17,866018,28.25,,
H0407_D6_282C10p_att00_Rq0,H0407_D6_282C10p_att00_Rq0_01824,2021-10-17 21:50:23,869937,28.25,,
H0407_D6_282C10p_att00_Rq0,H0407_D6_282C10p_att00_Rq0_01825,2021-10-17 21:50:28,876079,28.25,,
H0407_D6_282C10p_att00_Rq0,H0407_D6_282C10p_att00_Rq0_01826,2021-10-17 21:50:34,870056,28.25,,
H0407_D6_282C10p_att00_Rq0,H0407_D6_282C10p_att00_Rq0_01827,2021-10-17 21:50:39,868791,28.25,,
H0407_D6_282C10p_att00_Rq0,H0407_D6_282C10p_att00_Rq0_01828,2021-10-17 21:50:45,880313,28.25,,
H0407_D6_282C10p_att00_Rq0,H0407_D6_282C10p_att00_Rq0_01829,2021-10-17 21:50:51,871939,28.25,,
H0407_D6_282C10p_att00_Rq0,H0407_D6_282C10p_att00_Rq0_01830,2021-10-17 21:50:56,870211,28.25,,
H0407_D6_282C10p_att00_Rq0,H0407_D6_282C10p_att00_Rq0_01831,2021-10-17 21:51:02,871536,28.25,,
H0407_D6_282C10p_att00_Rq0,H0407_D6_282C10p_att00_Rq0_01832,2021-10-17 21:51:10,876202,28.25,,
H0407_D6_282C10p_att00_Rq0,H0407_D6_282C10p_att00_Rq0_01833,2021-10-17 21:51:15,870779,28.25,,
H0407_D6_282C10p_att00_Rq0,H0407_D6_282C10p_att00_Rq0_01834,2021-10-17 21:51:21,871502,28.25,,
H0407_D6_282C10p_att00_Rq0,H0407_D6_282C10p_att00_Rq0_01835,2021-10-17 21:51:27,864192,28.25,,
H0407_D6_282C10p_att00_Rq0,H0407_D6_282C10p_att00_Rq0_01836,2021-10-17 21:51:32,874158,28.25,,
H0407_D6_282C10p_att00_Rq0,H0407_D6_282C10p_att00_Rq0_01837,2021-10-17 21:51:38,875173,28.25,,
H0407_D6_282C10p_att00_Rq0,H0407_D6_282C10p_att00_Rq0_01838,2021-10-17 21:51:43,865168,28.25,,
H0407_D6_282C10p_att00_Rq0,H0407_D6_282C10p_att00_Rq0_01839,2021-10-17 21:51:49,871805,28.25,,
H0407_D6_282C10p_att00_Rq0,H0407_D6_282C10p_att00_Rq0_01840,2021-10-17 21:51:55,874783,28.25,,
H0407_D6_282C10p_att00_Rq0,H0407_D6_282C10p_att00_Rq0_01841,2021-10-17 21:52:02,878360,28.25,,
H0407_D6_282C10p_att00_Rq0,H0407_D6_282C10p_att00_Rq0_01842,2021-10-17 21:52:08,877292,28.25,,
H0407_D6_282C10p_att00_Rq0,H0407_D6_282C10p_att00_Rq0_01843,2021-10-17 21:52:14,870645,28.25,,
H0407_D6_282C10p_att00_Rq0,H0407_D6_282C10p_att00_Rq0_01844,2021-10-17 21:52:20,1241752,28.25,,
H0407_D6_282C10p_att00_Rq0,H0407_D6_282C10p_att00_Rq0_01845,2021-10-17 21:52:26,871381,28.25,,
H0407_D6_282C10p_att00_Rq0,H0407_D6_282C10p_att00_Rq0_01846,2021-10-17 21:52:32,879691,28.25,,
H0407_D6_282C10p_att00_Rq0,H0407_D6_282C10p_att00_Rq0_01847,2021-10-17 21:52:38,872930,28.25,,
H0407_D6_282C10p_att00_Rq0,H0407_D6_282C10p_att00_Rq0_01848,2021-10-17 21:52:43,863754,28.25,,
H0407_D6_282C10p_att00_Rq0,H0407_D6_282C10p_att00_Rq0_01849,2021-10-17 21:52:49,868438,28.25,,
H0407_D6_282C10p_att00_Rq0,H0407_D6_282C10p_att00_Rq0_01850,2021-10-17 21:52:55,872887,28.25,,
H0407_D6_282C10p_att00_Rq0,H0407_D6_282C10p_att00_Rq0_01851,2021-10-17 21:53:00,876875,28.25,,
H0407_D6_282C10p_att00_Rq0,H0407_D6_282C10p_att00_Rq0_01852,2021-10-17 21:53:06,872482,28.25,,
H0407_D6_282C10p_att00_Rq0,H0407_D6_282C10p_att00_Rq0_01853,2021-10-17 21:53:12,956505,28.25,,
H0407_D6_282C10p_att00_Rq0,H0407_D6_282C10p_att00_Rq0_01854,2021-10-17 21:53:18,872891,28.25,,
H0407_D6_282C10p_att00_Rq0,H0407_D6_282C10p_att00_Rq0_01855,2021-10-17 21:53:24,872211,28.25,,
H0407_D6_282C10p_att00_Rq0,H0407_D6_282C10p_att00_Rq0_01856,2021-10-17 21:53:29,871444,28.25,,
H0407_D6_282C10p_att00_Rq0,H0407_D6_282C10p_att00_Rq0_01857,2021-10-17 21:53:35,869645,28.25,,
H0407_D6_282C10p_att00_Rq0,H0407_D6_282C10p_att00_Rq0_01858,2021-10-17 21:53:41,872172,28.25,,
H0407_D6_282C10p_att00_Rq0,H0407_D6_282C10p_att00_Rq0_01859,2021-10-17 21:53:46,868535,28.25,,
H0407_D6_282C10p_att00_Rq0,H0407_D6_282C10p_att00_Rq0_01860,2021-10-17 21:53:52,870834,28.25,,
H0407_D6_282C10p_att00_Rq0,H0407_D6_282C10p_att00_Rq0_01861,2021-10-17 21:54:00,874817,28.25,,
H0407_D6_282C10p_att00_Rq0,H0407_D6_282C10p_att00_Rq0_01862,2021-10-17 21:54:05,870883,28.25,,
H0407_D6_282C10p_att00_Rq0,H0407_D6_282C10p_att00_Rq0_01863,2021-10-17 21:54:11,871826,28.25,,
H0407_D6_282C10p_att00_Rq0,H0407_D6_282C10p_att00_Rq0_01864,2021-10-17 21:54:17,871097,28.25,,
H0407_D6_282C10p_att00_Rq0,H0407_D6_282C10p_att00_Rq0_01865,2021-10-17 21:54:22,868275,28.25,,
H0407_D6_282C10p_att00_Rq0,H0407_D6_282C10p_att00_Rq0_01866,2021-10-17 21:54:28,870236,28.25,,
H0407_D6_282C10p_att00_Rq0,H0407_D6_282C10p_att00_Rq0_01867,2021-10-17 21:54:33,874263,28.25,,
H0407_D6_282C10p_att00_Rq0,H0407_D6_282C10p_att00_Rq0_01868,2021-10-17 21:54:39,870923,28.25,,
H0407_D6_282C10p_att00_Rq0,H0407_D6_282C10p_att00_Rq0_01869,2021-10-17 21:54:44,876949,28.25,,
H0407_D6_282C10p_att00_Rq0,H0407_D6_282C10p_att00_Rq0_01870,2021-10-17 21:54:50,883427,28.25,,
H0407_D6_282C10p_att00_Rq0,H0407_D6_282C10p_att00_Rq0_01871,2021-10-17 21:54:56,872699,28.25,,
H0407_D6_282C10p_att00_Rq0,H0407_D6_282C10p_att00_Rq0_01872,2021-10-17 21:55:02,873479,28.25,,
H0407_D6_282C10p_att00_Rq0,H0407_D6_282C10p_att00_Rq0_01873,2021-10-17 21:55:08,871657,28.25,,
H0407_D6_282C10p_att00_Rq0,H0407_D6_282C10p_att00_Rq0_01874,2021-10-17 21:55:13,876268,28.25,,
H0407_D6_282C10p_att00_Rq0,H0407_D6_282C10p_att00_Rq0_01875,2021-10-17 21:55:19,877067,28.25,,
H0407_D6_282C10p_att00_Rq0,H0407_D6_282C10p_att00_Rq0_01876,2021-10-17 21:55:25,874849,28.25,,
H0407_D6_282C10p_att00_Rq0,H0407_D6_282C10p_att00_Rq0_01877,2021-10-17 21:55:30,884703,28.25,,
H0407_D6_282C10p_att00_Rq0,H0407_D6_282C10p_att00_Rq0_01878,2021-10-17 21:55:36,873127,28.25,,
H0407_D6_282C10p_att00_Rq0,H0407_D6_282C10p_att00_Rq0_01879,2021-10-17 21:55:41,866414,28.25,,
H0407_D6_282C10p_att00_Rq0,H0407_D6_282C10p_att00_Rq0_01880,2021-10-17 21:55:47,872752,28.25,,
H0407_D6_282C10p_att00_Rq0,H0407_D6_282C10p_att00_Rq0_01881,2021-10-17 21:55:55,872225,28.25,,
H0407_D6_282C10p_att00_Rq0,H0407_D6_282C10p_att00_Rq0_01882,2021-10-17 21:56:00,878528,28.25,,
H0407_D6_282C10p_att00_Rq0,H0407_D6_282C10p_att00_Rq0_01883,2021-10-17 21:56:06,868349,28.25,,
H0407_D6_282C10p_att00_Rq0,H0407_D6_282C10p_att00_Rq0_01884,2021-10-17 21:56:11,880444,28.25,,
H0407_D6_282C10p_att00_Rq0,H0407_D6_282C10p_att00_Rq0_01885,2021-10-17 21:56:17,867899,28.25,,
H0407_D6_282C10p_att00_Rq0,H0407_D6_282C10p_att00_Rq0_01886,2021-10-17 21:56:23,939893,28.25,,
H0407_D6_282C10p_att00_Rq0,H0407_D6_282C10p_att00_Rq0_01887,2021-10-17 21:56:28,872050,28.25,,
H0407_D6_282C10p_att00_Rq0,H0407_D6_282C10p_att00_Rq0_01888,2021-10-17 21:56:34,872234,28.25,,
H0407_D6_282C10p_att00_Rq0,H0407_D6_282C10p_att00_Rq0_01889,2021-10-17 21:56:39,875644,28.25,,
H0407_D6_282C10p_att00_Rq0,H0407_D6_282C10p_att00_Rq0_01890,2021-10-17 21:56:45,874627,28.25,,
H0407_D6_282C10p_att00_Rq0,H0407_D6_282C10p_att00_Rq0_01891,2021-10-17 21:56:51,869199,28.25,,
H0407_D6_282C10p_att00_Rq0,H0407_D6_282C10p_att00_Rq0_01892,2021-10-17 21:56:56,873981,28.25,,
H0407_D6_282C10p_att00_Rq0,H0407_D6_282C10p_att00_Rq0_01893,2021-10-17 21:57:02,877710,28.25,,
H0407_D6_282C10p_att00_Rq0,H0407_D6_282C10p_att00_Rq0_01894,2021-10-17 21:57:08,873731,28.25,,
H0407_D6_282C10p_att00_Rq0,H0407_D6_282C10p_att00_Rq0_01895,2021-10-17 21:57:14,865186,28.25,,
H0407_D6_282C10p_att00_Rq0,H0407_D6_282C10p_att00_Rq0_01896,2021-10-17 21:57:19,873475,28.25,,
H0407_D6_282C10p_att00_Rq0,H0407_D6_282C10p_att00_Rq0_01897,2021-10-17 21:57:25,880875,28.25,,
H0407_D6_282C10p_att00_Rq0,H0407_D6_282C10p_att00_Rq0_01898,2021-10-17 21:57:30,872698,28.25,,
H0407_D6_282C10p_att00_Rq0,H0407_D6_282C10p_att00_Rq0_01899,2021-10-17 21:57:36,1243176,28.25,,
H0407_D6_282C10p_att00_Rq0,H0407_D6_282C10p_att00_Rq0_01900,2021-10-17 21:57:42,873464,28.25,,
H0407_D6_282C10p_att00_Rq0,H0407_D6_282C10p_att00_Rq0_01901,2021-10-17 21:57:50,878142,28.25,,
H0407_D6_282C10p_att00_Rq0,H0407_D6_282C10p_att00_Rq0_01902,2021-10-17 21:57:58,875930,28.25,,
H0407_D6_282C10p_att00_Rq0,H0407_D6_282C10p_att00_Rq0_01903,2021-10-17 21:58:04,872172,28.25,,
H0407_D6_282C10p_att00_Rq0,H0407_D6_282C10p_att00_Rq0_01904,2021-10-17 21:58:09,873235,28.25,,
H0407_D6_282C10p_att00_Rq0,H0407_D6_282C10p_att00_Rq0_01905,2021-10-17 21:58:15,872575,28.25,,
H0407_D6_282C10p_att00_Rq0,H0407_D6_282C10p_att00_Rq0_01906,2021-10-17 21:58:20,871744,28.25,,
H0407_D6_282C10p_att00_Rq0,H0407_D6_282C10p_att00_Rq0_01907,2021-10-17 21:58:26,871017,28.25,,
H0407_D6_282C10p_att00_Rq0,H0407_D6_282C10p_att00_Rq0_01908,2021-10-17 21:58:31,871907,28.25,,
H0407_D6_282C10p_att00_Rq0,H0407_D6_282C10p_att00_Rq0_01909,2021-10-17 21:58:37,875246,28.25,,
H0407_D6_282C10p_att00_Rq0,H0407_D6_282C10p_att00_Rq0_01910,2021-10-17 21:58:43,866868,28.25,,
H0407_D6_282C10p_att00_Rq0,H0407_D6_282C10p_att00_Rq0_01911,2021-10-17 21:58:48,870284,28.25,,
H0407_D6_282C10p_att00_Rq0,H0407_D6_282C10p_att00_Rq0_01912,2021-10-17 21:58:53,874505,28.25,,
H0407_D6_282C10p_att00_Rq0,H0407_D6_282C10p_att00_Rq0_01913,2021-10-17 21:58:59,874028,28.25,,
H0407_D6_282C10p_att00_Rq0,H0407_D6_282C10p_att00_Rq0_01914,2021-10-17 21:59:05,878548,28.25,,
H0407_D6_282C10p_att00_Rq0,H0407_D6_282C10p_att00_Rq0_01915,2021-10-17 21:59:11,870248,28.25,,
H0407_D6_282C10p_att00_Rq0,H0407_D6_282C10p_att00_Rq0_01916,2021-10-17 21:59:16,883933,28.25,,
H0407_D6_282C10p_att00_Rq0,H0407_D6_282C10p_att00_Rq0_01917,2021-10-17 21:59:22,884219,28.25,,
H0407_D6_282C10p_att00_Rq0,H0407_D6_282C10p_att00_Rq0_01918,2021-10-17 21:59:27,873665,28.25,,
H0407_D6_282C10p_att00_Rq0,H0407_D6_282C10p_att00_Rq0_01919,2021-10-17 21:59:33,870206,28.25,,
H0407_D6_282C10p_att00_Rq0,H0407_D6_282C10p_att00_Rq0_01920,2021-10-17 21:59:39,879019,28.25,,
H0407_D6_282C10p_att00_Rq0,H0407_D6_282C10p_att00_Rq0_01921,2021-10-17 21:59:47,880033,28.25,,
H0407_D6_282C10p_att00_Rq0,H0407_D6_282C10p_att00_Rq0_01922,2021-10-17 21:59:52,872610,28.25,,
H0407_D6_282C10p_att00_Rq0,H0407_D6_282C10p_att00_Rq0_01923,2021-10-17 21:59:58,873631,28.25,,
H0407_D6_282C10p_att00_Rq0,H0407_D6_282C10p_att00_Rq0_01924,2021-10-17 22:00:08,869399,28.25,,
H0407_D6_282C10p_att00_Rq0,H0407_D6_282C10p_att00_Rq0_01925,2021-10-17 22:00:14,872626,28.25,,
H0407_D6_282C10p_att00_Rq0,H0407_D6_282C10p_att00_Rq0_01926,2021-10-17 22:00:20,865458,28.25,,
H0407_D6_282C10p_att00_Rq0,H0407_D6_282C10p_att00_Rq0_01927,2021-10-17 22:00:25,872254,28.25,,
H0407_D6_282C10p_att00_Rq0,H0407_D6_282C10p_att00_Rq0_01928,2021-10-17 22:00:31,881007,28.25,,
H0407_D6_282C10p_att00_Rq0,H0407_D6_282C10p_att00_Rq0_01929,2021-10-17 22:00:36,871275,28.25,,
H0407_D6_282C10p_att00_Rq0,H0407_D6_282C10p_att00_Rq0_01930,2021-10-17 22:00:42,867156,28.25,,
H0407_D6_282C10p_att00_Rq0,H0407_D6_282C10p_att00_Rq0_01931,2021-10-17 22:00:48,874127,28.25,,
H0407_D6_282C10p_att00_Rq0,H0407_D6_282C10p_att00_Rq0_01932,2021-10-17 22:00:54,868981,28.25,,
H0407_D6_282C10p_att00_Rq0,H0407_D6_282C10p_att00_Rq0_01933,2021-10-17 22:00:59,882965,28.25,,
H0407_D6_282C10p_att00_Rq0,H0407_D6_282C10p_att00_Rq0_01934,2021-10-17 22:01:05,873738,28.25,,
H0407_D6_282C10p_att00_Rq0,H0407_D6_282C10p_att00_Rq0_01935,2021-10-17 22:01:10,869929,28.25,,
H0407_D6_282C10p_att00_Rq0,H0407_D6_282C10p_att00_Rq0_01936,2021-10-17 22:01:16,874504,28.25,,
H0407_D6_282C10p_att00_Rq0,H0407_D6_282C10p_att00_Rq0_01937,2021-10-17 22:01:22,869970,28.25,,
H0407_D6_282C10p_att00_Rq0,H0407_D6_282C10p_att00_Rq0_01938,2021-10-17 22:01:28,872698,28.25,,
H0407_D6_282C10p_att00_Rq0,H0407_D6_282C10p_att00_Rq0_01939,2021-10-17 22:01:34,869267,28.25,,
H0407_D6_282C10p_att00_Rq0,H0407_D6_282C10p_att00_Rq0_01940,2021-10-17 22:01:39,872677,28.25,,
H0407_D6_282C10p_att00_Rq0,H0407_D6_282C10p_att00_Rq0_01941,2021-10-17 22:01:47,873670,28.25,,
H0407_D6_282C10p_att00_Rq0,H0407_D6_282C10p_att00_Rq0_01942,2021-10-17 22:01:53,872104,28.25,,
H0407_D6_282C10p_att00_Rq0,H0407_D6_282C10p_att00_Rq0_01943,2021-10-17 22:01:59,868244,28.25,,
H0407_D6_282C10p_att00_Rq0,H0407_D6_282C10p_att00_Rq0_01944,2021-10-17 22:02:04,871823,28.25,,
H0407_D6_282C10p_att00_Rq0,H0407_D6_282C10p_att00_Rq0_01945,2021-10-17 22:02:10,1010428,28.25,,
H0407_D6_282C10p_att00_Rq0,H0407_D6_282C10p_att00_Rq0_01946,2021-10-17 22:02:16,872725,28.25,,
H0407_D6_282C10p_att00_Rq0,H0407_D6_282C10p_att00_Rq0_01947,2021-10-17 22:02:22,868017,28.25,,
H0407_D6_282C10p_att00_Rq0,H0407_D6_282C10p_att00_Rq0_01948,2021-10-17 22:02:27,868141,28.25,,
H0407_D6_282C10p_att00_Rq0,H0407_D6_282C10p_att00_Rq0_01949,2021-10-17 22:02:33,872099,28.25,,
H0407_D6_282C10p_att00_Rq0,H0407_D6_282C10p_att00_Rq0_01950,2021-10-17 22:02:38,878940,28.25,,
H0407_D6_282C10p_att00_Rq0,H0407_D6_282C10p_att00_Rq0_01951,2021-10-17 22:02:44,871581,28.25,,
H0407_D6_282C10p_att00_Rq0,H0407_D6_282C10p_att00_Rq0_01952,2021-10-17 22:02:50,870864,28.25,,
H0407_D6_282C10p_att00_Rq0,H0407_D6_282C10p_att00_Rq0_01953,2021-10-17 22:02:55,875283,28.25,,
H0407_D6_282C10p_att00_Rq0,H0407_D6_282C10p_att00_Rq0_01954,2021-10-17 22:03:06,870410,28.25,,
H0407_D6_282C10p_att00_Rq0,H0407_D6_282C10p_att00_Rq0_01955,2021-10-17 22:03:11,875333,28.25,,
H0407_D6_282C10p_att00_Rq0,H0407_D6_282C10p_att00_Rq0_01956,2021-10-17 22:03:17,870565,28.25,,
H0407_D6_282C10p_att00_Rq0,H0407_D6_282C10p_att00_Rq0_01957,2021-10-17 22:03:22,871051,28.25,,
H0407_D6_282C10p_att00_Rq0,H0407_D6_282C10p_att00_Rq0_01958,2021-10-17 22:03:31,874061,28.25,,
H0407_D6_282C10p_att00_Rq0,H0407_D6_282C10p_att00_Rq0_01959,2021-10-17 22:03:37,870575,28.25,,
H0407_D6_282C10p_att00_Rq0,H0407_D6_282C10p_att00_Rq0_01960,2021-10-17 22:03:42,870844,28.25,,
H0407_D6_282C10p_att00_Rq0,H0407_D6_282C10p_att00_Rq0_01961,2021-10-17 22:03:50,876377,28.25,,
H0407_D6_282C10p_att00_Rq0,H0407_D6_282C10p_att00_Rq0_01962,2021-10-17 22:03:56,869722,28.25,,
H0407_D6_282C10p_att00_Rq0,H0407_D6_282C10p_att00_Rq0_01963,2021-10-17 22:04:01,870327,28.25,,
H0407_D6_282C10p_att00_Rq0,H0407_D6_282C10p_att00_Rq0_01964,2021-10-17 22:04:07,869931,28.25,,
H0407_D6_282C10p_att00_Rq0,H0407_D6_282C10p_att00_Rq0_01965,2021-10-17 22:04:13,866785,28.25,,
H0407_D6_282C10p_att00_Rq0,H0407_D6_282C10p_att00_Rq0_01966,2021-10-17 22:04:18,864110,28.25,,
H0407_D6_282C10p_att00_Rq0,H0407_D6_282C10p_att00_Rq0_01967,2021-10-17 22:04:24,880914,28.25,,
H0407_D6_282C10p_att00_Rq0,H0407_D6_282C10p_att00_Rq0_01968,2021-10-17 22:04:30,869794,28.25,,
H0407_D6_282C10p_att00_Rq0,H0407_D6_282C10p_att00_Rq0_01969,2021-10-17 22:04:35,868432,28.25,,
H0407_D6_282C10p_att00_Rq0,H0407_D6_282C10p_att00_Rq0_01970,2021-10-17 22:04:41,871660,28.25,,
H0407_D6_282C10p_att00_Rq0,H0407_D6_282C10p_att00_Rq0_01971,2021-10-17 22:04:50,868364,28.25,,
H0407_D6_282C10p_att00_Rq0,H0407_D6_282C10p_att00_Rq0_01972,2021-10-17 22:04:56,870935,28.25,,
H0407_D6_282C10p_att00_Rq0,H0407_D6_282C10p_att00_Rq0_01973,2021-10-17 22:05:01,871516,28.25,,
H0407_D6_282C10p_att00_Rq0,H0407_D6_282C10p_att00_Rq0_01974,2021-10-17 22:05:07,870116,28.25,,
H0407_D6_282C10p_att00_Rq0,H0407_D6_282C10p_att00_Rq0_01975,2021-10-17 22:05:16,870972,28.25,,
H0407_D6_282C10p_att00_Rq0,H0407_D6_282C10p_att00_Rq0_01976,2021-10-17 22:05:22,870280,28.25,,
H0407_D6_282C10p_att00_Rq0,H0407_D6_282C10p_att00_Rq0_01977,2021-10-17 22:05:27,882994,28.25,,
H0407_D6_282C10p_att00_Rq0,H0407_D6_282C10p_att00_Rq0_01978,2021-10-17 22:05:33,874714,28.25,,
H0407_D6_282C10p_att00_Rq0,H0407_D6_282C10p_att00_Rq0_01979,2021-10-17 22:05:38,873761,28.25,,
H0407_D6_282C10p_att00_Rq0,H0407_D6_282C10p_att00_Rq0_01980,2021-10-17 22:05:44,870279,28.25,,
H0407_D6_282C10p_att00_Rq0,H0407_D6_282C10p_att00_Rq0_01981,2021-10-17 22:05:54,870343,28.25,,
H0407_D6_282C10p_att00_Rq0,H0407_D6_282C10p_att00_Rq0_01982,2021-10-17 22:05:59,879041,28.25,,
H0407_D6_282C10p_att00_Rq0,H0407_D6_282C10p_att00_Rq0_01983,2021-10-17 22:06:05,870042,28.25,,
H0407_D6_282C10p_att00_Rq0,H0407_D6_282C10p_att00_Rq0_01984,2021-10-17 22:06:11,871185,28.25,,
H0407_D6_282C10p_att00_Rq0,H0407_D6_282C10p_att00_Rq0_01985,2021-10-17 22:06:16,869563,28.25,,
H0407_D6_282C10p_att00_Rq0,H0407_D6_282C10p_att00_Rq0_01986,2021-10-17 22:06:22,870266,28.25,,
H0407_D6_282C10p_att00_Rq0,H0407_D6_282C10p_att00_Rq0_01987,2021-10-17 22:06:28,873515,28.25,,
H0407_D6_282C10p_att00_Rq0,H0407_D6_282C10p_att00_Rq0_01988,2021-10-17 22:06:34,872357,28.25,,
H0407_D6_282C10p_att00_Rq0,H0407_D6_282C10p_att00_Rq0_01989,2021-10-17 22:06:39,869304,28.25,,
H0407_D6_282C10p_att00_Rq0,H0407_D6_282C10p_att00_Rq0_01990,2021-10-17 22:06:45,876151,28.25,,
H0407_D6_282C10p_att00_Rq0,H0407_D6_282C10p_att00_Rq0_01991,2021-10-17 22:06:50,881229,28.25,,
H0407_D6_282C10p_att00_Rq0,H0407_D6_282C10p_att00_Rq0_01992,2021-10-17 22:06:56,871926,28.25,,
H0407_D6_282C10p_att00_Rq0,H0407_D6_282C10p_att00_Rq0_01993,2021-10-17 22:07:01,874171,28.25,,
H0407_D6_282C10p_att00_Rq0,H0407_D6_282C10p_att00_Rq0_01994,2021-10-17 22:07:07,871974,28.25,,
H0407_D6_282C10p_att00_Rq0,H0407_D6_282C10p_att00_Rq0_01995,2021-10-17 22:07:13,874572,28.25,,
H0407_D6_282C10p_att00_Rq0,H0407_D6_282C10p_att00_Rq0_01996,2021-10-17 22:07:19,871015,28.25,,
H0407_D6_282C10p_att00_Rq0,H0407_D6_282C10p_att00_Rq0_01997,2021-10-17 22:07:24,870659,28.25,,
H0407_D6_282C10p_att00_Rq0,H0407_D6_282C10p_att00_Rq0_01998,2021-10-17 22:07:30,874764,28.25,,
H0407_D6_282C10p_att00_Rq0,H0407_D6_282C10p_att00_Rq0_01999,2021-10-17 22:07:35,870940,28.25,,
H0407_D6_282C10p_att00_Rq0,H0407_D6_282C10p_att00_Rq0_02000,2021-10-17 22:07:41,873258,28.25,,
H0407_D6_282C10p_att00_Rq0,H0407_D6_282C10p_att00_Rq0_02001,2021-10-17 22:07:49,871927,28.25,,
H0407_D6_282C10p_att00_Rq0,H0407_D6_282C10p_att00_Rq0_02002,2021-10-17 22:07:54,871025,28.25,,
H0407_D6_282C10p_att00_Rq0,H0407_D6_282C10p_att00_Rq0_02003,2021-10-17 22:08:00,867641,28.25,,
H0407_D6_282C10p_att00_Rq0,H0407_D6_282C10p_att00_Rq0_02004,2021-10-17 22:08:05,870363,28.25,,
H0407_D6_282C10p_att00_Rq0,H0407_D6_282C10p_att00_Rq0_02005,2021-10-17 22:08:11,869461,28.25,,
H0407_D6_282C10p_att00_Rq0,H0407_D6_282C10p_att00_Rq0_02006,2021-10-17 22:08:17,873037,28.25,,
H0407_D6_282C10p_att00_Rq0,H0407_D6_282C10p_att00_Rq0_02007,2021-10-17 22:08:22,867843,28.25,,
H0407_D6_282C10p_att00_Rq0,H0407_D6_282C10p_att00_Rq0_02008,2021-10-17 22:08:28,869387,28.25,,
H0407_D6_282C10p_att00_Rq0,H0407_D6_282C10p_att00_Rq0_02009,2021-10-17 22:08:34,868895,28.25,,
H0407_D6_282C10p_att00_Rq0,H0407_D6_282C10p_att00_Rq0_02010,2021-10-17 22:08:39,874629,28.25,,
H0407_D6_282C10p_att00_Rq0,H0407_D6_282C10p_att00_Rq0_02011,2021-10-17 22:08:45,869295,28.25,,
H0407_D6_282C10p_att00_Rq0,H0407_D6_282C10p_att00_Rq0_02012,2021-10-17 22:08:50,879185,28.25,,
H0407_D6_282C10p_att00_Rq0,H0407_D6_282C10p_att00_Rq0_02013,2021-10-17 22:08:56,871484,28.25,,
H0407_D6_282C10p_att00_Rq0,H0407_D6_282C10p_att00_Rq0_02014,2021-10-17 22:09:01,867303,28.25,,
H0407_D6_282C10p_att00_Rq0,H0407_D6_282C10p_att00_Rq0_02015,2021-10-17 22:09:07,871413,28.25,,
H0407_D6_282C10p_att00_Rq0,H0407_D6_282C10p_att00_Rq0_02016,2021-10-17 22:09:13,870701,28.25,,
H0407_D6_282C10p_att00_Rq0,H0407_D6_282C10p_att00_Rq0_02017,2021-10-17 22:09:18,870976,28.25,,
H0407_D6_282C10p_att00_Rq0,H0407_D6_282C10p_att00_Rq0_02018,2021-10-17 22:09:24,871280,28.25,,
H0407_D6_282C10p_att00_Rq0,H0407_D6_282C10p_att00_Rq0_02019,2021-10-17 22:09:29,877645,28.25,,
H0407_D6_282C10p_att00_Rq0,H0407_D6_282C10p_att00_Rq0_02020,2021-10-17 22:09:35,869922,28.25,,
H0407_D6_282C10p_att00_Rq0,H0407_D6_282C10p_att00_Rq0_02021,2021-10-17 22:09:43,862031,28.25,,
H0407_D6_282C10p_att00_Rq0,H0407_D6_282C10p_att00_Rq0_02022,2021-10-17 22:09:48,871429,28.25,,
H0407_D6_282C10p_att00_Rq0,H0407_D6_282C10p_att00_Rq0_02023,2021-10-17 22:09:54,873852,28.25,,
H0407_D6_282C10p_att00_Rq0,H0407_D6_282C10p_att00_Rq0_02024,2021-10-17 22:10:00,871609,28.25,,
H0407_D6_282C10p_att00_Rq0,H0407_D6_282C10p_att00_Rq0_02025,2021-10-17 22:10:05,870457,28.25,,
H0407_D6_282C10p_att00_Rq0,H0407_D6_282C10p_att00_Rq0_02026,2021-10-17 22:10:11,866931,28.25,,
H0407_D6_282C10p_att00_Rq0,H0407_D6_282C10p_att00_Rq0_02027,2021-10-17 22:10:16,872832,28.25,,
H0407_D6_282C10p_att00_Rq0,H0407_D6_282C10p_att00_Rq0_02028,2021-10-17 22:10:22,869201,28.25,,
H0407_D6_282C10p_att00_Rq0,H0407_D6_282C10p_att00_Rq0_02029,2021-10-17 22:10:28,866205,28.25,,
H0407_D6_282C10p_att00_Rq0,H0407_D6_282C10p_att00_Rq0_02030,2021-10-17 22:10:33,872931,28.25,,
H0407_D6_282C10p_att00_Rq0,H0407_D6_282C10p_att00_Rq0_02031,2021-10-17 22:10:39,870274,28.25,,
H0407_D6_282C10p_att00_Rq0,H0407_D6_282C10p_att00_Rq0_02032,2021-10-17 22:10:44,867954,28.25,,
H0407_D6_282C10p_att00_Rq0,H0407_D6_282C10p_att00_Rq0_02033,2021-10-17 22:10:50,872230,28.25,,
H0407_D6_282C10p_att00_Rq0,H0407_D6_282C10p_att00_Rq0_02034,2021-10-17 22:10:56,1154022,28.25,,
H0407_D6_282C10p_att00_Rq0,H0407_D6_282C10p_att00_Rq0_02035,2021-10-17 22:11:02,871854,28.25,,
H0407_D6_282C10p_att00_Rq0,H0407_D6_282C10p_att00_Rq0_02036,2021-10-17 22:11:08,872172,28.25,,
H0407_D6_282C10p_att00_Rq0,H0407_D6_282C10p_att00_Rq0_02037,2021-10-17 22:11:13,872590,28.25,,
H0407_D6_282C10p_att00_Rq0,H0407_D6_282C10p_att00_Rq0_02038,2021-10-17 22:11:19,871753,28.25,,
H0407_D6_282C10p_att00_Rq0,H0407_D6_282C10p_att00_Rq0_02039,2021-10-17 22:11:24,874449,28.25,,
H0407_D6_282C10p_att00_Rq0,H0407_D6_282C10p_att00_Rq0_02040,2021-10-17 22:11:30,872744,28.25,,
H0407_D6_282C10p_att00_Rq0,H0407_D6_282C10p_att00_Rq0_02041,2021-10-17 22:11:39,874473,28.25,,
H0407_D6_282C10p_att00_Rq0,H0407_D6_282C10p_att00_Rq0_02042,2021-10-17 22:11:44,866477,28.25,,
H0407_D6_282C10p_att00_Rq0,H0407_D6_282C10p_att00_Rq0_02043,2021-10-17 22:11:50,871303,28.25,,
H0407_D6_282C10p_att00_Rq0,H0407_D6_282C10p_att00_Rq0_02044,2021-10-17 22:11:55,870685,28.25,,
H0407_D6_282C10p_att00_Rq0,H0407_D6_282C10p_att00_Rq0_02045,2021-10-17 22:12:01,871247,28.25,,
H0407_D6_282C10p_att00_Rq0,H0407_D6_282C10p_att00_Rq0_02046,2021-10-17 22:12:07,868672,28.25,,
H0407_D6_282C10p_att00_Rq0,H0407_D6_282C10p_att00_Rq0_02047,2021-10-17 22:12:12,870111,28.25,,
H0407_D6_282C10p_att00_Rq0,H0407_D6_282C10p_att00_Rq0_02048,2021-10-17 22:12:18,869041,28.25,,
H0407_D6_282C10p_att00_Rq0,H0407_D6_282C10p_att00_Rq0_02049,2021-10-17 22:12:23,867378,28.25,,
H0407_D6_282C10p_att00_Rq0,H0407_D6_282C10p_att00_Rq0_02050,2021-10-17 22:12:29,869496,28.25,,
H0407_D6_282C10p_att00_Rq0,H0407_D6_282C10p_att00_Rq0_02051,2021-10-17 22:12:35,865982,28.25,,
H0407_D6_282C10p_att00_Rq0,H0407_D6_282C10p_att00_Rq0_02052,2021-10-17 22:12:40,873063,28.25,,
H0407_D6_282C10p_att00_Rq0,H0407_D6_282C10p_att00_Rq0_02053,2021-10-17 22:12:46,1153835,28.25,,
H0407_D6_282C10p_att00_Rq0,H0407_D6_282C10p_att00_Rq0_02054,2021-10-17 22:12:52,878279,28.25,,
H0407_D6_282C10p_att00_Rq0,H0407_D6_282C10p_att00_Rq0_02055,2021-10-17 22:12:58,881261,28.25,,
H0407_D6_282C10p_att00_Rq0,H0407_D6_282C10p_att00_Rq0_02056,2021-10-17 22:13:04,876518,28.25,,
H0407_D6_282C10p_att00_Rq0,H0407_D6_282C10p_att00_Rq0_02057,2021-10-17 22:13:09,872949,28.25,,
H0407_D6_282C10p_att00_Rq0,H0407_D6_282C10p_att00_Rq0_02058,2021-10-17 22:13:15,875679,28.25,,
H0407_D6_282C10p_att00_Rq0,H0407_D6_282C10p_att00_Rq0_02059,2021-10-17 22:13:20,868259,28.25,,
H0407_D6_282C10p_att00_Rq0,H0407_D6_282C10p_att00_Rq0_02060,2021-10-17 22:13:26,867769,28.25,,
H0407_D6_282C10p_att00_Rq0,H0407_D6_282C10p_att00_Rq0_02061,2021-10-17 22:13:34,876953,28.25,,
H0407_D6_282C10p_att00_Rq0,H0407_D6_282C10p_att00_Rq0_02062,2021-10-17 22:13:40,872639,28.25,,
H0407_D6_282C10p_att00_Rq0,H0407_D6_282C10p_att00_Rq0_02063,2021-10-17 22:13:46,876193,28.25,,
H0407_D6_282C10p_att00_Rq0,H0407_D6_282C10p_att00_Rq0_02064,2021-10-17 22:13:52,867360,28.25,,
H0407_D6_282C10p_att00_Rq0,H0407_D6_282C10p_att00_Rq0_02065,2021-10-17 22:13:57,868389,28.25,,
H0407_D6_282C10p_att00_Rq0,H0407_D6_282C10p_att00_Rq0_02066,2021-10-17 22:14:03,879358,28.25,,
H0407_D6_282C10p_att00_Rq0,H0407_D6_282C10p_att00_Rq0_02067,2021-10-17 22:14:09,874166,28.25,,
H0407_D6_282C10p_att00_Rq0,H0407_D6_282C10p_att00_Rq0_02068,2021-10-17 22:14:14,870691,28.25,,
H0407_D6_282C10p_att00_Rq0,H0407_D6_282C10p_att00_Rq0_02069,2021-10-17 22:14:20,870838,28.25,,
H0407_D6_282C10p_att00_Rq0,H0407_D6_282C10p_att00_Rq0_02070,2021-10-17 22:14:25,864838,28.25,,
H0407_D6_282C10p_att00_Rq0,H0407_D6_282C10p_att00_Rq0_02071,2021-10-17 22:14:31,870924,28.25,,
H0407_D6_282C10p_att00_Rq0,H0407_D6_282C10p_att00_Rq0_02072,2021-10-17 22:14:36,869501,28.25,,
H0407_D6_282C10p_att00_Rq0,H0407_D6_282C10p_att00_Rq0_02073,2021-10-17 22:14:42,866080,28.25,,
H0407_D6_282C10p_att00_Rq0,H0407_D6_282C10p_att00_Rq0_02074,2021-10-17 22:14:48,871603,28.25,,
H0407_D6_282C10p_att00_Rq0,H0407_D6_282C10p_att00_Rq0_02075,2021-10-17 22:14:54,872275,28.25,,
H0407_D6_282C10p_att00_Rq0,H0407_D6_282C10p_att00_Rq0_02076,2021-10-17 22:14:59,881072,28.25,,
H0407_D6_282C10p_att00_Rq0,H0407_D6_282C10p_att00_Rq0_02077,2021-10-17 22:15:05,869412,28.25,,
H0407_D6_282C10p_att00_Rq0,H0407_D6_282C10p_att00_Rq0_02078,2021-10-17 22:15:10,871644,28.25,,
H0407_D6_282C10p_att00_Rq0,H0407_D6_282C10p_att00_Rq0_02079,2021-10-17 22:15:16,872482,28.25,,
H0407_D6_282C10p_att00_Rq0,H0407_D6_282C10p_att00_Rq0_02080,2021-10-17 22:15:22,880181,28.25,,
H0407_D6_282C10p_att00_Rq0,H0407_D6_282C10p_att00_Rq0_02081,2021-10-17 22:15:29,854936,28.25,,
H0407_D6_282C10p_att00_Rq0,H0407_D6_282C10p_att00_Rq0_02082,2021-10-17 22:15:35,871437,28.25,,
H0407_D6_282C10p_att00_Rq0,H0407_D6_282C10p_att00_Rq0_02083,2021-10-17 22:15:41,869147,28.25,,
H0407_D6_282C10p_att00_Rq0,H0407_D6_282C10p_att00_Rq0_02084,2021-10-17 22:15:46,874967,28.25,,
H0407_D6_282C10p_att00_Rq0,H0407_D6_282C10p_att00_Rq0_02085,2021-10-17 22:15:52,876642,28.25,,
H0407_D6_282C10p_att00_Rq0,H0407_D6_282C10p_att00_Rq0_02086,2021-10-17 22:15:57,871692,28.25,,
H0407_D6_282C10p_att00_Rq0,H0407_D6_282C10p_att00_Rq0_02087,2021-10-17 22:16:03,872793,28.25,,
H0407_D6_282C10p_att00_Rq0,H0407_D6_282C10p_att00_Rq0_02088,2021-10-17 22:16:09,879408,28.25,,
H0407_D6_282C10p_att00_Rq0,H0407_D6_282C10p_att00_Rq0_02089,2021-10-17 22:16:14,863730,28.25,,
H0407_D6_282C10p_att00_Rq0,H0407_D6_282C10p_att00_Rq0_02090,2021-10-17 22:16:20,866721,28.25,,
H0407_D6_282C10p_att00_Rq0,H0407_D6_282C10p_att00_Rq0_02091,2021-10-17 22:16:26,864533,28.25,,
H0407_D6_282C10p_att00_Rq0,H0407_D6_282C10p_att00_Rq0_02092,2021-10-17 22:16:33,876829,28.25,,
H0407_D6_282C10p_att00_Rq0,H0407_D6_282C10p_att00_Rq0_02093,2021-10-17 22:16:38,881146,28.25,,
H0407_D6_282C10p_att00_Rq0,H0407_D6_282C10p_att00_Rq0_02094,2021-10-17 22:16:44,868036,28.25,,
H0407_D6_282C10p_att00_Rq0,H0407_D6_282C10p_att00_Rq0_02095,2021-10-17 22:16:50,873083,28.25,,
H0407_D6_282C10p_att00_Rq0,H0407_D6_282C10p_att00_Rq0_02096,2021-10-17 22:16:55,873380,28.25,,
H0407_D6_282C10p_att00_Rq0,H0407_D6_282C10p_att00_Rq0_02097,2021-10-17 22:17:03,873334,28.25,,
H0407_D6_282C10p_att00_Rq0,H0407_D6_282C10p_att00_Rq0_02098,2021-10-17 22:17:09,869518,28.25,,
H0407_D6_282C10p_att00_Rq0,H0407_D6_282C10p_att00_Rq0_02099,2021-10-17 22:17:14,872881,28.25,,
H0407_D6_282C10p_att00_Rq0,H0407_D6_282C10p_att00_Rq0_02100,2021-10-17 22:17:20,873047,28.25,,
H0407_D6_282C10p_att00_Rq0,H0407_D6_282C10p_att00_Rq0_02101,2021-10-17 22:17:28,872220,28.25,,
H0407_D6_282C10p_att00_Rq0,H0407_D6_282C10p_att00_Rq0_02102,2021-10-17 22:17:34,875317,28.25,,
H0407_D6_282C10p_att00_Rq0,H0407_D6_282C10p_att00_Rq0_02103,2021-10-17 22:17:39,873529,28.25,,
H0407_D6_282C10p_att00_Rq0,H0407_D6_282C10p_att00_Rq0_02104,2021-10-17 22:17:45,867102,28.25,,
H0407_D6_282C10p_att00_Rq0,H0407_D6_282C10p_att00_Rq0_02105,2021-10-17 22:17:50,868832,28.25,,
H0407_D6_282C10p_att00_Rq0,H0407_D6_282C10p_att00_Rq0_02106,2021-10-17 22:17:56,873059,28.25,,
H0407_D6_282C10p_att00_Rq0,H0407_D6_282C10p_att00_Rq0_02107,2021-10-17 22:18:01,872084,28.25,,
H0407_D6_282C10p_att00_Rq0,H0407_D6_282C10p_att00_Rq0_02108,2021-10-17 22:18:07,871888,28.25,,
H0407_D6_282C10p_att00_Rq0,H0407_D6_282C10p_att00_Rq0_02109,2021-10-17 22:18:13,872309,28.25,,
H0407_D6_282C10p_att00_Rq0,H0407_D6_282C10p_att00_Rq0_02110,2021-10-17 22:18:18,872583,28.25,,
H0407_D6_282C10p_att00_Rq0,H0407_D6_282C10p_att00_Rq0_02111,2021-10-17 22:18:24,874793,28.25,,
H0407_D6_282C10p_att00_Rq0,H0407_D6_282C10p_att00_Rq0_02112,2021-10-17 22:18:29,874498,28.25,,
H0407_D6_282C10p_att00_Rq0,H0407_D6_282C10p_att00_Rq0_02113,2021-10-17 22:18:35,867628,28.25,,
H0407_D6_282C10p_att00_Rq0,H0407_D6_282C10p_att00_Rq0_02114,2021-10-17 22:18:41,867004,28.25,,
H0407_D6_282C10p_att00_Rq0,H0407_D6_282C10p_att00_Rq0_02115,2021-10-17 22:18:46,1062605,28.25,,
H0407_D6_282C10p_att00_Rq0,H0407_D6_282C10p_att00_Rq0_02116,2021-10-17 22:18:52,874315,28.25,,
H0407_D6_282C10p_att00_Rq0,H0407_D6_282C10p_att00_Rq0_02117,2021-10-17 22:18:58,872554,28.25,,
H0407_D6_282C10p_att00_Rq0,H0407_D6_282C10p_att00_Rq0_02118,2021-10-17 22:19:03,873927,28.25,,
H0407_D6_282C10p_att00_Rq0,H0407_D6_282C10p_att00_Rq0_02119,2021-10-17 22:19:09,873106,28.25,,
H0407_D6_282C10p_att00_Rq0,H0407_D6_282C10p_att00_Rq0_02120,2021-10-17 22:19:14,875049,28.25,,
H0407_D6_282C10p_att00_Rq0,H0407_D6_282C10p_att00_Rq0_02121,2021-10-17 22:19:22,873772,28.25,,
H0407_D6_282C10p_att00_Rq0,H0407_D6_282C10p_att00_Rq0_02122,2021-10-17 22:19:28,872762,28.25,,
H0407_D6_282C10p_att00_Rq0,H0407_D6_282C10p_att00_Rq0_02123,2021-10-17 22:19:33,872391,28.25,,
H0407_D6_282C10p_att00_Rq0,H0407_D6_282C10p_att00_Rq0_02124,2021-10-17 22:19:39,873046,28.25,,
H0407_D6_282C10p_att00_Rq0,H0407_D6_282C10p_att00_Rq0_02125,2021-10-17 22:19:45,879591,28.25,,
H0407_D6_282C10p_att00_Rq0,H0407_D6_282C10p_att00_Rq0_02126,2021-10-17 22:19:50,872860,28.25,,
H0407_D6_282C10p_att00_Rq0,H0407_D6_282C10p_att00_Rq0_02127,2021-10-17 22:19:56,871974,28.25,,
H0407_D6_282C10p_att00_Rq0,H0407_D6_282C10p_att00_Rq0_02128,2021-10-17 22:20:02,872332,28.25,,
H0407_D6_282C10p_att00_Rq0,H0407_D6_282C10p_att00_Rq0_02129,2021-10-17 22:20:07,881522,28.25,,
H0407_D6_282C10p_att00_Rq0,H0407_D6_282C10p_att00_Rq0_02130,2021-10-17 22:20:13,872033,28.25,,
H0407_D6_282C10p_att00_Rq0,H0407_D6_282C10p_att00_Rq0_02131,2021-10-17 22:20:18,871665,28.25,,
H0407_D6_282C10p_att00_Rq0,H0407_D6_282C10p_att00_Rq0_02132,2021-10-17 22:20:25,872605,28.25,,
H0407_D6_282C10p_att00_Rq0,H0407_D6_282C10p_att00_Rq0_02133,2021-10-17 22:20:31,871983,28.25,,
H0407_D6_282C10p_att00_Rq0,H0407_D6_282C10p_att00_Rq0_02134,2021-10-17 22:20:36,871092,28.25,,
H0407_D6_282C10p_att00_Rq0,H0407_D6_282C10p_att00_Rq0_02135,2021-10-17 22:20:42,871789,28.25,,
H0407_D6_282C10p_att00_Rq0,H0407_D6_282C10p_att00_Rq0_02136,2021-10-17 22:20:48,871463,28.25,,
H0407_D6_282C10p_att00_Rq0,H0407_D6_282C10p_att00_Rq0_02137,2021-10-17 22:20:53,874861,28.25,,
H0407_D6_282C10p_att00_Rq0,H0407_D6_282C10p_att00_Rq0_02138,2021-10-17 22:20:59,866776,28.25,,
H0407_D6_282C10p_att00_Rq0,H0407_D6_282C10p_att00_Rq0_02139,2021-10-17 22:21:05,870395,28.25,,
H0407_D6_282C10p_att00_Rq0,H0407_D6_282C10p_att00_Rq0_02140,2021-10-17 22:21:10,870554,28.25,,
H0407_D6_282C10p_att00_Rq0,H0407_D6_282C10p_att00_Rq0_02141,2021-10-17 22:21:18,874923,28.25,,
H0407_D6_282C10p_att00_Rq0,H0407_D6_282C10p_att00_Rq0_02142,2021-10-17 22:21:24,876964,28.25,,
H0407_D6_282C10p_att00_Rq0,H0407_D6_282C10p_att00_Rq0_02143,2021-10-17 22:21:29,870161,28.25,,
H0407_D6_282C10p_att00_Rq0,H0407_D6_282C10p_att00_Rq0_02144,2021-10-17 22:21:35,870134,28.25,,
H0407_D6_282C10p_att00_Rq0,H0407_D6_282C10p_att00_Rq0_02145,2021-10-17 22:21:45,867889,28.25,,
H0407_D6_282C10p_att00_Rq0,H0407_D6_282C10p_att00_Rq0_02146,2021-10-17 22:21:50,870167,28.25,,
H0407_D6_282C10p_att00_Rq0,H0407_D6_282C10p_att00_Rq0_02147,2021-10-17 22:21:56,869071,28.25,,
H0407_D6_282C10p_att00_Rq0,H0407_D6_282C10p_att00_Rq0_02148,2021-10-17 22:22:02,873039,28.25,,
H0407_D6_282C10p_att00_Rq0,H0407_D6_282C10p_att00_Rq0_02149,2021-10-17 22:22:11,872678,28.25,,
H0407_D6_282C10p_att00_Rq0,H0407_D6_282C10p_att00_Rq0_02150,2021-10-17 22:22:16,873588,28.25,,
H0407_D6_282C10p_att00_Rq0,H0407_D6_282C10p_att00_Rq0_02151,2021-10-17 22:22:22,869162,28.25,,
H0407_D6_282C10p_att00_Rq0,H0407_D6_282C10p_att00_Rq0_02152,2021-10-17 22:22:27,866243,28.25,,
H0407_D6_282C10p_att00_Rq0,H0407_D6_282C10p_att00_Rq0_02153,2021-10-17 22:22:33,865089,28.25,,
H0407_D6_282C10p_att00_Rq0,H0407_D6_282C10p_att00_Rq0_02154,2021-10-17 22:22:39,868642,28.25,,
H0407_D6_282C10p_att00_Rq0,H0407_D6_282C10p_att00_Rq0_02155,2021-10-17 22:22:44,866872,28.25,,
H0407_D6_282C10p_att00_Rq0,H0407_D6_282C10p_att00_Rq0_02156,2021-10-17 22:22:50,871382,28.25,,
H0407_D6_282C10p_att00_Rq0,H0407_D6_282C10p_att00_Rq0_02157,2021-10-17 22:22:55,875522,28.25,,
H0407_D6_282C10p_att00_Rq0,H0407_D6_282C10p_att00_Rq0_02158,2021-10-17 22:23:01,868378,28.25,,
H0407_D6_282C10p_att00_Rq0,H0407_D6_282C10p_att00_Rq0_02159,2021-10-17 22:23:07,870815,28.25,,
H0407_D6_282C10p_att00_Rq0,H0407_D6_282C10p_att00_Rq0_02160,2021-10-17 22:23:12,871014,28.25,,
H0407_D6_282C10p_att00_Rq0,H0407_D6_282C10p_att00_Rq0_02161,2021-10-17 22:23:20,868487,28.25,,
H0407_D6_282C10p_att00_Rq0,H0407_D6_282C10p_att00_Rq0_02162,2021-10-17 22:23:26,871419,28.25,,
H0407_D6_282C10p_att00_Rq0,H0407_D6_282C10p_att00_Rq0_02163,2021-10-17 22:23:31,871272,28.25,,
H0407_D6_282C10p_att00_Rq0,H0407_D6_282C10p_att00_Rq0_02164,2021-10-17 22:23:37,871126,28.25,,
H0407_D6_282C10p_att00_Rq0,H0407_D6_282C10p_att00_Rq0_02165,2021-10-17 22:23:43,867239,28.25,,
H0407_D6_282C10p_att00_Rq0,H0407_D6_282C10p_att00_Rq0_02166,2021-10-17 22:23:48,869003,28.25,,
H0407_D6_282C10p_att00_Rq0,H0407_D6_282C10p_att00_Rq0_02167,2021-10-17 22:23:54,874505,28.25,,
H0407_D6_282C10p_att00_Rq0,H0407_D6_282C10p_att00_Rq0_02168,2021-10-17 22:23:59,870577,28.25,,
H0407_D6_282C10p_att00_Rq0,H0407_D6_282C10p_att00_Rq0_02169,2021-10-17 22:24:05,882634,28.25,,
H0407_D6_282C10p_att00_Rq0,H0407_D6_282C10p_att00_Rq0_02170,2021-10-17 22:24:11,869389,28.25,,
H0407_D6_282C10p_att00_Rq0,H0407_D6_282C10p_att00_Rq0_02171,2021-10-17 22:24:17,870436,28.25,,
H0407_D6_282C10p_att00_Rq0,H0407_D6_282C10p_att00_Rq0_02172,2021-10-17 22:24:22,872968,28.25,,
H0407_D6_282C10p_att00_Rq0,H0407_D6_282C10p_att00_Rq0_02173,2021-10-17 22:24:28,869037,28.25,,
H0407_D6_282C10p_att00_Rq0,H0407_D6_282C10p_att00_Rq0_02174,2021-10-17 22:24:34,869655,28.25,,
H0407_D6_282C10p_att00_Rq0,H0407_D6_282C10p_att00_Rq0_02175,2021-10-17 22:24:39,870099,28.25,,
H0407_D6_282C10p_att00_Rq0,H0407_D6_282C10p_att00_Rq0_02176,2021-10-17 22:24:45,871343,28.25,,
H0407_D6_282C10p_att00_Rq0,H0407_D6_282C10p_att00_Rq0_02177,2021-10-17 22:24:50,867828,28.25,,
H0407_D6_282C10p_att00_Rq0,H0407_D6_282C10p_att00_Rq0_02178,2021-10-17 22:24:56,874868,28.25,,
H0407_D6_282C10p_att00_Rq0,H0407_D6_282C10p_att00_Rq0_02179,2021-10-17 22:25:01,875824,28.25,,
H0407_D6_282C10p_att00_Rq0,H0407_D6_282C10p_att00_Rq0_02180,2021-10-17 22:25:07,869006,28.25,,
H0407_D6_282C10p_att00_Rq0,H0407_D6_282C10p_att00_Rq0_02181,2021-10-17 22:25:15,876314,28.25,,
H0407_D6_282C10p_att00_Rq0,H0407_D6_282C10p_att00_Rq0_02182,2021-10-17 22:25:21,870400,28.25,,
H0407_D6_282C10p_att00_Rq0,H0407_D6_282C10p_att00_Rq0_02183,2021-10-17 22:25:27,870956,28.25,,
H0407_D6_282C10p_att00_Rq0,H0407_D6_282C10p_att00_Rq0_02184,2021-10-17 22:25:33,871897,28.25,,
H0407_D6_282C10p_att00_Rq0,H0407_D6_282C10p_att00_Rq0_02185,2021-10-17 22:25:39,870681,28.25,,
H0407_D6_282C10p_att00_Rq0,H0407_D6_282C10p_att00_Rq0_02186,2021-10-17 22:25:44,870662,28.25,,
H0407_D6_282C10p_att00_Rq0,H0407_D6_282C10p_att00_Rq0_02187,2021-10-17 22:25:50,866618,28.25,,
H0407_D6_282C10p_att00_Rq0,H0407_D6_282C10p_att00_Rq0_02188,2021-10-17 22:25:56,870432,28.25,,
H0407_D6_282C10p_att00_Rq0,H0407_D6_282C10p_att00_Rq0_02189,2021-10-17 22:26:01,867447,28.25,,
H0407_D6_282C10p_att00_Rq0,H0407_D6_282C10p_att00_Rq0_02190,2021-10-17 22:26:07,869762,28.25,,
H0407_D6_282C10p_att00_Rq0,H0407_D6_282C10p_att00_Rq0_02191,2021-10-17 22:26:12,869696,28.25,,
H0407_D6_282C10p_att00_Rq0,H0407_D6_282C10p_att00_Rq0_02192,2021-10-17 22:26:18,869653,28.25,,
H0407_D6_282C10p_att00_Rq0,H0407_D6_282C10p_att00_Rq0_02193,2021-10-17 22:26:24,868611,28.25,,
H0407_D6_282C10p_att00_Rq0,H0407_D6_282C10p_att00_Rq0_02194,2021-10-17 22:26:29,870946,28.25,,
H0407_D6_282C10p_att00_Rq0,H0407_D6_282C10p_att00_Rq0_02195,2021-10-17 22:26:35,869321,28.25,,
H0407_D6_282C10p_att00_Rq0,H0407_D6_282C10p_att00_Rq0_02196,2021-10-17 22:26:40,878827,28.25,,
H0407_D6_282C10p_att00_Rq0,H0407_D6_282C10p_att00_Rq0_02197,2021-10-17 22:26:47,873482,28.25,,
H0407_D6_282C10p_att00_Rq0,H0407_D6_282C10p_att00_Rq0_02198,2021-10-17 22:26:53,876286,28.25,,
H0407_D6_282C10p_att00_Rq0,H0407_D6_282C10p_att00_Rq0_02199,2021-10-17 22:26:58,876423,28.25,,
H0407_D6_282C10p_att00_Rq0,H0407_D6_282C10p_att00_Rq0_02200,2021-10-17 22:27:04,876437,28.25,,
H0407_D6_282C10p_att00_Rq0,H0407_D6_282C10p_att00_Rq0_02201,2021-10-17 22:27:12,885811,28.25,,
H0407_D6_282C10p_att00_Rq0,H0407_D6_282C10p_att00_Rq0_02202,2021-10-17 22:27:18,875162,28.25,,
H0407_D6_282C10p_att00_Rq0,H0407_D6_282C10p_att00_Rq0_02203,2021-10-17 22:27:23,873281,28.25,,
H0407_D6_282C10p_att00_Rq0,H0407_D6_282C10p_att00_Rq0_02204,2021-10-17 22:27:29,870644,28.25,,
H0407_D6_282C10p_att00_Rq0,H0407_D6_282C10p_att00_Rq0_02205,2021-10-17 22:27:35,1154936,28.25,,
H0407_D6_282C10p_att00_Rq0,H0407_D6_282C10p_att00_Rq0_02206,2021-10-17 22:27:41,869794,28.25,,
H0407_D6_282C10p_att00_Rq0,H0407_D6_282C10p_att00_Rq0_02207,2021-10-17 22:27:47,871738,28.25,,
H0407_D6_282C10p_att00_Rq0,H0407_D6_282C10p_att00_Rq0_02208,2021-10-17 22:27:52,871007,28.25,,
H0407_D6_282C10p_att00_Rq0,H0407_D6_282C10p_att00_Rq0_02209,2021-10-17 22:27:58,870153,28.25,,
H0407_D6_282C10p_att00_Rq0,H0407_D6_282C10p_att00_Rq0_02210,2021-10-17 22:28:04,870360,28.25,,
H0407_D6_282C10p_att00_Rq0,H0407_D6_282C10p_att00_Rq0_02211,2021-10-17 22:28:09,877460,28.25,,
H0407_D6_282C10p_att00_Rq0,H0407_D6_282C10p_att00_Rq0_02212,2021-10-17 22:28:15,870379,28.25,,
H0407_D6_282C10p_att00_Rq0,H0407_D6_282C10p_att00_Rq0_02213,2021-10-17 22:28:21,869797,28.25,,
H0407_D6_282C10p_att00_Rq0,H0407_D6_282C10p_att00_Rq0_02214,2021-10-17 22:28:26,872913,28.25,,
H0407_D6_282C10p_att00_Rq0,H0407_D6_282C10p_att00_Rq0_02215,2021-10-17 22:28:32,877975,28.25,,
H0407_D6_282C10p_att00_Rq0,H0407_D6_282C10p_att00_Rq0_02216,2021-10-17 22:28:38,882636,28.25,,
H0407_D6_282C10p_att00_Rq0,H0407_D6_282C10p_att00_Rq0_02217,2021-10-17 22:28:44,871194,28.25,,
H0407_D6_282C10p_att00_Rq0,H0407_D6_282C10p_att00_Rq0_02218,2021-10-17 22:28:49,873969,28.25,,
H0407_D6_282C10p_att00_Rq0,H0407_D6_282C10p_att00_Rq0_02219,2021-10-17 22:28:58,872826,28.25,,
H0407_D6_282C10p_att00_Rq0,H0407_D6_282C10p_att00_Rq0_02220,2021-10-17 22:29:04,871780,28.25,,
H0407_D6_282C10p_att00_Rq0,H0407_D6_282C10p_att00_Rq0_02221,2021-10-17 22:29:12,873138,28.25,,
H0407_D6_282C10p_att00_Rq0,H0407_D6_282C10p_att00_Rq0_02222,2021-10-17 22:29:18,871905,28.25,,
H0407_D6_282C10p_att00_Rq0,H0407_D6_282C10p_att00_Rq0_02223,2021-10-17 22:29:24,872124,28.25,,
H0407_D6_282C10p_att00_Rq0,H0407_D6_282C10p_att00_Rq0_02224,2021-10-17 22:29:29,1122404,28.25,,
H0407_D6_282C10p_att00_Rq0,H0407_D6_282C10p_att00_Rq0_02225,2021-10-17 22:29:36,875889,28.25,,
H0407_D6_282C10p_att00_Rq0,H0407_D6_282C10p_att00_Rq0_02226,2021-10-17 22:29:41,870498,28.25,,
H0407_D6_282C10p_att00_Rq0,H0407_D6_282C10p_att00_Rq0_02227,2021-10-17 22:29:47,870399,28.25,,
H0407_D6_282C10p_att00_Rq0,H0407_D6_282C10p_att00_Rq0_02228,2021-10-17 22:29:53,870956,28.25,,
H0407_D6_282C10p_att00_Rq0,H0407_D6_282C10p_att00_Rq0_02229,2021-10-17 22:29:58,870755,28.25,,
H0407_D6_282C10p_att00_Rq0,H0407_D6_282C10p_att00_Rq0_02230,2021-10-17 22:30:04,880002,28.25,,
H0407_D6_282C10p_att00_Rq0,H0407_D6_282C10p_att00_Rq0_02231,2021-10-17 22:30:10,881412,28.25,,
H0407_D6_282C10p_att00_Rq0,H0407_D6_282C10p_att00_Rq0_02232,2021-10-17 22:30:16,867134,28.25,,
H0407_D6_282C10p_att00_Rq0,H0407_D6_282C10p_att00_Rq0_02233,2021-10-17 22:30:21,871379,28.25,,
H0407_D6_282C10p_att00_Rq0,H0407_D6_282C10p_att00_Rq0_02234,2021-10-17 22:30:27,869669,28.25,,
H0407_D6_282C10p_att00_Rq0,H0407_D6_282C10p_att00_Rq0_02235,2021-10-17 22:30:33,870010,28.25,,
H0407_D6_282C10p_att00_Rq0,H0407_D6_282C10p_att00_Rq0_02236,2021-10-17 22:30:38,869536,28.25,,
H0407_D6_282C10p_att00_Rq0,H0407_D6_282C10p_att00_Rq0_02237,2021-10-17 22:30:44,862714,28.25,,
H0407_D6_282C10p_att00_Rq0,H0407_D6_282C10p_att00_Rq0_02238,2021-10-17 22:30:49,873729,28.25,,
H0407_D6_282C10p_att00_Rq0,H0407_D6_282C10p_att00_Rq0_02239,2021-10-17 22:30:55,875821,28.25,,
H0407_D6_282C10p_att00_Rq0,H0407_D6_282C10p_att00_Rq0_02240,2021-10-17 22:31:01,869517,28.25,,
H0407_D6_282C10p_att00_Rq0,H0407_D6_282C10p_att00_Rq0_02241,2021-10-17 22:31:09,871753,28.25,,
H0407_D6_282C10p_att00_Rq0,H0407_D6_282C10p_att00_Rq0_02242,2021-10-17 22:31:14,890333,28.25,,
H0407_D6_282C10p_att00_Rq0,H0407_D6_282C10p_att00_Rq0_02243,2021-10-17 22:31:20,870965,28.25,,
H0407_D6_282C10p_att00_Rq0,H0407_D6_282C10p_att00_Rq0_02244,2021-10-17 22:31:25,881071,28.25,,
H0407_D6_282C10p_att00_Rq0,H0407_D6_282C10p_att00_Rq0_02245,2021-10-17 22:31:31,871460,28.25,,
H0407_D6_282C10p_att00_Rq0,H0407_D6_282C10p_att00_Rq0_02246,2021-10-17 22:31:37,883251,28.25,,
H0407_D6_282C10p_att00_Rq0,H0407_D6_282C10p_att00_Rq0_02247,2021-10-17 22:31:43,871745,28.25,,
H0407_D6_282C10p_att00_Rq0,H0407_D6_282C10p_att00_Rq0_02248,2021-10-17 22:31:48,874864,28.25,,
H0407_D6_282C10p_att00_Rq0,H0407_D6_282C10p_att00_Rq0_02249,2021-10-17 22:31:57,874523,28.25,,
H0407_D6_282C10p_att00_Rq0,H0407_D6_282C10p_att00_Rq0_02250,2021-10-17 22:32:03,870887,28.25,,
H0407_D6_282C10p_att00_Rq0,H0407_D6_282C10p_att00_Rq0_02251,2021-10-17 22:32:09,865311,28.25,,
H0407_D6_282C10p_att00_Rq0,H0407_D6_282C10p_att00_Rq0_02252,2021-10-17 22:32:14,874920,28.25,,
H0407_D6_282C10p_att00_Rq0,H0407_D6_282C10p_att00_Rq0_02253,2021-10-17 22:32:20,870584,28.25,,
H0407_D6_282C10p_att00_Rq0,H0407_D6_282C10p_att00_Rq0_02254,2021-10-17 22:32:25,871553,28.25,,
H0407_D6_282C10p_att00_Rq0,H0407_D6_282C10p_att00_Rq0_02255,2021-10-17 22:32:31,870771,28.25,,
H0407_D6_282C10p_att00_Rq0,H0407_D6_282C10p_att00_Rq0_02256,2021-10-17 22:32:37,873785,28.25,,
H0407_D6_282C10p_att00_Rq0,H0407_D6_282C10p_att00_Rq0_02257,2021-10-17 22:32:42,862136,28.25,,
H0407_D6_282C10p_att00_Rq0,H0407_D6_282C10p_att00_Rq0_02258,2021-10-17 22:32:48,872820,28.25,,
H0407_D6_282C10p_att00_Rq0,H0407_D6_282C10p_att00_Rq0_02259,2021-10-17 22:32:54,876499,28.25,,
H0407_D6_282C10p_att00_Rq0,H0407_D6_282C10p_att00_Rq0_02260,2021-10-17 22:32:59,875722,28.25,,
H0407_D6_282C10p_att00_Rq0,H0407_D6_282C10p_att00_Rq0_02261,2021-10-17 22:33:07,872203,28.25,,
H0407_D6_282C10p_att00_Rq0,H0407_D6_282C10p_att00_Rq0_02262,2021-10-17 22:33:13,887202,28.25,,
H0407_D6_282C10p_att00_Rq0,H0407_D6_282C10p_att00_Rq0_02263,2021-10-17 22:33:18,876979,28.25,,
H0407_D6_282C10p_att00_Rq0,H0407_D6_282C10p_att00_Rq0_02264,2021-10-17 22:33:24,868700,28.25,,
H0407_D6_282C10p_att00_Rq0,H0407_D6_282C10p_att00_Rq0_02265,2021-10-17 22:33:30,876841,28.25,,
H0407_D6_282C10p_att00_Rq0,H0407_D6_282C10p_att00_Rq0_02266,2021-10-17 22:33:35,871882,28.25,,
H0407_D6_282C10p_att00_Rq0,H0407_D6_282C10p_att00_Rq0_02267,2021-10-17 22:33:41,872010,28.25,,
H0407_D6_282C10p_att00_Rq0,H0407_D6_282C10p_att00_Rq0_02268,2021-10-17 22:33:47,870843,28.25,,
H0407_D6_282C10p_att00_Rq0,H0407_D6_282C10p_att00_Rq0_02269,2021-10-17 22:33:52,874436,28.25,,
H0407_D6_282C10p_att00_Rq0,H0407_D6_282C10p_att00_Rq0_02270,2021-10-17 22:33:58,870596,28.25,,
H0407_D6_282C10p_att00_Rq0,H0407_D6_282C10p_att00_Rq0_02271,2021-10-17 22:34:04,880062,28.25,,
H0407_D6_282C10p_att00_Rq0,H0407_D6_282C10p_att00_Rq0_02272,2021-10-17 22:34:09,873223,28.25,,
H0407_D6_282C10p_att00_Rq0,H0407_D6_282C10p_att00_Rq0_02273,2021-10-17 22:34:15,871241,28.25,,
H0407_D6_282C10p_att00_Rq0,H0407_D6_282C10p_att00_Rq0_02274,,,,,no Data Exchange metadata
H0412_D9_060C10p_att00_Rq0,H0412_D9_060C10p_att00_Rq0_00001,2021-10-17 23:16:38,872600,6.00,,
H0412_D9_060C10p_att00_Rq0,H0412_D9_060C10p_att00_Rq0_00002,2021-10-17 23:16:45,874682,6.00,,
H0412_D9_060C10p_att00_Rq0,H0412_D9_060C10p_att00_Rq0_00003,2021-10-17 23:16:51,874625,6.00,,
H0412_D9_060C10p_att00_Rq0,H0412_D9_060C10p_att00_Rq0_00004,2021-10-17 23:16:57,874270,6.00,,
H0412_D9_060C10p_att00_Rq0,H0412_D9_060C10p_att00_Rq0_00005,2021-10-17 23:17:02,871301,6.00,,
H0412_D9_060C10p_att00_Rq0,H0412_D9_060C10p_att00_Rq0_00006,2021-10-17 23:17:08,868085,6.00,,
H0412_D9_060C10p_att00_Rq0,H0412_D9_060C10p_att00_Rq0_00007,2021-10-17 23:17:13,870527,6.00,,
H0412_D9_060C10p_att00_Rq0,H0412_D9_060C10p_att00_Rq0_00008,2021-10-17 23:17:19,874105,6.00,,
H0412_D9_060C10p_att00_Rq0,H0412_D9_060C10p_att00_Rq0_00009,2021-10-17 23:17:25,875742,6.00,,
H0412_D9_060C10p_att00_Rq0,H0412_D9_060C10p_att00_Rq0_00010,2021-10-17 23:17:30,873179,6.00,,
H0412_D9_060C10p_att00_Rq0,H0412_D9_060C10p_att00_Rq0_00011,2021-10-17 23:17:36,868927,6.00,,
H0412_D9_060C10p_att00_Rq0,H0412_D9_060C10p_att00_Rq0_00012,2021-10-17 23:17:48,868945,6.00,,
H0412_D9_060C10p_att00_Rq0,H0412_D9_060C10p_att00_Rq0_00013,2021-10-17 23:17:53,868806,6.00,,
H0412_D9_060C10p_att00_Rq0,H0412_D9_060C10p_att00_Rq0_00014,2021-10-17 23:17:59,863981,6.00,,
H0412_D9_060C10p_att00_Rq0,H0412_D9_060C10p_att00_Rq0_00015,2021-10-17 23:18:05,869015,6.00,,
H0412_D9_060C10p_att00_Rq0,H0412_D9_060C10p_att00_Rq0_00016,2021-10-17 23:18:10,874416,6.00,,
H0412_D9_060C10p_att00_Rq0,H0412_D9_060C10p_att00_Rq0_00017,2021-10-17 23:18:16,867958,6.00,,
H0412_D9_060C10p_att00_Rq0,H0412_D9_060C10p_att00_Rq0_00018,2021-10-17 23:18:21,867341,6.00,,
H0412_D9_060C10p_att00_Rq0,H0412_D9_060C10p_att00_Rq0_00019,2021-10-17 23:18:27,871973,6.00,,
H0412_D9_060C10p_att00_Rq0,H0412_D9_060C10p_att00_Rq0_00020,2021-10-17 23:18:32,866009,6.00,,
H0412_D9_282C10p_att00_Rq0,H0412_D9_282C10p_att00_Rq0_00001,2021-10-17 23:35:02,870921,28.25,,
H0412_D9_282C10p_att00_Rq0,H0412_D9_282C10p_att00_Rq0_00002,2021-10-17 23:35:09,871291,28.25,,
H0412_D9_282C10p_att00_Rq0,H0412_D9_282C10p_att00_Rq0_00003,2021-10-17 23:35:14,870356,28.25,,
H0412_D9_282C10p_att00_Rq0,H0412_D9_282C10p_att00_Rq0_00004,2021-10-17 23:35:20,896897,28.25,,
H0412_D9_282C10p_att00_Rq0,H0412_D9_282C10p_att00_Rq0_00005,2021-10-17 23:35:26,871611,28.25,,
H0412_D9_282C10p_att00_Rq0,H0412_D9_282C10p_att00_Rq0_00006,2021-10-17 23:35:31,871963,28.25,,
H0412_D9_282C10p_att00_Rq0,H0412_D9_282C10p_att00_Rq0_00007,2021-10-17 23:35:37,870975,28.25,,
H0412_D9_282C10p_att00_Rq0,H0412_D9_282C10p_att00_Rq0_00008,2021-10-17 23:35:42,871232,28.25,,
H0412_D9_282C10p_att00_Rq0,H0412_D9_282C10p_att00_Rq0_00009,2021-10-17 23:35:48,866770,28.25,,
H0412_D9_282C10p_att00_Rq0,H0412_D9_282C10p_att00_Rq0_00010,2021-10-17 23:35:54,870930,28.25,,
H0412_D9_282C10p_att00_Rq0,H0412_D9_282C10p_att00_Rq0_00011,2021-10-17 23:35:59,871111,28.25,,
H0412_D9_282C10p_att00_Rq0,H0412_D9_282C10p_att00_Rq0_00012,2021-10-17 23:36:09,874580,28.25,,
H0412_D9_282C10p_att00_Rq0,H0412_D9_282C10p_att00_Rq0_00013,2021-10-17 23:36:15,868559,28.25,,
H0412_D9_282C10p_att00_Rq0,H0412_D9_282C10p_att00_Rq0_00014,2021-10-17 23:36:20,1065162,28.25,,
H0412_D9_282C10p_att00_Rq0,H0412_D9_282C10p_att00_Rq0_00015,2021-10-17 23:36:26,875678,28.25,,
H0412_D9_282C10p_att00_Rq0,H0412_D9_282C10p_att00_Rq0_00016,2021-10-17 23:36:32,867329,28.25,,
H0412_D9_282C10p_att00_Rq0,H0412_D9_282C10p_att00_Rq0_00017,2021-10-17 23:36:37,869056,28.25,,
H0412_D9_282C10p_att00_Rq0,H0412_D9_282C10p_att00_Rq0_00018,2021-10-17 23:36:43,867284,28.25,,
H0412_D9_282C10p_att00_Rq0,H0412_D9_282C10p_att00_Rq0_00019,2021-10-17 23:36:49,871433,28.25,,
H0412_D9_282C10p_att00_Rq0,H0412_D9_282C10p_att00_Rq0_00020,2021-10-17 23:36:54,871769,28.25,,
H0412_D9_282C10p_att00_Rq0,H0412_D9_282C10p_att00_Rq0_00021,2021-10-17 23:37:03,877377,28.25,,
H0412_D9_282C10p_att00_Rq0,H0412_D9_282C10p_att00_Rq0_00022,2021-10-17 23:37:09,875668,28.25,,
H0412_D9_282C10p_att00_Rq0,H0412_D9_282C10p_att00_Rq0_00023,2021-10-17 23:37:14,874040,28.25,,
H0412_D9_282C10p_att00_Rq0,H0412_D9_282C10p_att00_Rq0_00024,2021-10-17 23:37:20,867964,28.25,,
H0412_D9_282C10p_att00_Rq0,H0412_D9_282C10p_att00_Rq0_00025,2021-10-17 23:37:26,871974,28.25,,
H0412_D9_282C10p_att00_Rq0,H0412_D9_282C10p_att00_Rq0_00026,2021-10-17 23:37:31,870694,28.25,,
H0412_D9_282C10p_att00_Rq0,H0412_D9_282C10p_att00_Rq0_00027,2021-10-17 23:37:37,870564,28.25,,
H0412_D9_282C10p_att00_Rq0,H0412_D9_282C10p_att00_Rq0_00028,2021-10-17 23:37:43,871005,28.25,,
H0412_D9_282C10p_att00_Rq0,H0412_D9_282C10p_att00_Rq0_00029,2021-10-17 23:37:48,872889,28.25,,
H0412_D9_282C10p_att00_Rq0,H0412_D9_282C10p_att00_Rq0_00030,2021-10-17 23:37:54,870008,28.25,,
H0412_D9_282C10p_att00_Rq0,H0412_D9_282C10p_att00_Rq0_00031,2021-10-17 23:37:59,870204,28.25,,
H0412_D9_282C10p_att00_Rq0,H0412_D9_282C10p_att00_Rq0_00032,2021-10-17 23:38:05,870144,28.25,,
H0412_D9_282C10p_att00_Rq0,H0412_D9_282C10p_att00_Rq0_00033,2021-10-17 23:38:11,868862,28.25,,
H0412_D9_282C10p_att00_Rq0,H0412_D9_282C10p_att00_Rq0_00034,2021-10-17 23:38:16,874978,28.25,,
H0412_D9_282C10p_att00_Rq0,H0412_D9_282C10p_att00_Rq0_00035,2021-10-17 23:38:22,873230,28.25,,
H0412_D9_282C10p_att00_Rq0,H0412_D9_282C10p_att00_Rq0_00036,2021-10-17 23:38:28,870378,28.25,,
H0412_D9_282C10p_att00_Rq0,H0412_D9_282C10p_att00_Rq0_00037,2021-10-17 23:38:33,868818,28.25,,
H0412_D9_282C10p_att00_Rq0,H0412_D9_282C10p_att00_Rq0_00038,2021-10-17 23:38:39,869785,28.25,,
H0412_D9_282C10p_att00_Rq0,H0412_D9_282C10p_att00_Rq0_00039,2021-10-17 23:38:44,914256,28.25,,
H0412_D9_282C10p_att00_Rq0,H0412_D9_282C10p_att00_Rq0_00040,2021-10-17 23:38:50,873353,28.25,,
H0412_D9_282C10p_att00_Rq0,H0412_D9_282C10p_att00_Rq0_00041,2021-10-17 23:38:59,873339,28.25,,
H0412_D9_282C10p_att00_Rq0,H0412_D9_282C10p_att00_Rq0_00042,2021-10-17 23:39:04,886086,28.25,,
H0412_D9_282C10p_att00_Rq0,H0412_D9_282C10p_att00_Rq0_00043,2021-10-17 23:39:10,869171,28.25,,
H0412_D9_282C10p_att00_Rq0,H0412_D9_282C10p_att00_Rq0_00044,2021-10-17 23:39:16,871593,28.25,,
H0412_D9_282C10p_att00_Rq0,H0412_D9_282C10p_att00_Rq0_00045,2021-10-17 23:39:21,871044,28.25,,
H0412_D9_282C10p_att00_Rq0,H0412_D9_282C10p_att00_Rq0_00046,2021-10-17 23:39:27,879619,28.25,,
H0412_D9_282C10p_att00_Rq0,H0412_D9_282C10p_att00_Rq0_00047,2021-10-17 23:39:36,867894,28.25,,
H0412_D9_282C10p_att00_Rq0,H0412_D9_282C10p_att00_Rq0_00048,2021-10-17 23:39:42,878376,28.25,,
H0412_D9_282C10p_att00_Rq0,H0412_D9_282C10p_att00_Rq0_00049,2021-10-17 23:39:47,866851,28.25,,
H0412_D9_282C10p_att00_Rq0,H0412_D9_282C10p_att00_Rq0_00050,2021-10-17 23:39:53,871241,28.25,,
H0412_D9_282C10p_att00_Rq0,H0412_D9_282C10p_att00_Rq0_00051,2021-10-17 23:39:58,880579,28.25,,
H0412_D9_282C10p_att00_Rq0,H0412_D9_282C10p_att00_Rq0_00052,2021-10-17 23:40:04,867280,28.25,,
H0412_D9_282C10p_att00_Rq0,H0412_D9_282C10p_att00_Rq0_00053,2021-10-17 23:40:10,875697,28.25,,
H0412_D9_282C10p_att00_Rq0,H0412_D9_282C10p_att00_Rq0_00054,2021-10-17 23:40:15,871266,28.25,,
H0412_D9_282C10p_att00_Rq0,H0412_D9_282C10p_att00_Rq0_00055,2021-10-17 23:40:21,869716,28.25,,
H0412_D9_282C10p_att00_Rq0,H0412_D9_282C10p_att00_Rq0_00056,2021-10-17 23:40:27,869585,28.25,,
H0412_D9_282C10p_att00_Rq0,H0412_D9_282C10p_att00_Rq0_00057,2021-10-17 23:40:32,872538,28.25,,
H0412_D9_282C10p_att00_Rq0,H0412_D9_282C10p_att00_Rq0_00058,2021-10-17 23:40:38,866146,28.25,,
H0412_D9_282C10p_att00_Rq0,H0412_D9_282C10p_att00_Rq0_00059,2021-10-17 23:40:43,867713,28.25,,
H0412_D9_282C10p_att00_Rq0,H0412_D9_282C10p_att00_Rq0_00060,2021-10-17 23:40:53,872320,28.25,,
H0412_D9_282C10p_att00_Rq0,H0412_D9_282C10p_att00_Rq0_00061,2021-10-17 23:41:02,871191,28.25,,
H0412_D9_282C10p_att00_Rq0,H0412_D9_282C10p_att00_Rq0_00062,2021-10-17 23:41:07,872544,28.25,,
H0412_D9_282C10p_att00_Rq0,H0412_D9_282C10p_att00_Rq0_00063,2021-10-17 23:41:13,871931,28.25,,
H0412_D9_282C10p_att00_Rq0,H0412_D9_282C10p_att00_Rq0_00064,2021-10-17 23:41:19,867444,28.25,,
H0412_D9_282C10p_att00_Rq0,H0412_D9_282C10p_att00_Rq0_00065,2021-10-17 23:41:24,872123,28.25,,
H0412_D9_282C10p_att00_Rq0,H0412_D9_282C10p_att00_Rq0_00066,2021-10-17 23:41:30,881010,28.25,,
H0412_D9_282C10p_att00_Rq0,H0412_D9_282C10p_att00_Rq0_00067,2021-10-17 23:41:35,874106,28.25,,
H0412_D9_282C10p_att00_Rq0,H0412_D9_282C10p_att00_Rq0_00068,2021-10-17 23:41:41,872295,28.25,,
H0412_D9_282C10p_att00_Rq0,H0412_D9_282C10p_att00_Rq0_00069,2021-10-17 23:41:47,871020,28.25,,
H0412_D9_282C10p_att00_Rq0,H0412_D9_282C10p_att00_Rq0_00070,2021-10-17 23:41:53,868983,28.25,,
H0412_D9_282C10p_att00_Rq0,H0412_D9_282C10p_att00_Rq0_00071,2021-10-17 23:41:58,870697,28.25,,
H0412_D9_282C10p_att00_Rq0,H0412_D9_282C10p_att00_Rq0_00072,2021-10-17 23:42:04,866533,28.25,,
H0412_D9_282C10p_att00_Rq0,H0412_D9_282C10p_att00_Rq0_00073,2021-10-17 23:42:09,871453,28.25,,
H0412_D9_282C10p_att00_Rq0,H0412_D9_282C10p_att00_Rq0_00074,2021-10-17 23:42:15,871119,28.25,,
H0412_D9_282C10p_att00_Rq0,H0412_D9_282C10p_att00_Rq0_00075,2021-10-17 23:42:20,870853,28.25,,
H0412_D9_282C10p_att00_Rq0,H0412_D9_282C10p_att00_Rq0_00076,2021-10-17 23:42:26,870358,28.25,,
H0412_D9_282C10p_att00_Rq0,H0412_D9_282C10p_att00_Rq0_00077,2021-10-17 23:42:31,870607,28.25,,
H0412_D9_282C10p_att00_Rq0,H0412_D9_282C10p_att00_Rq0_00078,2021-10-17 23:42:37,870462,28.25,,
H0412_D9_282C10p_att00_Rq0,H0412_D9_282C10p_att00_Rq0_00079,2021-10-17 23:42:43,868162,28.25,,
H0412_D9_282C10p_att00_Rq0,H0412_D9_282C10p_att00_Rq0_00080,2021-10-17 23:42:48,874012,28.25,,
H0412_D9_282C10p_att00_Rq0,H0412_D9_282C10p_att00_Rq0_00081,2021-10-17 23:42:57,878283,28.25,,
H0412_D9_282C10p_att00_Rq0,H0412_D9_282C10p_att00_Rq0_00082,2021-10-17 23:43:02,872223,28.25,,
H0412_D9_282C10p_att00_Rq0,H0412_D9_282C10p_att00_Rq0_00083,2021-10-17 23:43:08,871648,28.25,,
H0412_D9_282C10p_att00_Rq0,H0412_D9_282C10p_att00_Rq0_00084,2021-10-17 23:43:14,867066,28.25,,
H0412_D9_282C10p_att00_Rq0,H0412_D9_282C10p_att00_Rq0_00085,2021-10-17 23:43:19,876359,28.25,,
H0412_D9_282C10p_att00_Rq0,H0412_D9_282C10p_att00_Rq0_00086,2021-10-17 23:43:25,872291,28.25,,
H0412_D9_282C10p_att00_Rq0,H0412_D9_282C10p_att00_Rq0_00087,2021-10-17 23:43:30,868678,28.25,,
H0412_D9_282C10p_att00_Rq0,H0412_D9_282C10p_att00_Rq0_00088,2021-10-17 23:43:36,871258,28.25,,
H0412_D9_282C10p_att00_Rq0,H0412_D9_282C10p_att00_Rq0_00089,2021-10-17 23:43:41,871589,28.25,,
H0412_D9_282C10p_att00_Rq0,H0412_D9_282C10p_att00_Rq0_00090,2021-10-17 23:43:47,872430,28.25,,
H0412_D9_282C10p_att00_Rq0,H0412_D9_282C10p_att00_Rq0_00091,2021-10-17 23:43:53,875290,28.25,,
H0412_D9_282C10p_att00_Rq0,H0412_D9_282C10p_att00_Rq0_00092,2021-10-17 23:43:58,871869,28.25,,
H0412_D9_282C10p_att00_Rq0,H0412_D9_282C10p_att00_Rq0_00093,2021-10-17 23:44:04,871874,28.25,,
H0412_D9_282C10p_att00_Rq0,H0412_D9_282C10p_att00_Rq0_00094,2021-10-17 23:44:12,871452,28.25,,
H0412_D9_282C10p_att00_Rq0,H0412_D9_282C10p_att00_Rq0_00095,2021-10-17 23:44:18,867588,28.25,,
H0412_D9_282C10p_att00_Rq0,H0412_D9_282C10p_att00_Rq0_00096,2021-10-17 23:44:23,870849,28.25,,
H0412_D9_282C10p_att00_Rq0,H0412_D9_282C10p_att00_Rq0_00097,2021-10-17 23:44:29,871385,28.25,,
H0412_D9_282C10p_att00_Rq0,H0412_D9_282C10p_att00_Rq0_00098,2021-10-17 23:44:35,870720,28.25,,
H0412_D9_282C10p_att00_Rq0,H0412_D9_282C10p_att00_Rq0_00099,2021-10-17 23:44:40,870225,28.25,,
H0412_D9_282C10p_att00_Rq0,H0412_D9_282C10p_att00_Rq0_00100,2021-10-17 23:44:46,870589,28.25,,
H0412_D9_282C10p_att00_Rq0,H0412_D9_282C10p_att00_Rq0_00101,2021-10-17 23:44:55,869758,28.25,,
H0412_D9_282C10p_att00_Rq0,H0412_D9_282C10p_att00_Rq0_00102,2021-10-17 23:45:00,873239,28.25,,
H0412_D9_282C10p_att00_Rq0,H0412_D9_282C10p_att00_Rq0_00103,2021-10-17 23:45:06,868730,28.25,,
H0412_D9_282C10p_att00_Rq0,H0412_D9_282C10p_att00_Rq0_00104,2021-10-17 23:45:11,868240,28.25,,
H0412_D9_282C10p_att00_Rq0,H0412_D9_282C10p_att00_Rq0_00105,2021-10-17 23:45:17,866105,28.25,,
H0412_D9_282C10p_att00_Rq0,H0412_D9_282C10p_att00_Rq0_00106,2021-10-17 23:45:23,868753,28.25,,
H0412_D9_282C10p_att00_Rq0,H0412_D9_282C10p_att00_Rq0_00107,2021-10-17 23:45:28,868368,28.25,,
H0412_D9_282C10p_att00_Rq0,H0412_D9_282C10p_att00_Rq0_00108,2021-10-17 23:45:34,867253,28.25,,
H0412_D9_282C10p_att00_Rq0,H0412_D9_282C10p_att00_Rq0_00109,2021-10-17 23:45:40,868579,28.25,,
H0412_D9_282C10p_att00_Rq0,H0412_D9_282C10p_att00_Rq0_00110,2021-10-17 23:45:45,868686,28.25,,
H0412_D9_282C10p_att00_Rq0,H0412_D9_282C10p_att00_Rq0_00111,2021-10-17 23:45:51,878617,28.25,,
H0412_D9_282C10p_att00_Rq0,H0412_D9_282C10p_att00_Rq0_00112,,,,,no Data Exchange metadata
H0413_D9_060C10p_att00_Rq0,H0413_D9_060C10p_att00_Rq0_00001,2021-10-17 23:58:06,869370,6.00,,
H0413_D9_060C10p_att00_Rq0,H0413_D9_060C10p_att00_Rq0_00002,2021-10-17 23:58:13,869035,6.00,,
H0413_D9_060C10p_att00_Rq0,H0413_D9_060C10p_att00_Rq0_00003,2021-10-17 23:58:19,872273,6.00,,
H0413_D9_060C10p_att00_Rq0,H0413_D9_060C10p_att00_Rq0_00004,2021-10-17 23:58:25,871204,6.00,,
H0413_D9_060C10p_att00_Rq0,H0413_D9_060C10p_att00_Rq0_00005,2021-10-17 23:58:30,867109,6.00,,
H0413_D9_060C10p_att00_Rq0,H0413_D9_060C10p_att00_Rq0_00006,2021-10-17 23:58:36,872719,6.00,,
H0413_D9_060C10p_att00_Rq0,H0413_D9_060C10p_att00_Rq0_00007,2021-10-17 23:58:42,871632,6.00,,
H0413_D9_060C10p_att00_Rq0,H0413_D9_060C10p_att00_Rq0_00008,2021-10-17 23:58:51,874272,6.00,,
H0413_D9_060C10p_att00_Rq0,H0413_D9_060C10p_att00_Rq0_00009,2021-10-17 23:58:57,875529,6.00,,
H0413_D9_060C10p_att00_Rq0,H0413_D9_060C10p_att00_Rq0_00010,2021-10-17 23:59:02,874603,6.00,,
H0413_D9_060C10p_att00_Rq0,H0413_D9_060C10p_att00_Rq0_00011,2021-10-17 23:59:08,873113,6.00,,
H0413_D9_060C10p_att00_Rq0,H0413_D9_060C10p_att00_Rq0_00012,2021-10-17 23:59:16,872211,6.00,,
H0413_D9_060C10p_att00_Rq0,H0413_D9_060C10p_att00_Rq0_00013,2021-10-17 23:59:21,868172,6.00,,
H0413_D9_060C10p_att00_Rq0,H0413_D9_060C10p_att00_Rq0_00014,2021-10-17 23:59:27,881263,6.00,,
H0413_D9_060C10p_att00_Rq0,H0413_D9_060C10p_att00_Rq0_00015,2021-10-17 23:59:33,871725,6.00,,
H0413_D9_060C10p_att00_Rq0,H0413_D9_060C10p_att00_Rq0_00016,2021-10-17 23:59:38,872802,6.00,,
H0413_D9_060C10p_att00_Rq0,H0413_D9_060C10p_att00_Rq0_00017,2021-10-17 23:59:44,876958,6.00,,
H0413_D9_060C10p_att00_Rq0,H0413_D9_060C10p_att00_Rq0_00018,2021-10-17 23:59:50,872691,6.00,,
H0413_D9_060C10p_att00_Rq0,H0413_D9_060C10p_att00_Rq0_00019,2021-10-17 23:59:55,869422,6.00,,
H0413_D9_060C10p_att00_Rq0,H0413_D9_060C10p_att00_Rq0_00020,2021-10-18 00:00:01,872006,6.00,,
H0413_D9_287C10p_att00_Rq0,H0413_D9_287C10p_att00_Rq0_00001,2021-10-18 00:16:30,873793,28.75,,
H0413_D9_287C10p_att00_Rq0,H0413_D9_287C10p_att00_Rq0_00002,2021-10-18 00:16:37,872389,28.75,,
H0413_D9_287C10p_att00_Rq0,H0413_D9_287C10p_att00_Rq0_00003,2021-10-18 00:16:43,875180,28.75,,
H0413_D9_287C10p_att00_Rq0,H0413_D9_287C10p_att00_Rq0_00004,2021-10-18 00:16:48,877832,28.75,,
H0413_D9_287C10p_att00_Rq0,H0413_D9_287C10p_att00_Rq0_00005,2021-10-18 00:16:54,872508,28.75,,
H0413_D9_287C10p_att00_Rq0,H0413_D9_287C10p_att00_Rq0_00006,2021-10-18 00:17:02,876890,28.75,,
H0413_D9_287C10p_att00_Rq0,H0413_D9_287C10p_att00_Rq0_00007,2021-10-18 00:17:08,871972,28.75,,
H0413_D9_287C10p_att00_Rq0,H0413_D9_287C10p_att00_Rq0_00008,2021-10-18 00:17:13,879207,28.75,,
H0413_D9_287C10p_att00_Rq0,H0413_D9_287C10p_att00_Rq0_00009,2021-10-18 00:17:19,872708,28.75,,
H0413_D9_287C10p_att00_Rq0,H0413_D9_287C10p_att00_Rq0_00010,2021-10-18 00:17:25,872391,28.75,,
H0413_D9_287C10p_att00_Rq0,H0413_D9_287C10p_att00_Rq0_00011,2021-10-18 00:17:30,875424,28.75,,
H0413_D9_287C10p_att00_Rq0,H0413_D9_287C10p_att00_Rq0_00012,2021-10-18 00:17:36,882558,28.75,,
H0413_D9_287C10p_att00_Rq0,H0413_D9_287C10p_att00_Rq0_00013,2021-10-18 00:17:41,885696,28.75,,
H0413_D9_287C10p_att00_Rq0,H0413_D9_287C10p_att00_Rq0_00014,2021-10-18 00:17:47,874730,28.75,,
H0413_D9_287C10p_att00_Rq0,H0413_D9_287C10p_att00_Rq0_00015,2021-10-18 00:17:53,870088,28.75,,
H0413_D9_287C10p_att00_Rq0,H0413_D9_287C10p_att00_Rq0_00016,2021-10-18 00:17:58,873853,28.75,,
H0413_D9_287C10p_att00_Rq0,H0413_D9_287C10p_att00_Rq0_00017,2021-10-18 00:18:04,869931,28.75,,
H0413_D9_287C10p_att00_Rq0,H0413_D9_287C10p_att00_Rq0_00018,2021-10-18 00:18:09,874391,28.75,,
H0413_D9_287C10p_att00_Rq0,H0413_D9_287C10p_att00_Rq0_00019,2021-10-18 00:18:15,875057,28.75,,
H0413_D9_287C10p_att00_Rq0,H0413_D9_287C10p_att00_Rq0_00020,2021-10-18 00:18:21,881198,28.75,,
H0413_D9_287C10p_att00_Rq0,H0413_D9_287C10p_att00_Rq0_00021,2021-10-18 00:18:29,874451,28.75,,
H0413_D9_287C10p_att00_Rq0,H0413_D9_287C10p_att00_Rq0_00022,2021-10-18 00:18:35,880046,28.75,,
H0413_D9_287C10p_att00_Rq0,H0413_D9_287C10p_att00_Rq0_00023,2021-10-18 00:18:42,874581,28.75,,
H0413_D9_287C10p_att00_Rq0,H0413_D9_287C10p_att00_Rq0_00024,2021-10-18 00:18:47,873595,28.75,,
H0413_D9_287C10p_att00_Rq0,H0413_D9_287C10p_att00_Rq0_00025,2021-10-18 00:18:53,876881,28.75,,
H0413_D9_287C10p_att00_Rq0,H0413_D9_287C10p_att00_Rq0_00026,2021-10-18 00:18:58,870970,28.75,,
H0413_D9_287C10p_att00_Rq0,H0413_D9_287C10p_att00_Rq0_00027,2021-10-18 00:19:04,873221,28.75,,
H0413_D9_287C10p_att00_Rq0,H0413_D9_287C10p_att00_Rq0_00028,2021-10-18 00:19:10,873398,28.75,,
H0413_D9_287C10p_att00_Rq0,H0413_D9_287C10p_att00_Rq0_00029,2021-10-18 00:19:15,873180,28.75,,
H0413_D9_287C10p_att00_Rq0,H0413_D9_287C10p_att00_Rq0_00030,2021-10-18 00:19:21,872192,28.75,,
H0413_D9_287C10p_att00_Rq0,H0413_D9_287C10p_att00_Rq0_00031,2021-10-18 00:19:27,871345,28.75,,
H0413_D9_287C10p_att00_Rq0,H0413_D9_287C10p_att00_Rq0_00032,2021-10-18 00:19:32,867132,28.75,,
H0413_D9_287C10p_att00_Rq0,H0413_D9_287C10p_att00_Rq0_00033,2021-10-18 00:19:38,871975,28.75,,
H0413_D9_287C10p_att00_Rq0,H0413_D9_287C10p_att00_Rq0_00034,2021-10-18 00:19:43,876405,28.75,,
H0413_D9_287C10p_att00_Rq0,H0413_D9_287C10p_att00_Rq0_00035,2021-10-18 00:19:49,875951,28.75,,
H0413_D9_287C10p_att00_Rq0,H0413_D9_287C10p_att00_Rq0_00036,2021-10-18 00:19:56,877980,28.75,,
H0413_D9_287C10p_att00_Rq0,H0413_D9_287C10p_att00_Rq0_00037,2021-10-18 00:20:02,868172,28.75,,
H0413_D9_287C10p_att00_Rq0,H0413_D9_287C10p_att00_Rq0_00038,2021-10-18 00:20:07,871829,28.75,,
H0413_D9_287C10p_att00_Rq0,H0413_D9_287C10p_att00_Rq0_00039,2021-10-18 00:20:13,871422,28.75,,
H0413_D9_287C10p_att00_Rq0,H0413_D9_287C10p_att00_Rq0_00040,2021-10-18 00:20:19,871354,28.75,,
H0413_D9_287C10p_att00_Rq0,H0413_D9_287C10p_att00_Rq0_00041,2021-10-18 00:20:28,868236,28.75,,
H0413_D9_287C10p_att00_Rq0,H0413_D9_287C10p_att00_Rq0_00042,2021-10-18 00:20:33,866439,28.75,,
H0413_D9_287C10p_att00_Rq0,H0413_D9_287C10p_att00_Rq0_00043,2021-10-18 00:20:39,872870,28.75,,
H0413_D9_287C10p_att00_Rq0,H0413_D9_287C10p_att00_Rq0_00044,2021-10-18 00:20:44,878228,28.75,,
H0413_D9_287C10p_att00_Rq0,H0413_D9_287C10p_att00_Rq0_00045,2021-10-18 00:20:50,873992,28.75,,
H0413_D9_287C10p_att00_Rq0,H0413_D9_287C10p_att00_Rq0_00046,2021-10-18 00:20:56,873751,28.75,,
H0413_D9_287C10p_att00_Rq0,H0413_D9_287C10p_att00_Rq0_00047,2021-10-18 00:21:01,876113,28.75,,
H0413_D9_287C10p_att00_Rq0,H0413_D9_287C10p_att00_Rq0_00048,2021-10-18 00:21:07,874052,28.75,,
H0413_D9_287C10p_att00_Rq0,H0413_D9_287C10p_att00_Rq0_00049,2021-10-18 00:21:12,873831,28.75,,
H0413_D9_287C10p_att00_Rq0,H0413_D9_287C10p_att00_Rq0_00050,2021-10-18 00:21:18,876273,28.75,,
H0413_D9_287C10p_att00_Rq0,H0413_D9_287C10p_att00_Rq0_00051,2021-10-18 00:21:24,872965,28.75,,
H0413_D9_287C10p_att00_Rq0,H0413_D9_287C10p_att00_Rq0_00052,2021-10-18 00:21:29,873271,28.75,,
H0413_D9_287C10p_att00_Rq0,H0413_D9_287C10p_att00_Rq0_00053,2021-10-18 00:21:35,877543,28.75,,
H0413_D9_287C10p_att00_Rq0,H0413_D9_287C10p_att00_Rq0_00054,2021-10-18 00:21:41,877688,28.75,,
H0413_D9_287C10p_att00_Rq0,H0413_D9_287C10p_att00_Rq0_00055,2021-10-18 00:21:46,873842,28.75,,
H0413_D9_287C10p_att00_Rq0,H0413_D9_287C10p_att00_Rq0_00056,2021-10-18 00:21:52,872067,28.75,,
H0413_D9_287C10p_att00_Rq0,H0413_D9_287C10p_att00_Rq0_00057,2021-10-18 00:21:58,869871,28.75,,
H0413_D9_287C10p_att00_Rq0,H0413_D9_287C10p_att00_Rq0_00058,2021-10-18 00:22:03,868649,28.75,,
H0413_D9_287C10p_att00_Rq0,H0413_D9_287C10p_att00_Rq0_00059,2021-10-18 00:22:09,871688,28.75,,
H0413_D9_287C10p_att00_Rq0,H0413_D9_287C10p_att00_Rq0_00060,2021-10-18 00:22:15,867917,28.75,,
H0413_D9_287C10p_att00_Rq0,H0413_D9_287C10p_att00_Rq0_00061,2021-10-18 00:22:23,869015,28.75,,
H0413_D9_287C10p_att00_Rq0,H0413_D9_287C10p_att00_Rq0_00062,2021-10-18 00:22:29,879854,28.75,,
H0413_D9_287C10p_att00_Rq0,H0413_D9_287C10p_att00_Rq0_00063,2021-10-18 00:22:35,872086,28.75,,
H0413_D9_287C10p_att00_Rq0,H0413_D9_287C10p_att00_Rq0_00064,2021-10-18 00:22:40,872316,28.75,,
H0413_D9_287C10p_att00_Rq0,H0413_D9_287C10p_att00_Rq0_00065,2021-10-18 00:22:46,874599,28.75,,
H0413_D9_287C10p_att00_Rq0,H0413_D9_287C10p_att00_Rq0_00066,2021-10-18 00:22:51,874990,28.75,,
H0413_D9_287C10p_att00_Rq0,H0413_D9_287C10p_att00_Rq0_00067,2021-10-18 00:22:57,873253,28.75,,
H0413_D9_287C10p_att00_Rq0,H0413_D9_287C10p_att00_Rq0_00068,2021-10-18 00:23:03,874752,28.75,,
H0413_D9_287C10p_att00_Rq0,H0413_D9_287C10p_att00_Rq0_00069,2021-10-18 00:23:08,873126,28.75,,
H0413_D9_287C10p_att00_Rq0,H0413_D9_287C10p_att00_Rq0_00070,2021-10-18 00:23:14,872346,28.75,,
H0413_D9_287C10p_att00_Rq0,H0413_D9_287C10p_att00_Rq0_00071,2021-10-18 00:23:19,869176,28.75,,
H0413_D9_287C10p_att00_Rq0,H0413_D9_287C10p_att00_Rq0_00072,2021-10-18 00:23:25,873124,28.75,,
H0413_D9_287C10p_att00_Rq0,H0413_D9_287C10p_att00_Rq0_00073,2021-10-18 00:23:31,880081,28.75,,
H0413_D9_287C10p_att00_Rq0,H0413_D9_287C10p_att00_Rq0_00074,2021-10-18 00:23:36,872491,28.75,,
H0413_D9_287C10p_att00_Rq0,H0413_D9_287C10p_att00_Rq0_00075,2021-10-18 00:23:43,872594,28.75,,
H0413_D9_287C10p_att00_Rq0,H0413_D9_287C10p_att00_Rq0_00076,2021-10-18 00:23:49,872655,28.75,,
H0413_D9_287C10p_att00_Rq0,H0413_D9_287C10p_att00_Rq0_00077,2021-10-18 00:23:54,872325,28.75,,
H0413_D9_287C10p_att00_Rq0,H0413_D9_287C10p_att00_Rq0_00078,2021-10-18 00:24:00,873286,28.75,,
H0413_D9_287C10p_att00_Rq0,H0413_D9_287C10p_att00_Rq0_00079,2021-10-18 00:24:06,870865,28.75,,
H0413_D9_287C10p_att00_Rq0,H0413_D9_287C10p_att00_Rq0_00080,2021-10-18 00:24:11,871091,28.75,,
H0413_D9_287C10p_att00_Rq0,H0413_D9_287C10p_att00_Rq0_00081,2021-10-18 00:24:20,870806,28.75,,
H0413_D9_287C10p_att00_Rq0,H0413_D9_287C10p_att00_Rq0_00082,2021-10-18 00:24:26,870440,28.75,,
H0413_D9_287C10p_att00_Rq0,H0413_D9_287C10p_att00_Rq0_00083,2021-10-18 00:24:31,871970,28.75,,
H0413_D9_287C10p_att00_Rq0,H0413_D9_287C10p_att00_Rq0_00084,2021-10-18 00:24:37,880415,28.75,,
H0413_D9_287C10p_att00_Rq0,H0413_D9_287C10p_att00_Rq0_00085,2021-10-18 00:24:42,863571,28.75,,
H0413_D9_287C10p_att00_Rq0,H0413_D9_287C10p_att00_Rq0_00086,2021-10-18 00:24:48,870498,28.75,,
H0413_D9_287C10p_att00_Rq0,H0413_D9_287C10p_att00_Rq0_00087,2021-10-18 00:24:54,874591,28.75,,
H0413_D9_287C10p_att00_Rq0,H0413_D9_287C10p_att00_Rq0_00088,2021-10-18 00:24:59,872817,28.75,,
H0413_D9_287C10p_att00_Rq0,H0413_D9_287C10p_att00_Rq0_00089,2021-10-18 00:25:05,889640,28.75,,
H0413_D9_287C10p_att00_Rq0,H0413_D9_287C10p_att00_Rq0_00090,2021-10-18 00:25:11,873846,28.75,,
H0413_D9_287C10p_att00_Rq0,H0413_D9_287C10p_att00_Rq0_00091,2021-10-18 00:25:16,874313,28.75,,
H0413_D9_287C10p_att00_Rq0,H0413_D9_287C10p_att00_Rq0_00092,2021-10-18 00:25:22,883841,28.75,,
H0413_D9_287C10p_att00_Rq0,H0413_D9_287C10p_att00_Rq0_00093,2021-10-18 00:25:28,872856,28.75,,
H0413_D9_287C10p_att00_Rq0,H0413_D9_287C10p_att00_Rq0_00094,2021-10-18 00:25:33,878635,28.75,,
H0413_D9_287C10p_att00_Rq0,H0413_D9_287C10p_att00_Rq0_00095,2021-10-18 00:25:39,869676,28.75,,
H0413_D9_287C10p_att00_Rq0,H0413_D9_287C10p_att00_Rq0_00096,2021-10-18 00:25:44,872152,28.75,,
H0413_D9_287C10p_att00_Rq0,H0413_D9_287C10p_att00_Rq0_00097,2021-10-18 00:25:50,877379,28.75,,
H0413_D9_287C10p_att00_Rq0,H0413_D9_287C10p_att00_Rq0_00098,2021-10-18 00:25:56,872364,28.75,,
H0413_D9_287C10p_att00_Rq0,H0413_D9_287C10p_att00_Rq0_00099,2021-10-18 00:26:01,873078,28.75,,
H0413_D9_287C10p_att00_Rq0,H0413_D9_287C10p_att00_Rq0_00100,2021-10-18 00:26:07,875765,28.75,,
H0413_D9_287C10p_att00_Rq0,H0413_D9_287C10p_att00_Rq0_00101,2021-10-18 00:26:16,877115,28.75,,
H0413_D9_287C10p_att00_Rq0,H0413_D9_287C10p_att00_Rq0_00102,2021-10-18 00:26:21,870781,28.75,,
H0413_D9_287C10p_att00_Rq0,H0413_D9_287C10p_att00_Rq0_00103,2021-10-18 00:26:27,872066,28.75,,
H0413_D9_287C10p_att00_Rq0,H0413_D9_287C10p_att00_Rq0_00104,2021-10-18 00:26:32,870911,28.75,,
H0413_D9_287C10p_att00_Rq0,H0413_D9_287C10p_att00_Rq0_00105,2021-10-18 00:26:42,875179,28.75,,
H0413_D9_287C10p_att00_Rq0,H0413_D9_287C10p_att00_Rq0_00106,2021-10-18 00:26:47,877552,28.75,,
H0413_D9_287C10p_att00_Rq0,H0413_D9_287C10p_att00_Rq0_00107,2021-10-18 00:26:53,874640,28.75,,
H0413_D9_287C10p_att00_Rq0,H0413_D9_287C10p_att00_Rq0_00108,2021-10-18 00:26:59,870645,28.75,,
H0413_D9_287C10p_att00_Rq0,H0413_D9_287C10p_att00_Rq0_00109,2021-10-18 00:27:04,874022,28.75,,
H0413_D9_287C10p_att00_Rq0,H0413_D9_287C10p_att00_Rq0_00110,2021-10-18 00:27:10,874100,28.75,,
H0413_D9_287C10p_att00_Rq0,H0413_D9_287C10p_att00_Rq0_00111,2021-10-18 00:27:15,1068484,28.75,,
H0413_D9_287C10p_att00_Rq0,H0413_D9_287C10p_att00_Rq0_00112,2021-10-18 00:27:22,874317,28.75,,
H0413_D9_287C10p_att00_Rq0,H0413_D9_287C10p_att00_Rq0_00113,2021-10-18 00:27:27,870059,28.75,,
H0413_D9_287C10p_att00_Rq0,H0413_D9_287C10p_att00_Rq0_00114,2021-10-18 00:27:33,881840,28.75,,
H0413_D9_287C10p_att00_Rq0,H0413_D9_287C10p_att00_Rq0_00115,2021-10-18 00:27:46,872019,28.75,,
H0413_D9_287C10p_att00_Rq0,H0413_D9_287C10p_att00_Rq0_00116,2021-10-18 00:27:52,873244,28.75,,
H0413_D9_287C10p_att00_Rq0,H0413_D9_287C10p_att00_Rq0_00117,2021-10-18 00:27:57,874208,28.75,,
H0413_D9_287C10p_att00_Rq0,H0413_D9_287C10p_att00_Rq0_00118,2021-10-18 00:28:03,874160,28.75,,
H0413_D9_287C10p_att00_Rq0,H0413_D9_287C10p_att00_Rq0_00119,2021-10-18 00:28:08,884549,28.75,,
H0413_D9_287C10p_att00_Rq0,H0413_D9_287C10p_att00_Rq0_00120,2021-10-18 00:28:14,872915,28.75,,
H0413_D9_287C10p_att00_Rq0,H0413_D9_287C10p_att00_Rq0_00121,2021-10-18 00:28:23,873222,28.75,,
H0413_D9_287C10p_att00_Rq0,H0413_D9_287C10p_att00_Rq0_00122,2021-10-18 00:28:28,868802,28.75,,
H0413_D9_287C10p_att00_Rq0,H0413_D9_287C10p_att00_Rq0_00123,2021-10-18 00:28:34,880132,28.75,,
H0413_D9_287C10p_att00_Rq0,H0413_D9_287C10p_att00_Rq0_00124,2021-10-18 00:28:40,872299,28.75,,
H0413_D9_287C10p_att00_Rq0,H0413_D9_287C10p_att00_Rq0_00125,2021-10-18 00:28:45,874908,28.75,,
H0413_D9_287C10p_att00_Rq0,H0413_D9_287C10p_att00_Rq0_00126,2021-10-18 00:28:53,871973,28.75,,
H0413_D9_287C10p_att00_Rq0,H0413_D9_287C10p_att00_Rq0_00127,2021-10-18 00:28:58,875128,28.75,,
H0413_D9_287C10p_att00_Rq0,H0413_D9_287C10p_att00_Rq0_00128,2021-10-18 00:29:04,876082,28.75,,
H0413_D9_287C10p_att00_Rq0,H0413_D9_287C10p_att00_Rq0_00129,2021-10-18 00:29:10,878221,28.75,,
H0413_D9_287C10p_att00_Rq0,H0413_D9_287C10p_att00_Rq0_00130,2021-10-18 00:29:16,879886,28.75,,
H0413_D9_287C10p_att00_Rq0,H0413_D9_287C10p_att00_Rq0_00131,2021-10-18 00:29:21,1207963,28.75,,
H0413_D9_287C10p_att00_Rq0,H0413_D9_287C10p_att00_Rq0_00132,2021-10-18 00:29:28,875186,28.75,,
H0413_D9_287C10p_att00_Rq0,H0413_D9_287C10p_att00_Rq0_00133,2021-10-18 00:29:33,876737,28.75,,
H0413_D9_287C10p_att00_Rq0,H0413_D9_287C10p_att00_Rq0_00134,2021-10-18 00:29:39,882221,28.75,,
H0413_D9_287C10p_att00_Rq0,H0413_D9_287C10p_att00_Rq0_00135,2021-10-18 00:29:45,874914,28.75,,
H0413_D9_287C10p_att00_Rq0,H0413_D9_287C10p_att00_Rq0_00136,2021-10-18 00:29:50,874149,28.75,,
H0413_D9_287C10p_att00_Rq0,H0413_D9_287C10p_att00_Rq0_00137,2021-10-18 00:29:56,881570,28.75,,
H0413_D9_287C10p_att00_Rq0,H0413_D9_287C10p_att00_Rq0_00138,2021-10-18 00:30:02,882404,28.75,,
H0413_D9_287C10p_att00_Rq0,H0413_D9_287C10p_att00_Rq0_00139,2021-10-18 00:30:08,875851,28.75,,
H0413_D9_287C10p_att00_Rq0,H0413_D9_287C10p_att00_Rq0_00140,2021-10-18 00:30:17,868926,28.75,,
H0413_D9_287C10p_att00_Rq0,H0413_D9_287C10p_att00_Rq0_00141,2021-10-18 00:30:29,861048,28.75,,
H0413_D9_287C10p_att00_Rq0,H0413_D9_287C10p_att00_Rq0_00142,2021-10-18 00:30:35,872847,28.75,,
H0413_D9_287C10p_att00_Rq0,H0413_D9_287C10p_att00_Rq0_00143,2021-10-18 00:30:40,866530,28.75,,
H0413_D9_287C10p_att00_Rq0,H0413_D9_287C10p_att00_Rq0_00144,2021-10-18 00:30:46,876205,28.75,,
H0413_D9_287C10p_att00_Rq0,H0413_D9_287C10p_att00_Rq0_00145,2021-10-18 00:30:51,876172,28.75,,
H0413_D9_287C10p_att00_Rq0,H0413_D9_287C10p_att00_Rq0_00146,2021-10-18 00:30:57,875876,28.75,,
H0413_D9_287C10p_att00_Rq0,H0413_D9_287C10p_att00_Rq0_00147,2021-10-18 00:31:03,877040,28.75,,
H0413_D9_287C10p_att00_Rq0,H0413_D9_287C10p_att00_Rq0_00148,2021-10-18 00:31:08,875637,28.75,,
H0413_D9_287C10p_att00_Rq0,H0413_D9_287C10p_att00_Rq0_00149,2021-10-18 00:31:14,877024,28.75,,
H0413_D9_287C10p_att00_Rq0,H0413_D9_287C10p_att00_Rq0_00150,2021-10-18 00:31:20,876527,28.75,,
H0413_D9_287C10p_att00_Rq0,H0413_D9_287C10p_att00_Rq0_00151,2021-10-18 00:31:25,870921,28.75,,
H0413_D9_287C10p_att00_Rq0,H0413_D9_287C10p_att00_Rq0_00152,2021-10-18 00:31:31,871837,28.75,,
H0413_D9_287C10p_att00_Rq0,H0413_D9_287C10p_att00_Rq0_00153,2021-10-18 00:31:36,874881,28.75,,
H0413_D9_287C10p_att00_Rq0,H0413_D9_287C10p_att00_Rq0_00154,2021-10-18 00:31:42,875438,28.75,,
H0413_D9_287C10p_att00_Rq0,H0413_D9_287C10p_att00_Rq0_00155,2021-10-18 00:31:47,874405,28.75,,
H0413_D9_287C10p_att00_Rq0,H0413_D9_287C10p_att00_Rq0_00156,2021-10-18 00:31:53,870873,28.75,,
H0413_D9_287C10p_att00_Rq0,H0413_D9_287C10p_att00_Rq0_00157,2021-10-18 00:31:59,870411,28.75,,
H0413_D9_287C10p_att00_Rq0,H0413_D9_287C10p_att00_Rq0_00158,2021-10-18 00:32:05,873746,28.75,,
H0413_D9_287C10p_att00_Rq0,H0413_D9_287C10p_att00_Rq0_00159,2021-10-18 00:32:15,870391,28.75,,
H0413_D9_287C10p_att00_Rq0,H0413_D9_287C10p_att00_Rq0_00160,2021-10-18 00:32:20,874838,28.75,,
H0413_D9_287C10p_att00_Rq0,H0413_D9_287C10p_att00_Rq0_00161,2021-10-18 00:32:29,881360,28.75,,
H0413_D9_287C10p_att00_Rq0,H0413_D9_287C10p_att00_Rq0_00162,2021-10-18 00:32:35,877324,28.75,,
H0413_D9_287C10p_att00_Rq0,H0413_D9_287C10p_att00_Rq0_00163,2021-10-18 00:32:40,869533,28.75,,
H0413_D9_287C10p_att00_Rq0,H0413_D9_287C10p_att00_Rq0_00164,2021-10-18 00:32:46,876798,28.75,,
H0413_D9_287C10p_att00_Rq0,H0413_D9_287C10p_att00_Rq0_00165,2021-10-18 00:32:52,872467,28.75,,
H0413_D9_287C10p_att00_Rq0,H0413_D9_287C10p_att00_Rq0_00166,2021-10-18 00:32:58,870812,28.75,,
H0413_D9_287C10p_att00_Rq0,H0413_D9_287C10p_att00_Rq0_00167,2021-10-18 00:33:03,879344,28.75,,
H0413_D9_287C10p_att00_Rq0,H0413_D9_287C10p_att00_Rq0_00168,2021-10-18 00:33:09,872548,28.75,,
H0413_D9_287C10p_att00_Rq0,H0413_D9_287C10p_att00_Rq0_00169,2021-10-18 00:33:15,875563,28.75,,
H0413_D9_287C10p_att00_Rq0,H0413_D9_287C10p_att00_Rq0_00170,2021-10-18 00:33:20,871928,28.75,,
H0413_D9_287C10p_att00_Rq0,H0413_D9_287C10p_att00_Rq0_00171,2021-10-18 00:33:30,872695,28.75,,
H0413_D9_287C10p_att00_Rq0,H0413_D9_287C10p_att00_Rq0_00172,2021-10-18 00:33:36,876289,28.75,,
H0413_D9_287C10p_att00_Rq0,H0413_D9_287C10p_att00_Rq0_00173,2021-10-18 00:33:42,872217,28.75,,
H0413_D9_287C10p_att00_Rq0,H0413_D9_287C10p_att00_Rq0_00174,2021-10-18 00:33:47,875112,28.75,,
H0413_D9_287C10p_att00_Rq0,H0413_D9_287C10p_att00_Rq0_00175,2021-10-18 00:33:54,876276,28.75,,
H0413_D9_287C10p_att00_Rq0,H0413_D9_287C10p_att00_Rq0_00176,2021-10-18 00:34:00,872491,28.75,,
H0413_D9_287C10p_att00_Rq0,H0413_D9_287C10p_att00_Rq0_00177,2021-10-18 00:34:05,876107,28.75,,
H0413_D9_287C10p_att00_Rq0,H0413_D9_287C10p_att00_Rq0_00178,2021-10-18 00:34:11,872054,28.75,,
H0413_D9_287C10p_att00_Rq0,H0413_D9_287C10p_att00_Rq0_00179,2021-10-18 00:34:17,870420,28.75,,
H0413_D9_287C10p_att00_Rq0,H0413_D9_287C10p_att00_Rq0_00180,2021-10-18 00:34:22,884899,28.75,,
H0413_D9_287C10p_att00_Rq0,H0413_D9_287C10p_att00_Rq0_00181,2021-10-18 00:34:31,875355,28.75,,
H0413_D9_287C10p_att00_Rq0,H0413_D9_287C10p_att00_Rq0_00182,2021-10-18 00:34:37,871456,28.75,,
H0413_D9_287C10p_att00_Rq0,H0413_D9_287C10p_att00_Rq0_00183,2021-10-18 00:34:42,870708,28.75,,
H0413_D9_287C10p_att00_Rq0,H0413_D9_287C10p_att00_Rq0_00184,2021-10-18 00:34:48,875220,28.75,,
H0413_D9_287C10p_att00_Rq0,H0413_D9_287C10p_att00_Rq0_00185,2021-10-18 00:34:54,879210,28.75,,
H0413_D9_287C10p_att00_Rq0,H0413_D9_287C10p_att00_Rq0_00186,2021-10-18 00:34:59,874788,28.75,,
H0413_D9_287C10p_att00_Rq0,H0413_D9_287C10p_att00_Rq0_00187,2021-10-18 00:35:06,878208,28.75,,
H0413_D9_287C10p_att00_Rq0,H0413_D9_287C10p_att00_Rq0_00188,2021-10-18 00:35:12,875016,28.75,,
H0413_D9_287C10p_att00_Rq0,H0413_D9_287C10p_att00_Rq0_00189,2021-10-18 00:35:17,875424,28.75,,
H0413_D9_287C10p_att00_Rq0,H0413_D9_287C10p_att00_Rq0_00190,2021-10-18 00:35:23,873521,28.75,,
H0413_D9_287C10p_att00_Rq0,H0413_D9_287C10p_att00_Rq0_00191,2021-10-18 00:35:29,869993,28.75,,
H0413_D9_287C10p_att00_Rq0,H0413_D9_287C10p_att00_Rq0_00192,2021-10-18 00:35:35,874401,28.75,,
H0413_D9_287C10p_att00_Rq0,H0413_D9_287C10p_att00_Rq0_00193,2021-10-18 00:35:40,873576,28.75,,
H0413_D9_287C10p_att00_Rq0,H0413_D9_287C10p_att00_Rq0_00194,2021-10-18 00:35:46,868458,28.75,,
H0413_D9_287C10p_att00_Rq0,H0413_D9_287C10p_att00_Rq0_00195,2021-10-18 00:35:52,865337,28.75,,
H0413_D9_287C10p_att00_Rq0,H0413_D9_287C10p_att00_Rq0_00196,2021-10-18 00:35:58,873202,28.75,,
H0413_D9_287C10p_att00_Rq0,H0413_D9_287C10p_att00_Rq0_00197,2021-10-18 00:36:03,872437,28.75,,
H0413_D9_287C10p_att00_Rq0,H0413_D9_287C10p_att00_Rq0_00198,2021-10-18 00:36:09,872707,28.75,,
H0413_D9_287C10p_att00_Rq0,H0413_D9_287C10p_att00_Rq0_00199,2021-10-18 00:36:15,876337,28.75,,
H0413_D9_287C10p_att00_Rq0,H0413_D9_287C10p_att00_Rq0_00200,2021-10-18 00:36:20,873277,28.75,,
H0413_D9_287C10p_att00_Rq0,H0413_D9_287C10p_att00_Rq0_00201,2021-10-18 00:36:29,871462,28.75,,
H0413_D9_287C10p_att00_Rq0,H0413_D9_287C10p_att00_Rq0_00202,2021-10-18 00:36:35,869194,28.75,,
H0413_D9_287C10p_att00_Rq0,H0413_D9_287C10p_att00_Rq0_00203,2021-10-18 00:36:40,873806,28.75,,
H0413_D9_287C10p_att00_Rq0,H0413_D9_287C10p_att00_Rq0_00204,2021-10-18 00:36:50,878181,28.75,,
H0413_D9_287C10p_att00_Rq0,H0413_D9_287C10p_att00_Rq0_00205,2021-10-18 00:36:56,884646,28.75,,
H0413_D9_287C10p_att00_Rq0,H0413_D9_287C10p_att00_Rq0_00206,2021-10-18 00:37:01,874061,28.75,,
H0413_D9_287C10p_att00_Rq0,H0413_D9_287C10p_att00_Rq0_00207,2021-10-18 00:37:07,885607,28.75,,
H0413_D9_287C10p_att00_Rq0,H0413_D9_287C10p_att00_Rq0_00208,2021-10-18 00:37:14,876357,28.75,,
H0413_D9_287C10p_att00_Rq0,H0413_D9_287C10p_att00_Rq0_00209,2021-10-18 00:37:19,864183,28.75,,
H0413_D9_287C10p_att00_Rq0,H0413_D9_287C10p_att00_Rq0_00210,2021-10-18 00:37:25,880871,28.75,,
H0413_D9_287C10p_att00_Rq0,H0413_D9_287C10p_att00_Rq0_00211,2021-10-18 00:37:31,875588,28.75,,
H0413_D9_287C10p_att00_Rq0,H0413_D9_287C10p_att00_Rq0_00212,2021-10-18 00:37:36,876493,28.75,,
H0413_D9_287C10p_att00_Rq0,H0413_D9_287C10p_att00_Rq0_00213,2021-10-18 00:37:42,878099,28.75,,
H0413_D9_287C10p_att00_Rq0,H0413_D9_287C10p_att00_Rq0_00214,2021-10-18 00:37:48,878786,28.75,,
H0413_D9_287C10p_att00_Rq0,H0413_D9_287C10p_att00_Rq0_00215,2021-10-18 00:37:54,872745,28.75,,
H0413_D9_287C10p_att00_Rq0,H0413_D9_287C10p_att00_Rq0_00216,2021-10-18 00:37:59,869711,28.75,,
H0413_D9_287C10p_att00_Rq0,H0413_D9_287C10p_att00_Rq0_00217,2021-10-18 00:38:05,873914,28.75,,
H0413_D9_287C10p_att00_Rq0,H0413_D9_287C10p_att00_Rq0_00218,2021-10-18 00:38:11,874490,28.75,,
H0413_D9_287C10p_att00_Rq0,H0413_D9_287C10p_att00_Rq0_00219,2021-10-18 00:38:17,878289,28.75,,
H0413_D9_287C10p_att00_Rq0,H0413_D9_287C10p_att00_Rq0_00220,2021-10-18 00:38:22,879416,28.75,,
H0413_D9_287C10p_att00_Rq0,H0413_D9_287C10p_att00_Rq0_00221,2021-10-18 00:38:35,880232,28.75,,
H0413_D9_287C10p_att00_Rq0,H0413_D9_287C10p_att00_Rq0_00222,2021-10-18 00:38:41,881048,28.75,,
H0413_D9_287C10p_att00_Rq0,H0413_D9_287C10p_att00_Rq0_00223,2021-10-18 00:38:46,884086,28.75,,
H0413_D9_287C10p_att00_Rq0,H0413_D9_287C10p_att00_Rq0_00224,2021-10-18 00:38:52,886375,28.75,,
H0413_D9_287C10p_att00_Rq0,H0413_D9_287C10p_att00_Rq0_00225,2021-10-18 00:38:58,876436,28.75,,
H0413_D9_287C10p_att00_Rq0,H0413_D9_287C10p_att00_Rq0_00226,2021-10-18 00:39:04,876678,28.75,,
H0413_D9_287C10p_att00_Rq0,H0413_D9_287C10p_att00_Rq0_00227,2021-10-18 00:39:09,867260,28.75,,
H0413_D9_287C10p_att00_Rq0,H0413_D9_287C10p_att00_Rq0_00228,2021-10-18 00:39:15,874844,28.75,,
H0413_D9_287C10p_att00_Rq0,H0413_D9_287C10p_att00_Rq0_00229,2021-10-18 00:39:21,875085,28.75,,
H0413_D9_287C10p_att00_Rq0,H0413_D9_287C10p_att00_Rq0_00230,2021-10-18 00:39:26,871782,28.75,,
H0413_D9_287C10p_att00_Rq0,H0413_D9_287C10p_att00_Rq0_00231,2021-10-18 00:39:32,875861,28.75,,
H0413_D9_287C10p_att00_Rq0,H0413_D9_287C10p_att00_Rq0_00232,2021-10-18 00:39:37,884296,28.75,,
H0413_D9_287C10p_att00_Rq0,H0413_D9_287C10p_att00_Rq0_00233,2021-10-18 00:39:43,875058,28.75,,
H0413_D9_287C10p_att00_Rq0,H0413_D9_287C10p_att00_Rq0_00234,2021-10-18 00:39:49,875636,28.75,,
H0413_D9_287C10p_att00_Rq0,H0413_D9_287C10p_att00_Rq0_00235,2021-10-18 00:39:54,880399,28.75,,
H0413_D9_287C10p_att00_Rq0,H0413_D9_287C10p_att00_Rq0_00236,2021-10-18 00:40:00,882022,28.75,,
H0413_D9_287C10p_att00_Rq0,H0413_D9_287C10p_att00_Rq0_00237,2021-10-18 00:40:06,874686,28.75,,
H0413_D9_287C10p_att00_Rq0,H0413_D9_287C10p_att00_Rq0_00238,2021-10-18 00:40:12,874343,28.75,,
H0413_D9_287C10p_att00_Rq0,H0413_D9_287C10p_att00_Rq0_00239,2021-10-18 00:40:17,874266,28.75,,
H0413_D9_287C10p_att00_Rq0,H0413_D9_287C10p_att00_Rq0_00240,2021-10-18 00:40:23,869611,28.75,,
H0413_D9_287C10p_att00_Rq0,H0413_D9_287C10p_att00_Rq0_00241,2021-10-18 00:40:32,868904,28.75,,
H0413_D9_287C10p_att00_Rq0,H0413_D9_287C10p_att00_Rq0_00242,2021-10-18 00:40:38,876865,28.75,,
H0413_D9_287C10p_att00_Rq0,H0413_D9_287C10p_att00_Rq0_00243,2021-10-18 00:40:43,868472,28.75,,
H0413_D9_287C10p_att00_Rq0,H0413_D9_287C10p_att00_Rq0_00244,2021-10-18 00:40:49,876488,28.75,,
H0413_D9_287C10p_att00_Rq0,H0413_D9_287C10p_att00_Rq0_00245,2021-10-18 00:40:55,872746,28.75,,
H0413_D9_287C10p_att00_Rq0,H0413_D9_287C10p_att00_Rq0_00246,2021-10-18 00:41:00,872264,28.75,,
H0413_D9_287C10p_att00_Rq0,H0413_D9_287C10p_att00_Rq0_00247,2021-10-18 00:41:06,876717,28.75,,
H0413_D9_287C10p_att00_Rq0,H0413_D9_287C10p_att00_Rq0_00248,2021-10-18 00:41:12,876171,28.75,,
H0413_D9_287C10p_att00_Rq0,H0413_D9_287C10p_att00_Rq0_00249,2021-10-18 00:41:17,875060,28.75,,
H0413_D9_287C10p_att00_Rq0,H0413_D9_287C10p_att00_Rq0_00250,2021-10-18 00:41:23,876789,28.75,,
H0413_D9_287C10p_att00_Rq0,H0413_D9_287C10p_att00_Rq0_00251,2021-10-18 00:41:28,879084,28.75,,
H0413_D9_287C10p_att00_Rq0,H0413_D9_287C10p_att00_Rq0_00252,2021-10-18 00:41:34,875855,28.75,,
H0413_D9_287C10p_att00_Rq0,H0413_D9_287C10p_att00_Rq0_00253,2021-10-18 00:41:40,874501,28.75,,
H0413_D9_287C10p_att00_Rq0,H0413_D9_287C10p_att00_Rq0_00254,2021-10-18 00:41:45,875236,28.75,,
H0413_D9_287C10p_att00_Rq0,H0413_D9_287C10p_att00_Rq0_00255,2021-10-18 00:41:53,878434,28.75,,
H0413_D9_287C10p_att00_Rq0,H0413_D9_287C10p_att00_Rq0_00256,2021-10-18 00:41:59,870602,28.75,,
H0413_D9_287C10p_att00_Rq0,H0413_D9_287C10p_att00_Rq0_00257,2021-10-18 00:42:05,874173,28.75,,
H0413_D9_287C10p_att00_Rq0,H0413_D9_287C10p_att00_Rq0_00258,2021-10-18 00:42:10,877370,28.75,,
H0413_D9_287C10p_att00_Rq0,H0413_D9_287C10p_att00_Rq0_00259,2021-10-18 00:42:17,874535,28.75,,
H0413_D9_287C10p_att00_Rq0,H0413_D9_287C10p_att00_Rq0_00260,2021-10-18 00:42:23,870260,28.75,,
H0413_D9_287C10p_att00_Rq0,H0413_D9_287C10p_att00_Rq0_00261,2021-10-18 00:42:31,882663,28.75,,
H0413_D9_287C10p_att00_Rq0,H0413_D9_287C10p_att00_Rq0_00262,2021-10-18 00:42:37,876736,28.75,,
H0413_D9_287C10p_att00_Rq0,H0413_D9_287C10p_att00_Rq0_00263,2021-10-18 00:42:43,870779,28.75,,
H0413_D9_287C10p_att00_Rq0,H0413_D9_287C10p_att00_Rq0_00264,2021-10-18 00:42:48,886426,28.75,,
H0413_D9_287C10p_att00_Rq0,H0413_D9_287C10p_att00_Rq0_00265,2021-10-18 00:42:54,875168,28.75,,
H0413_D9_287C10p_att00_Rq0,H0413_D9_287C10p_att00_Rq0_00266,2021-10-18 00:43:00,877169,28.75,,
H0413_D9_287C10p_att00_Rq0,H0413_D9_287C10p_att00_Rq0_00267,2021-10-18 00:43:05,877589,28.75,,
H0413_D9_287C10p_att00_Rq0,H0413_D9_287C10p_att00_Rq0_00268,2021-10-18 00:43:11,873006,28.75,,
H0413_D9_287C10p_att00_Rq0,H0413_D9_287C10p_att00_Rq0_00269,2021-10-18 00:43:17,874821,28.75,,
H0413_D9_287C10p_att00_Rq0,H0413_D9_287C10p_att00_Rq0_00270,2021-10-18 00:43:22,872393,28.75,,
H0413_D9_287C10p_att00_Rq0,H0413_D9_287C10p_att00_Rq0_00271,2021-10-18 00:43:28,871778,28.75,,
H0413_D9_287C10p_att00_Rq0,H0413_D9_287C10p_att00_Rq0_00272,2021-10-18 00:43:34,872181,28.75,,
H0413_D9_287C10p_att00_Rq0,H0413_D9_287C10p_att00_Rq0_00273,2021-10-18 00:43:39,876108,28.75,,
H0413_D9_287C10p_att00_Rq0,H0413_D9_287C10p_att00_Rq0_00274,2021-10-18 00:43:45,872013,28.75,,
H0413_D9_287C10p_att00_Rq0,H0413_D9_287C10p_att00_Rq0_00275,2021-10-18 00:43:50,882982,28.75,,
H0413_D9_287C10p_att00_Rq0,H0413_D9_287C10p_att00_Rq0_00276,2021-10-18 00:43:56,870917,28.75,,
H0413_D9_287C10p_att00_Rq0,H0413_D9_287C10p_att00_Rq0_00277,2021-10-18 00:44:02,874838,28.75,,
H0413_D9_287C10p_att00_Rq0,H0413_D9_287C10p_att00_Rq0_00278,2021-10-18 00:44:07,884700,28.75,,
H0413_D9_287C10p_att00_Rq0,H0413_D9_287C10p_att00_Rq0_00279,2021-10-18 00:44:13,874961,28.75,,
H0413_D9_287C10p_att00_Rq0,H0413_D9_287C10p_att00_Rq0_00280,2021-10-18 00:44:19,883222,28.75,,
H0413_D9_287C10p_att00_Rq0,H0413_D9_287C10p_att00_Rq0_00281,2021-10-18 00:44:27,875215,28.75,,
H0413_D9_287C10p_att00_Rq0,H0413_D9_287C10p_att00_Rq0_00282,2021-10-18 00:44:33,870901,28.75,,
H0413_D9_287C10p_att00_Rq0,H0413_D9_287C10p_att00_Rq0_00283,2021-10-18 00:44:39,874417,28.75,,
H0413_D9_287C10p_att00_Rq0,H0413_D9_287C10p_att00_Rq0_00284,2021-10-18 00:44:44,878324,28.75,,
H0413_D9_287C10p_att00_Rq0,H0413_D9_287C10p_att00_Rq0_00285,2021-10-18 00:44:50,878293,28.75,,
H0413_D9_287C10p_att00_Rq0,H0413_D9_287C10p_att00_Rq0_00286,2021-10-18 00:44:55,876268,28.75,,
H0413_D9_287C10p_att00_Rq0,H0413_D9_287C10p_att00_Rq0_00287,2021-10-18 00:45:01,873603,28.75,,
H0413_D9_287C10p_att00_Rq0,H0413_D9_287C10p_att00_Rq0_00288,2021-10-18 00:45:07,878174,28.75,,
H0413_D9_287C10p_att00_Rq0,H0413_D9_287C10p_att00_Rq0_00289,2021-10-18 00:45:17,880649,28.75,,
H0413_D9_287C10p_att00_Rq0,H0413_D9_287C10p_att00_Rq0_00290,2021-10-18 00:45:22,886274,28.75,,
H0413_D9_287C10p_att00_Rq0,H0413_D9_287C10p_att00_Rq0_00291,2021-10-18 00:45:28,879654,28.75,,
H0413_D9_287C10p_att00_Rq0,H0413_D9_287C10p_att00_Rq0_00292,2021-10-18 00:45:34,877015,28.75,,
H0413_D9_287C10p_att00_Rq0,H0413_D9_287C10p_att00_Rq0_00293,2021-10-18 00:45:40,883407,28.75,,
H0413_D9_287C10p_att00_Rq0,H0413_D9_287C10p_att00_Rq0_00294,2021-10-18 00:45:45,872853,28.75,,
H0413_D9_287C10p_att00_Rq0,H0413_D9_287C10p_att00_Rq0_00295,2021-10-18 00:45:51,874946,28.75,,
H0413_D9_287C10p_att00_Rq0,H0413_D9_287C10p_att00_Rq0_00296,2021-10-18 00:45:57,871839,28.75,,
H0413_D9_287C10p_att00_Rq0,H0413_D9_287C10p_att00_Rq0_00297,2021-10-18 00:46:02,879671,28.75,,
H0413_D9_287C10p_att00_Rq0,H0413_D9_287C10p_att00_Rq0_00298,2021-10-18 00:46:08,874941,28.75,,
H0413_D9_287C10p_att00_Rq0,H0413_D9_287C10p_att00_Rq0_00299,2021-10-18 00:46:13,874832,28.75,,
H0413_D9_287C10p_att00_Rq0,H0413_D9_287C10p_att00_Rq0_00300,2021-10-18 00:46:19,870755,28.75,,
H0413_D9_287C10p_att00_Rq0,H0413_D9_287C10p_att00_Rq0_00301,2021-10-18 00:46:28,877891,28.75,,
H0413_D9_287C10p_att00_Rq0,H0413_D9_287C10p_att00_Rq0_00302,2021-10-18 00:46:34,877789,28.75,,
H0413_D9_287C10p_att00_Rq0,H0413_D9_287C10p_att00_Rq0_00303,2021-10-18 00:46:39,873754,28.75,,
H0413_D9_287C10p_att00_Rq0,H0413_D9_287C10p_att00_Rq0_00304,2021-10-18 00:46:45,876345,28.75,,
H0413_D9_287C10p_att00_Rq0,H0413_D9_287C10p_att00_Rq0_00305,2021-10-18 00:46:53,870399,28.75,,
H0413_D9_287C10p_att00_Rq0,H0413_D9_287C10p_att00_Rq0_00306,2021-10-18 00:46:58,872436,28.75,,
H0413_D9_287C10p_att00_Rq0,H0413_D9_287C10p_att00_Rq0_00307,2021-10-18 00:47:04,876402,28.75,,
H0413_D9_287C10p_att00_Rq0,H0413_D9_287C10p_att00_Rq0_00308,2021-10-18 00:47:10,876228,28.75,,
H0413_D9_287C10p_att00_Rq0,H0413_D9_287C10p_att00_Rq0_00309,2021-10-18 00:47:16,876553,28.75,,
H0413_D9_287C10p_att00_Rq0,H0413_D9_287C10p_att00_Rq0_00310,2021-10-18 00:47:22,881910,28.75,,
H0413_D9_287C10p_att00_Rq0,H0413_D9_287C10p_att00_Rq0_00311,2021-10-18 00:47:28,875767,28.75,,
H0413_D9_287C10p_att00_Rq0,H0413_D9_287C10p_att00_Rq0_00312,2021-10-18 00:47:34,873119,28.75,,
H0413_D9_287C10p_att00_Rq0,H0413_D9_287C10p_att00_Rq0_00313,2021-10-18 00:47:39,872735,28.75,,
H0413_D9_287C10p_att00_Rq0,H0413_D9_287C10p_att00_Rq0_00314,2021-10-18 00:47:45,876185,28.75,,
H0413_D9_287C10p_att00_Rq0,H0413_D9_287C10p_att00_Rq0_00315,2021-10-18 00:47:50,997168,28.75,,
H0413_D9_287C10p_att00_Rq0,H0413_D9_287C10p_att00_Rq0_00316,2021-10-18 00:47:56,874759,28.75,,
H0413_D9_287C10p_att00_Rq0,H0413_D9_287C10p_att00_Rq0_00317,2021-10-18 00:48:02,872536,28.75,,
H0413_D9_287C10p_att00_Rq0,H0413_D9_287C10p_att00_Rq0_00318,2021-10-18 00:48:08,874512,28.75,,
H0413_D9_287C10p_att00_Rq0,H0413_D9_287C10p_att00_Rq0_00319,2021-10-18 00:48:13,871138,28.75,,
H0413_D9_287C10p_att00_Rq0,H0413_D9_287C10p_att00_Rq0_00320,2021-10-18 00:48:19,877985,28.75,,
H0413_D9_287C10p_att00_Rq0,H0413_D9_287C10p_att00_Rq0_00321,2021-10-18 00:48:28,874311,28.75,,
H0413_D9_287C10p_att00_Rq0,H0413_D9_287C10p_att00_Rq0_00322,2021-10-18 00:48:33,870655,28.75,,
H0413_D9_287C10p_att00_Rq0,H0413_D9_287C10p_att00_Rq0_00323,2021-10-18 00:48:39,869040,28.75,,
H0413_D9_287C10p_att00_Rq0,H0413_D9_287C10p_att00_Rq0_00324,2021-10-18 00:48:45,877865,28.75,,
H0413_D9_287C10p_att00_Rq0,H0413_D9_287C10p_att00_Rq0_00325,2021-10-18 00:48:50,877060,28.75,,
H0413_D9_287C10p_att00_Rq0,H0413_D9_287C10p_att00_Rq0_00326,2021-10-18 00:48:58,885086,28.75,,
H0413_D9_287C10p_att00_Rq0,H0413_D9_287C10p_att00_Rq0_00327,2021-10-18 00:49:03,876466,28.75,,
H0413_D9_287C10p_att00_Rq0,H0413_D9_287C10p_att00_Rq0_00328,2021-10-18 00:49:09,872298,28.75,,
H0413_D9_287C10p_att00_Rq0,H0413_D9_287C10p_att00_Rq0_00329,2021-10-18 00:49:15,881212,28.75,,
H0413_D9_287C10p_att00_Rq0,H0413_D9_287C10p_att00_Rq0_00330,2021-10-18 00:49:20,876763,28.75,,
H0413_D9_287C10p_att00_Rq0,H0413_D9_287C10p_att00_Rq0_00331,2021-10-18 00:49:26,880246,28.75,,
H0413_D9_287C10p_att00_Rq0,H0413_D9_287C10p_att00_Rq0_00332,2021-10-18 00:49:31,874288,28.75,,
H0413_D9_287C10p_att00_Rq0,H0413_D9_287C10p_att00_Rq0_00333,2021-10-18 00:49:37,874517,28.75,,
H0413_D9_287C10p_att00_Rq0,H0413_D9_287C10p_att00_Rq0_00334,2021-10-18 00:49:43,880731,28.75,,
H0413_D9_287C10p_att00_Rq0,H0413_D9_287C10p_att00_Rq0_00335,2021-10-18 00:49:48,875759,28.75,,
H0413_D9_287C10p_att00_Rq0,H0413_D9_287C10p_att00_Rq0_00336,2021-10-18 00:49:54,875252,28.75,,
H0413_D9_287C10p_att00_Rq0,H0413_D9_287C10p_att00_Rq0_00337,2021-10-18 00:49:59,874344,28.75,,
H0413_D9_287C10p_att00_Rq0,H0413_D9_287C10p_att00_Rq0_00338,2021-10-18 00:50:05,875214,28.75,,
H0413_D9_287C10p_att00_Rq0,H0413_D9_287C10p_att00_Rq0_00339,2021-10-18 00:50:11,878787,28.75,,
H0413_D9_287C10p_att00_Rq0,H0413_D9_287C10p_att00_Rq0_00340,2021-10-18 00:50:16,871665,28.75,,
H0413_D9_287C10p_att00_Rq0,H0413_D9_287C10p_att00_Rq0_00341,2021-10-18 00:50:25,875297,28.75,,
H0413_D9_287C10p_att00_Rq0,H0413_D9_287C10p_att00_Rq0_00342,2021-10-18 00:50:30,875089,28.75,,
H0413_D9_287C10p_att00_Rq0,H0413_D9_287C10p_att00_Rq0_00343,2021-10-18 00:50:36,876068,28.75,,
H0413_D9_287C10p_att00_Rq0,H0413_D9_287C10p_att00_Rq0_00344,2021-10-18 00:50:42,874579,28.75,,
H0413_D9_287C10p_att00_Rq0,H0413_D9_287C10p_att00_Rq0_00345,2021-10-18 00:50:47,881175,28.75,,
H0413_D9_287C10p_att00_Rq0,H0413_D9_287C10p_att00_Rq0_00346,2021-10-18 00:50:53,870184,28.75,,
H0413_D9_287C10p_att00_Rq0,H0413_D9_287C10p_att00_Rq0_00347,2021-10-18 00:50:59,870754,28.75,,
H0413_D9_287C10p_att00_Rq0,H0413_D9_287C10p_att00_Rq0_00348,2021-10-18 00:51:05,876775,28.75,,
H0413_D9_287C10p_att00_Rq0,H0413_D9_287C10p_att00_Rq0_00349,2021-10-18 00:51:10,871161,28.75,,
H0413_D9_287C10p_att00_Rq0,H0413_D9_287C10p_att00_Rq0_00350,2021-10-18 00:51:16,877668,28.75,,
H0413_D9_287C10p_att00_Rq0,H0413_D9_287C10p_att00_Rq0_00351,2021-10-18 00:51:21,879889,28.75,,
H0413_D9_287C10p_att00_Rq0,H0413_D9_287C10p_att00_Rq0_00352,2021-10-18 00:51:27,873670,28.75,,
H0413_D9_287C10p_att00_Rq0,H0413_D9_287C10p_att00_Rq0_00353,2021-10-18 00:51:33,878046,28.75,,
H0413_D9_287C10p_att00_Rq0,H0413_D9_287C10p_att00_Rq0_00354,2021-10-18 00:51:38,873255,28.75,,
H0413_D9_287C10p_att00_Rq0,H0413_D9_287C10p_att00_Rq0_00355,2021-10-18 00:51:44,872867,28.75,,
H0413_D9_287C10p_att00_Rq0,H0413_D9_287C10p_att00_Rq0_00356,2021-10-18 00:51:50,874198,28.75,,
H0413_D9_287C10p_att00_Rq0,H0413_D9_287C10p_att00_Rq0_00357,2021-10-18 00:51:55,869025,28.75,,
H0413_D9_287C10p_att00_Rq0,H0413_D9_287C10p_att00_Rq0_00358,2021-10-18 00:52:01,867253,28.75,,
H0413_D9_287C10p_att00_Rq0,H0413_D9_287C10p_att00_Rq0_00359,2021-10-18 00:52:06,871021,28.75,,
H0413_D9_287C10p_att00_Rq0,H0413_D9_287C10p_att00_Rq0_00360,2021-10-18 00:52:15,867840,28.75,,
H0413_D9_287C10p_att00_Rq0,H0413_D9_287C10p_att00_Rq0_00361,2021-10-18 00:52:23,872630,28.75,,
H0413_D9_287C10p_att00_Rq0,H0413_D9_287C10p_att00_Rq0_00362,2021-10-18 00:52:29,876697,28.75,,
H0413_D9_287C10p_att00_Rq0,H0413_D9_287C10p_att00_Rq0_00363,2021-10-18 00:52:35,868628,28.75,,
H0413_D9_287C10p_att00_Rq0,H0413_D9_287C10p_att00_Rq0_00364,2021-10-18 00:52:40,871504,28.75,,
H0413_D9_287C10p_att00_Rq0,H0413_D9_287C10p_att00_Rq0_00365,2021-10-18 00:52:46,874636,28.75,,
H0413_D9_287C10p_att00_Rq0,H0413_D9_287C10p_att00_Rq0_00366,2021-10-18 00:52:52,874162,28.75,,
H0413_D9_287C10p_att00_Rq0,H0413_D9_287C10p_att00_Rq0_00367,2021-10-18 00:52:58,870366,28.75,,
H0413_D9_287C10p_att00_Rq0,H0413_D9_287C10p_att00_Rq0_00368,2021-10-18 00:53:03,883890,28.75,,
H0413_D9_287C10p_att00_Rq0,H0413_D9_287C10p_att00_Rq0_00369,2021-10-18 00:53:09,883170,28.75,,
H0413_D9_287C10p_att00_Rq0,H0413_D9_287C10p_att00_Rq0_00370,2021-10-18 00:53:15,874021,28.75,,
H0413_D9_287C10p_att00_Rq0,H0413_D9_287C10p_att00_Rq0_00371,2021-10-18 00:53:21,874106,28.75,,
H0413_D9_287C10p_att00_Rq0,H0413_D9_287C10p_att00_Rq0_00372,2021-10-18 00:53:30,872136,28.75,,
H0413_D9_287C10p_att00_Rq0,H0413_D9_287C10p_att00_Rq0_00373,2021-10-18 00:53:35,873429,28.75,,
H0413_D9_287C10p_att00_Rq0,H0413_D9_287C10p_att00_Rq0_00374,2021-10-18 00:53:41,870164,28.75,,
H0413_D9_287C10p_att00_Rq0,H0413_D9_287C10p_att00_Rq0_00375,2021-10-18 00:53:47,868805,28.75,,
H0413_D9_287C10p_att00_Rq0,H0413_D9_287C10p_att00_Rq0_00376,2021-10-18 00:53:56,880861,28.75,,
H0413_D9_287C10p_att00_Rq0,H0413_D9_287C10p_att00_Rq0_00377,2021-10-18 00:54:01,870636,28.75,,
H0413_D9_287C10p_att00_Rq0,H0413_D9_287C10p_att00_Rq0_00378,2021-10-18 00:54:07,868977,28.75,,
H0413_D9_287C10p_att00_Rq0,H0413_D9_287C10p_att00_Rq0_00379,2021-10-18 00:54:13,879752,28.75,,
H0413_D9_287C10p_att00_Rq0,H0413_D9_287C10p_att00_Rq0_00380,2021-10-18 00:54:19,874194,28.75,,
H0413_D9_287C10p_att00_Rq0,H0413_D9_287C10p_att00_Rq0_00381,2021-10-18 00:54:30,871075,28.75,,
H0413_D9_287C10p_att00_Rq0,H0413_D9_287C10p_att00_Rq0_00382,2021-10-18 00:54:36,868370,28.75,,
H0413_D9_287C10p_att00_Rq0,H0413_D9_287C10p_att00_Rq0_00383,2021-10-18 00:54:42,864567,28.75,,
H0413_D9_287C10p_att00_Rq0,H0413_D9_287C10p_att00_Rq0_00384,2021-10-18 00:54:47,875792,28.75,,
H0413_D9_287C10p_att00_Rq0,H0413_D9_287C10p_att00_Rq0_00385,2021-10-18 00:54:53,875597,28.75,,
H0413_D9_287C10p_att00_Rq0,H0413_D9_287C10p_att00_Rq0_00386,2021-10-18 00:54:59,871535,28.75,,
H0413_D9_287C10p_att00_Rq0,H0413_D9_287C10p_att00_Rq0_00387,2021-10-18 00:55:04,874218,28.75,,
H0413_D9_287C10p_att00_Rq0,H0413_D9_287C10p_att00_Rq0_00388,2021-10-18 00:55:14,874947,28.75,,
H0413_D9_287C10p_att00_Rq0,H0413_D9_287C10p_att00_Rq0_00389,2021-10-18 00:55:20,878927,28.75,,
H0413_D9_287C10p_att00_Rq0,H0413_D9_287C10p_att00_Rq0_00390,2021-10-18 00:55:26,875057,28.75,,
H0413_D9_287C10p_att00_Rq0,H0413_D9_287C10p_att00_Rq0_00391,2021-10-18 00:55:31,874838,28.75,,
H0413_D9_287C10p_att00_Rq0,H0413_D9_287C10p_att00_Rq0_00392,2021-10-18 00:55:39,866573,28.75,,
H0413_D9_287C10p_att00_Rq0,H0413_D9_287C10p_att00_Rq0_00393,2021-10-18 00:55:44,873446,28.75,,
H0413_D9_287C10p_att00_Rq0,H0413_D9_287C10p_att00_Rq0_00394,2021-10-18 00:55:50,875907,28.75,,
H0413_D9_287C10p_att00_Rq0,H0413_D9_287C10p_att00_Rq0_00395,2021-10-18 00:55:56,878380,28.75,,
H0413_D9_287C10p_att00_Rq0,H0413_D9_287C10p_att00_Rq0_00396,2021-10-18 00:56:01,874041,28.75,,
H0413_D9_287C10p_att00_Rq0,H0413_D9_287C10p_att00_Rq0_00397,2021-10-18 00:56:07,872274,28.75,,
H0413_D9_287C10p_att00_Rq0,H0413_D9_287C10p_att00_Rq0_00398,2021-10-18 00:56:13,878219,28.75,,
H0413_D9_287C10p_att00_Rq0,H0413_D9_287C10p_att00_Rq0_00399,2021-10-18 00:56:18,882230,28.75,,
H0413_D9_287C10p_att00_Rq0,H0413_D9_287C10p_att00_Rq0_00400,2021-10-18 00:56:24,872982,28.75,,
H0413_D9_287C10p_att00_Rq0,H0413_D9_287C10p_att00_Rq0_00401,2021-10-18 00:56:33,873752,28.75,,
H0413_D9_287C10p_att00_Rq0,H0413_D9_287C10p_att00_Rq0_00402,2021-10-18 00:56:39,876671,28.75,,
H0413_D9_287C10p_att00_Rq0,H0413_D9_287C10p_att00_Rq0_00403,2021-10-18 00:56:44,872755,28.75,,
H0413_D9_287C10p_att00_Rq0,H0413_D9_287C10p_att00_Rq0_00404,2021-10-18 00:56:53,876135,28.75,,
H0413_D9_287C10p_att00_Rq0,H0413_D9_287C10p_att00_Rq0_00405,2021-10-18 00:56:58,873175,28.75,,
H0413_D9_287C10p_att00_Rq0,H0413_D9_287C10p_att00_Rq0_00406,2021-10-18 00:57:04,876951,28.75,,
H0413_D9_287C10p_att00_Rq0,H0413_D9_287C10p_att00_Rq0_00407,2021-10-18 00:57:10,875465,28.75,,
H0413_D9_287C10p_att00_Rq0,H0413_D9_287C10p_att00_Rq0_00408,2021-10-18 00:57:17,875369,28.75,,
H0413_D9_287C10p_att00_Rq0,H0413_D9_287C10p_att00_Rq0_00409,2021-10-18 00:57:22,874830,28.75,,
H0413_D9_287C10p_att00_Rq0,H0413_D9_287C10p_att00_Rq0_00410,2021-10-18 00:57:28,885724,28.75,,
H0413_D9_287C10p_att00_Rq0,H0413_D9_287C10p_att00_Rq0_00411,2021-10-18 00:57:34,870700,28.75,,
H0413_D9_287C10p_att00_Rq0,H0413_D9_287C10p_att00_Rq0_00412,2021-10-18 00:57:39,870077,28.75,,
H0413_D9_287C10p_att00_Rq0,H0413_D9_287C10p_att00_Rq0_00413,2021-10-18 00:57:45,877501,28.75,,
H0413_D9_287C10p_att00_Rq0,H0413_D9_287C10p_att00_Rq0_00414,2021-10-18 00:57:50,876022,28.75,,
H0413_D9_287C10p_att00_Rq0,H0413_D9_287C10p_att00_Rq0_00415,2021-10-18 00:57:56,873811,28.75,,
H0413_D9_287C10p_att00_Rq0,H0413_D9_287C10p_att00_Rq0_00416,2021-10-18 00:58:02,870450,28.75,,
H0413_D9_287C10p_att00_Rq0,H0413_D9_287C10p_att00_Rq0_00417,2021-10-18 00:58:08,869565,28.75,,
H0413_D9_287C10p_att00_Rq0,H0413_D9_287C10p_att00_Rq0_00418,2021-10-18 00:58:13,871101,28.75,,
H0413_D9_287C10p_att00_Rq0,H0413_D9_287C10p_att00_Rq0_00419,2021-10-18 00:58:19,919602,28.75,,
H0413_D9_287C10p_att00_Rq0,H0413_D9_287C10p_att00_Rq0_00420,2021-10-18 00:58:25,875105,28.75,,
H0413_D9_287C10p_att00_Rq0,H0413_D9_287C10p_att00_Rq0_00421,2021-10-18 00:58:38,874434,28.75,,
H0413_D9_287C10p_att00_Rq0,H0413_D9_287C10p_att00_Rq0_00422,2021-10-18 00:58:43,872487,28.75,,
H0413_D9_287C10p_att00_Rq0,H0413_D9_287C10p_att00_Rq0_00423,2021-10-18 00:58:49,871418,28.75,,
H0413_D9_287C10p_att00_Rq0,H0413_D9_287C10p_att00_Rq0_00424,2021-10-18 00:58:55,875957,28.75,,
H0413_D9_287C10p_att00_Rq0,H0413_D9_287C10p_att00_Rq0_00425,2021-10-18 00:59:00,875816,28.75,,
H0413_D9_287C10p_att00_Rq0,H0413_D9_287C10p_att00_Rq0_00426,2021-10-18 00:59:06,876421,28.75,,
H0413_D9_287C10p_att00_Rq0,H0413_D9_287C10p_att00_Rq0_00427,2021-10-18 00:59:12,878175,28.75,,
H0413_D9_287C10p_att00_Rq0,H0413_D9_287C10p_att00_Rq0_00428,2021-10-18 00:59:18,876331,28.75,,
H0413_D9_287C10p_att00_Rq0,H0413_D9_287C10p_att00_Rq0_00429,2021-10-18 00:59:23,876019,28.75,,
H0413_D9_287C10p_att00_Rq0,H0413_D9_287C10p_att00_Rq0_00430,2021-10-18 00:59:29,872497,28.75,,
H0413_D9_287C10p_att00_Rq0,H0413_D9_287C10p_att00_Rq0_00431,2021-10-18 00:59:35,879505,28.75,,
H0413_D9_287C10p_att00_Rq0,H0413_D9_287C10p_att00_Rq0_00432,2021-10-18 00:59:40,879012,28.75,,
H0413_D9_287C10p_att00_Rq0,H0413_D9_287C10p_att00_Rq0_00433,2021-10-18 00:59:46,873664,28.75,,
H0413_D9_287C10p_att00_Rq0,H0413_D9_287C10p_att00_Rq0_00434,2021-10-18 00:59:51,872540,28.75,,
H0413_D9_287C10p_att00_Rq0,H0413_D9_287C10p_att00_Rq0_00435,2021-10-18 00:59:57,871193,28.75,,
H0413_D9_287C10p_att00_Rq0,H0413_D9_287C10p_att00_Rq0_00436,2021-10-18 01:00:03,875259,28.75,,
H0413_D9_287C10p_att00_Rq0,H0413_D9_287C10p_att00_Rq0_00437,2021-10-18 01:00:08,875408,28.75,,
H0413_D9_287C10p_att00_Rq0,H0413_D9_287C10p_att00_Rq0_00438,2021-10-18 01:00:14,875170,28.75,,
H0413_D9_287C10p_att00_Rq0,H0413_D9_287C10p_att00_Rq0_00439,2021-10-18 01:00:20,879535,28.75,,
H0413_D9_287C10p_att00_Rq0,H0413_D9_287C10p_att00_Rq0_00440,2021-10-18 01:00:26,875054,28.75,,
H0413_D9_287C10p_att00_Rq0,H0413_D9_287C10p_att00_Rq0_00441,2021-10-18 01:00:34,875971,28.75,,
H0413_D9_287C10p_att00_Rq0,H0413_D9_287C10p_att00_Rq0_00442,2021-10-18 01:00:42,868233,28.75,,
H0413_D9_287C10p_att00_Rq0,H0413_D9_287C10p_att00_Rq0_00443,2021-10-18 01:00:48,877851,28.75,,
H0413_D9_287C10p_att00_Rq0,H0413_D9_287C10p_att00_Rq0_00444,2021-10-18 01:00:53,877175,28.75,,
H0413_D9_287C10p_att00_Rq0,H0413_D9_287C10p_att00_Rq0_00445,2021-10-18 01:00:59,878609,28.75,,
H0413_D9_287C10p_att00_Rq0,H0413_D9_287C10p_att00_Rq0_00446,2021-10-18 01:01:05,873077,28.75,,
H0413_D9_287C10p_att00_Rq0,H0413_D9_287C10p_att00_Rq0_00447,2021-10-18 01:01:11,877109,28.75,,
H0413_D9_287C10p_att00_Rq0,H0413_D9_287C10p_att00_Rq0_00448,2021-10-18 01:01:16,875714,28.75,,
H0413_D9_287C10p_att00_Rq0,H0413_D9_287C10p_att00_Rq0_00449,2021-10-18 01:01:22,877523,28.75,,
H0413_D9_287C10p_att00_Rq0,H0413_D9_287C10p_att00_Rq0_00450,2021-10-18 01:01:27,873546,28.75,,
H0413_D9_287C10p_att00_Rq0,H0413_D9_287C10p_att00_Rq0_00451,2021-10-18 01:01:33,872532,28.75,,
H0413_D9_287C10p_att00_Rq0,H0413_D9_287C10p_att00_Rq0_00452,2021-10-18 01:01:39,882479,28.75,,
H0413_D9_287C10p_att00_Rq0,H0413_D9_287C10p_att00_Rq0_00453,2021-10-18 01:01:44,880157,28.75,,
H0413_D9_287C10p_att00_Rq0,H0413_D9_287C10p_att00_Rq0_00454,2021-10-18 01:01:50,876113,28.75,,
H0413_D9_287C10p_att00_Rq0,H0413_D9_287C10p_att00_Rq0_00455,2021-10-18 01:01:57,875919,28.75,,
H0413_D9_287C10p_att00_Rq0,H0413_D9_287C10p_att00_Rq0_00456,2021-10-18 01:02:03,872786,28.75,,
H0413_D9_287C10p_att00_Rq0,H0413_D9_287C10p_att00_Rq0_00457,2021-10-18 01:02:08,875301,28.75,,
H0413_D9_287C10p_att00_Rq0,H0413_D9_287C10p_att00_Rq0_00458,2021-10-18 01:02:14,876078,28.75,,
H0413_D9_287C10p_att00_Rq0,H0413_D9_287C10p_att00_Rq0_00459,2021-10-18 01:02:20,875773,28.75,,
H0413_D9_287C10p_att00_Rq0,H0413_D9_287C10p_att00_Rq0_00460,2021-10-18 01:02:25,872376,28.75,,
H0413_D9_287C10p_att00_Rq0,H0413_D9_287C10p_att00_Rq0_00461,2021-10-18 01:02:34,882588,28.75,,
H0413_D9_287C10p_att00_Rq0,H0413_D9_287C10p_att00_Rq0_00462,2021-10-18 01:02:40,879364,28.75,,
H0413_D9_287C10p_att00_Rq0,H0413_D9_287C10p_att00_Rq0_00463,2021-10-18 01:02:45,873196,28.75,,
H0413_D9_287C10p_att00_Rq0,H0413_D9_287C10p_att00_Rq0_00464,2021-10-18 01:02:51,877994,28.75,,
H0413_D9_287C10p_att00_Rq0,H0413_D9_287C10p_att00_Rq0_00465,2021-10-18 01:02:56,880263,28.75,,
H0413_D9_287C10p_att00_Rq0,H0413_D9_287C10p_att00_Rq0_00466,2021-10-18 01:03:02,881732,28.75,,
H0413_D9_287C10p_att00_Rq0,H0413_D9_287C10p_att00_Rq0_00467,2021-10-18 01:03:08,873400,28.75,,
H0413_D9_287C10p_att00_Rq0,H0413_D9_287C10p_att00_Rq0_00468,2021-10-18 01:03:13,877811,28.75,,
H0413_D9_287C10p_att00_Rq0,H0413_D9_287C10p_att00_Rq0_00469,2021-10-18 01:03:19,874095,28.75,,
H0413_D9_287C10p_att00_Rq0,H0413_D9_287C10p_att00_Rq0_00470,2021-10-18 01:03:25,873241,28.75,,
H0413_D9_287C10p_att00_Rq0,H0413_D9_287C10p_att00_Rq0_00471,2021-10-18 01:03:30,874273,28.75,,
H0413_D9_287C10p_att00_Rq0,H0413_D9_287C10p_att00_Rq0_00472,2021-10-18 01:03:36,871368,28.75,,
H0413_D9_287C10p_att00_Rq0,H0413_D9_287C10p_att00_Rq0_00473,2021-10-18 01:03:42,875995,28.75,,
H0413_D9_287C10p_att00_Rq0,H0413_D9_287C10p_att00_Rq0_00474,2021-10-18 01:03:47,877625,28.75,,
H0413_D9_287C10p_att00_Rq0,H0413_D9_287C10p_att00_Rq0_00475,2021-10-18 01:03:53,876703,28.75,,
H0413_D9_287C10p_att00_Rq0,H0413_D9_287C10p_att00_Rq0_00476,2021-10-18 01:03:59,880727,28.75,,
H0413_D9_287C10p_att00_Rq0,H0413_D9_287C10p_att00_Rq0_00477,2021-10-18 01:04:05,881190,28.75,,
H0413_D9_287C10p_att00_Rq0,H0413_D9_287C10p_att00_Rq0_00478,2021-10-18 01:04:11,876454,28.75,,
H0413_D9_287C10p_att00_Rq0,H0413_D9_287C10p_att00_Rq0_00479,2021-10-18 01:04:17,878405,28.75,,
H0413_D9_287C10p_att00_Rq0,H0413_D9_287C10p_att00_Rq0_00480,2021-10-18 01:04:22,874987,28.75,,
H0413_D9_287C10p_att00_Rq0,H0413_D9_287C10p_att00_Rq0_00481,2021-10-18 01:04:31,876888,28.75,,
H0413_D9_287C10p_att00_Rq0,H0413_D9_287C10p_att00_Rq0_00482,2021-10-18 01:04:36,876836,28.75,,
H0413_D9_287C10p_att00_Rq0,H0413_D9_287C10p_att00_Rq0_00483,2021-10-18 01:04:42,876479,28.75,,
H0413_D9_287C10p_att00_Rq0,H0413_D9_287C10p_att00_Rq0_00484,2021-10-18 01:04:48,877888,28.75,,
H0413_D9_287C10p_att00_Rq0,H0413_D9_287C10p_att00_Rq0_00485,2021-10-18 01:04:53,879220,28.75,,
H0413_D9_287C10p_att00_Rq0,H0413_D9_287C10p_att00_Rq0_00486,2021-10-18 01:04:59,879135,28.75,,
H0413_D9_287C10p_att00_Rq0,H0413_D9_287C10p_att00_Rq0_00487,2021-10-18 01:05:05,878102,28.75,,
H0413_D9_287C10p_att00_Rq0,H0413_D9_287C10p_att00_Rq0_00488,2021-10-18 01:05:10,888923,28.75,,
H0413_D9_287C10p_att00_Rq0,H0413_D9_287C10p_att00_Rq0_00489,2021-10-18 01:05:16,877357,28.75,,
H0413_D9_287C10p_att00_Rq0,H0413_D9_287C10p_att00_Rq0_00490,2021-10-18 01:05:22,877703,28.75,,
H0413_D9_287C10p_att00_Rq0,H0413_D9_287C10p_att00_Rq0_00491,2021-10-18 01:05:27,881358,28.75,,
H0413_D9_287C10p_att00_Rq0,H0413_D9_287C10p_att00_Rq0_00492,2021-10-18 01:05:33,878714,28.75,,
H0413_D9_287C10p_att00_Rq0,H0413_D9_287C10p_att00_Rq0_00493,2021-10-18 01:05:38,878571,28.75,,
H0413_D9_287C10p_att00_Rq0,H0413_D9_287C10p_att00_Rq0_00494,2021-10-18 01:05:44,877050,28.75,,
H0413_D9_287C10p_att00_Rq0,H0413_D9_287C10p_att00_Rq0_00495,2021-10-18 01:05:50,874315,28.75,,
H0413_D9_287C10p_att00_Rq0,H0413_D9_287C10p_att00_Rq0_00496,2021-10-18 01:05:56,883599,28.75,,
H0413_D9_287C10p_att00_Rq0,H0413_D9_287C10p_att00_Rq0_00497,2021-10-18 01:06:02,888787,28.75,,
H0413_D9_287C10p_att00_Rq0,H0413_D9_287C10p_att00_Rq0_00498,2021-10-18 01:06:07,873973,28.75,,
H0413_D9_287C10p_att00_Rq0,H0413_D9_287C10p_att00_Rq0_00499,2021-10-18 01:06:13,877927,28.75,,
H0413_D9_287C10p_att00_Rq0,H0413_D9_287C10p_att00_Rq0_00500,2021-10-18 01:06:19,877000,28.75,,
H0413_D9_287C10p_att00_Rq0,H0413_D9_287C10p_att00_Rq0_00501,2021-10-18 01:06:27,884708,28.75,,
H0413_D9_287C10p_att00_Rq0,H0413_D9_287C10p_att00_Rq0_00502,2021-10-18 01:06:33,876316,28.75,,
H0413_D9_287C10p_att00_Rq0,H0413_D9_287C10p_att00_Rq0_00503,2021-10-18 01:06:38,884822,28.75,,
H0413_D9_287C10p_att00_Rq0,H0413_D9_287C10p_att00_Rq0_00504,2021-10-18 01:06:44,880050,28.75,,
H0413_D9_287C10p_att00_Rq0,H0413_D9_287C10p_att00_Rq0_00505,2021-10-18 01:06:50,886453,28.75,,
H0413_D9_287C10p_att00_Rq0,H0413_D9_287C10p_att00_Rq0_00506,2021-10-18 01:06:55,881017,28.75,,
H0413_D9_287C10p_att00_Rq0,H0413_D9_287C10p_att00_Rq0_00507,2021-10-18 01:07:05,879430,28.75,,
H0413_D9_287C10p_att00_Rq0,H0413_D9_287C10p_att00_Rq0_00508,2021-10-18 01:07:10,882235,28.75,,
H0413_D9_287C10p_att00_Rq0,H0413_D9_287C10p_att00_Rq0_00509,2021-10-18 01:07:16,879206,28.75,,
H0413_D9_287C10p_att00_Rq0,H0413_D9_287C10p_att00_Rq0_00510,2021-10-18 01:07:22,878335,28.75,,
H0413_D9_287C10p_att00_Rq0,H0413_D9_287C10p_att00_Rq0_00511,2021-10-18 01:07:29,886358,28.75,,
H0413_D9_287C10p_att00_Rq0,H0413_D9_287C10p_att00_Rq0_00512,2021-10-18 01:07:35,875282,28.75,,
H0413_D9_287C10p_att00_Rq0,H0413_D9_287C10p_att00_Rq0_00513,2021-10-18 01:07:41,879039,28.75,,
H0413_D9_287C10p_att00_Rq0,H0413_D9_287C10p_att00_Rq0_00514,2021-10-18 01:07:46,874060,28.75,,
H0413_D9_287C10p_att00_Rq0,H0413_D9_287C10p_att00_Rq0_00515,2021-10-18 01:07:52,872735,28.75,,
H0413_D9_287C10p_att00_Rq0,H0413_D9_287C10p_att00_Rq0_00516,2021-10-18 01:07:57,878026,28.75,,
H0413_D9_287C10p_att00_Rq0,H0413_D9_287C10p_att00_Rq0_00517,2021-10-18 01:08:03,874153,28.75,,
H0413_D9_287C10p_att00_Rq0,H0413_D9_287C10p_att00_Rq0_00518,2021-10-18 01:08:09,880731,28.75,,
H0413_D9_287C10p_att00_Rq0,H0413_D9_287C10p_att00_Rq0_00519,2021-10-18 01:08:15,876708,28.75,,
H0413_D9_287C10p_att00_Rq0,H0413_D9_287C10p_att00_Rq0_00520,2021-10-18 01:08:20,874634,28.75,,
H0413_D9_287C10p_att00_Rq0,H0413_D9_287C10p_att00_Rq0_00521,2021-10-18 01:08:29,874220,28.75,,
H0413_D9_287C10p_att00_Rq0,H0413_D9_287C10p_att00_Rq0_00522,2021-10-18 01:08:34,880379,28.75,,
H0413_D9_287C10p_att00_Rq0,H0413_D9_287C10p_att00_Rq0_00523,2021-10-18 01:08:41,873121,28.75,,
H0413_D9_287C10p_att00_Rq0,H0413_D9_287C10p_att00_Rq0_00524,2021-10-18 01:08:46,876927,28.75,,
H0413_D9_287C10p_att00_Rq0,H0413_D9_287C10p_att00_Rq0_00525,2021-10-18 01:08:52,877386,28.75,,
H0413_D9_287C10p_att00_Rq0,H0413_D9_287C10p_att00_Rq0_00526,2021-10-18 01:08:58,876684,28.75,,
H0413_D9_287C10p_att00_Rq0,H0413_D9_287C10p_att00_Rq0_00527,2021-10-18 01:09:03,877693,28.75,,
H0413_D9_287C10p_att00_Rq0,H0413_D9_287C10p_att00_Rq0_00528,2021-10-18 01:09:09,884511,28.75,,
H0413_D9_287C10p_att00_Rq0,H0413_D9_287C10p_att00_Rq0_00529,2021-10-18 01:09:14,875018,28.75,,
H0413_D9_287C10p_att00_Rq0,H0413_D9_287C10p_att00_Rq0_00530,2021-10-18 01:09:20,874793,28.75,,
H0413_D9_287C10p_att00_Rq0,H0413_D9_287C10p_att00_Rq0_00531,2021-10-18 01:09:26,1213903,28.75,,
H0413_D9_287C10p_att00_Rq0,H0413_D9_287C10p_att00_Rq0_00532,2021-10-18 01:09:32,885397,28.75,,
H0413_D9_287C10p_att00_Rq0,H0413_D9_287C10p_att00_Rq0_00533,2021-10-18 01:09:38,875044,28.75,,
H0413_D9_287C10p_att00_Rq0,H0413_D9_287C10p_att00_Rq0_00534,2021-10-18 01:09:44,873830,28.75,,
H0413_D9_287C10p_att00_Rq0,H0413_D9_287C10p_att00_Rq0_00535,2021-10-18 01:09:49,879117,28.75,,
H0413_D9_287C10p_att00_Rq0,H0413_D9_287C10p_att00_Rq0_00536,2021-10-18 01:09:55,881044,28.75,,
H0413_D9_287C10p_att00_Rq0,H0413_D9_287C10p_att00_Rq0_00537,2021-10-18 01:10:01,874630,28.75,,
H0413_D9_287C10p_att00_Rq0,H0413_D9_287C10p_att00_Rq0_00538,2021-10-18 01:10:06,873213,28.75,,
H0413_D9_287C10p_att00_Rq0,H0413_D9_287C10p_att00_Rq0_00539,2021-10-18 01:10:12,870464,28.75,,
H0413_D9_287C10p_att00_Rq0,H0413_D9_287C10p_att00_Rq0_00540,2021-10-18 01:10:19,876794,28.75,,
H0413_D9_287C10p_att00_Rq0,H0413_D9_287C10p_att00_Rq0_00541,2021-10-18 01:10:28,871973,28.75,,
H0413_D9_287C10p_att00_Rq0,H0413_D9_287C10p_att00_Rq0_00542,2021-10-18 01:10:33,874394,28.75,,
H0413_D9_287C10p_att00_Rq0,H0413_D9_287C10p_att00_Rq0_00543,2021-10-18 01:10:39,873095,28.75,,
H0413_D9_287C10p_att00_Rq0,H0413_D9_287C10p_att00_Rq0_00544,2021-10-18 01:10:47,874256,28.75,,
H0413_D9_287C10p_att00_Rq0,H0413_D9_287C10p_att00_Rq0_00545,2021-10-18 01:10:53,879596,28.75,,
H0413_D9_287C10p_att00_Rq0,H0413_D9_287C10p_att00_Rq0_00546,2021-10-18 01:10:59,876865,28.75,,
H0413_D9_287C10p_att00_Rq0,H0413_D9_287C10p_att00_Rq0_00547,2021-10-18 01:11:05,878189,28.75,,
H0413_D9_287C10p_att00_Rq0,H0413_D9_287C10p_att00_Rq0_00548,2021-10-18 01:11:10,874838,28.75,,
H0413_D9_287C10p_att00_Rq0,H0413_D9_287C10p_att00_Rq0_00549,2021-10-18 01:11:16,882566,28.75,,
H0413_D9_287C10p_att00_Rq0,H0413_D9_287C10p_att00_Rq0_00550,2021-10-18 01:11:21,879241,28.75,,
H0413_D9_287C10p_att00_Rq0,H0413_D9_287C10p_att00_Rq0_00551,2021-10-18 01:11:27,884220,28.75,,
H0413_D9_287C10p_att00_Rq0,H0413_D9_287C10p_att00_Rq0_00552,2021-10-18 01:11:33,875219,28.75,,
H0413_D9_287C10p_att00_Rq0,H0413_D9_287C10p_att00_Rq0_00553,2021-10-18 01:11:39,874542,28.75,,
H0413_D9_287C10p_att00_Rq0,H0413_D9_287C10p_att00_Rq0_00554,2021-10-18 01:11:44,878761,28.75,,
H0413_D9_287C10p_att00_Rq0,H0413_D9_287C10p_att00_Rq0_00555,2021-10-18 01:11:50,872862,28.75,,
H0413_D9_287C10p_att00_Rq0,H0413_D9_287C10p_att00_Rq0_00556,2021-10-18 01:11:56,887960,28.75,,
H0413_D9_287C10p_att00_Rq0,H0413_D9_287C10p_att00_Rq0_00557,2021-10-18 01:12:01,875911,28.75,,
H0413_D9_287C10p_att00_Rq0,H0413_D9_287C10p_att00_Rq0_00558,2021-10-18 01:12:07,871226,28.75,,
H0413_D9_287C10p_att00_Rq0,H0413_D9_287C10p_att00_Rq0_00559,2021-10-18 01:12:13,875722,28.75,,
H0413_D9_287C10p_att00_Rq0,H0413_D9_287C10p_att00_Rq0_00560,2021-10-18 01:12:18,878489,28.75,,
H0413_D9_287C10p_att00_Rq0,H0413_D9_287C10p_att00_Rq0_00561,2021-10-18 01:12:27,881362,28.75,,
H0413_D9_287C10p_att00_Rq0,H0413_D9_287C10p_att00_Rq0_00562,2021-10-18 01:12:33,878645,28.75,,
H0413_D9_287C10p_att00_Rq0,H0413_D9_287C10p_att00_Rq0_00563,2021-10-18 01:12:38,879141,28.75,,
H0413_D9_287C10p_att00_Rq0,H0413_D9_287C10p_att00_Rq0_00564,2021-10-18 01:12:44,877497,28.75,,
H0413_D9_287C10p_att00_Rq0,H0413_D9_287C10p_att00_Rq0_00565,2021-10-18 01:12:50,886268,28.75,,
H0413_D9_287C10p_att00_Rq0,H0413_D9_287C10p_att00_Rq0_00566,2021-10-18 01:12:55,881246,28.75,,
H0413_D9_287C10p_att00_Rq0,H0413_D9_287C10p_att00_Rq0_00567,2021-10-18 01:13:01,878645,28.75,,
H0413_D9_287C10p_att00_Rq0,H0413_D9_287C10p_att00_Rq0_00568,2021-10-18 01:13:07,881876,28.75,,
H0413_D9_287C10p_att00_Rq0,H0413_D9_287C10p_att00_Rq0_00569,2021-10-18 01:13:12,881632,28.75,,
H0413_D9_287C10p_att00_Rq0,H0413_D9_287C10p_att00_Rq0_00570,2021-10-18 01:13:18,880842,28.75,,
H0413_D9_287C10p_att00_Rq0,H0413_D9_287C10p_att00_Rq0_00571,2021-10-18 01:13:24,881752,28.75,,
H0413_D9_287C10p_att00_Rq0,H0413_D9_287C10p_att00_Rq0_00572,2021-10-18 01:13:29,889414,28.75,,
H0413_D9_287C10p_att00_Rq0,H0413_D9_287C10p_att00_Rq0_00573,2021-10-18 01:13:35,877750,28.75,,
H0413_D9_287C10p_att00_Rq0,H0413_D9_287C10p_att00_Rq0_00574,2021-10-18 01:13:41,880996,28.75,,
H0413_D9_287C10p_att00_Rq0,H0413_D9_287C10p_att00_Rq0_00575,2021-10-18 01:13:47,879630,28.75,,
H0413_D9_287C10p_att00_Rq0,H0413_D9_287C10p_att00_Rq0_00576,2021-10-18 01:13:52,880502,28.75,,
H0413_D9_287C10p_att00_Rq0,H0413_D9_287C10p_att00_Rq0_00577,2021-10-18 01:13:58,880060,28.75,,
H0413_D9_287C10p_att00_Rq0,H0413_D9_287C10p_att00_Rq0_00578,2021-10-18 01:14:04,876665,28.75,,
H0413_D9_287C10p_att00_Rq0,H0413_D9_287C10p_att00_Rq0_00579,2021-10-18 01:14:10,889406,28.75,,
H0413_D9_287C10p_att00_Rq0,H0413_D9_287C10p_att00_Rq0_00580,2021-10-18 01:14:16,875539,28.75,,
H0413_D9_287C10p_att00_Rq0,H0413_D9_287C10p_att00_Rq0_00581,2021-10-18 01:14:24,881100,28.75,,
H0413_D9_287C10p_att00_Rq0,H0413_D9_287C10p_att00_Rq0_00582,2021-10-18 01:14:30,873303,28.75,,
H0413_D9_287C10p_att00_Rq0,H0413_D9_287C10p_att00_Rq0_00583,2021-10-18 01:14:35,874818,28.75,,
H0413_D9_287C10p_att00_Rq0,H0413_D9_287C10p_att00_Rq0_00584,2021-10-18 01:14:41,878197,28.75,,
H0413_D9_287C10p_att00_Rq0,H0413_D9_287C10p_att00_Rq0_00585,2021-10-18 01:14:47,880704,28.75,,
H0413_D9_287C10p_att00_Rq0,H0413_D9_287C10p_att00_Rq0_00586,2021-10-18 01:14:52,880218,28.75,,
H0413_D9_287C10p_att00_Rq0,H0413_D9_287C10p_att00_Rq0_00587,2021-10-18 01:14:58,879871,28.75,,
H0413_D9_287C10p_att00_Rq0,H0413_D9_287C10p_att00_Rq0_00588,2021-10-18 01:15:04,879901,28.75,,
H0413_D9_287C10p_att00_Rq0,H0413_D9_287C10p_att00_Rq0_00589,2021-10-18 01:15:09,876501,28.75,,
H0413_D9_287C10p_att00_Rq0,H0413_D9_287C10p_att00_Rq0_00590,2021-10-18 01:15:15,875878,28.75,,
H0413_D9_287C10p_att00_Rq0,H0413_D9_287C10p_att00_Rq0_00591,2021-10-18 01:15:20,879947,28.75,,
H0413_D9_287C10p_att00_Rq0,H0413_D9_287C10p_att00_Rq0_00592,2021-10-18 01:15:29,879435,28.75,,
H0413_D9_287C10p_att00_Rq0,H0413_D9_287C10p_att00_Rq0_00593,2021-10-18 01:15:34,876617,28.75,,
H0413_D9_287C10p_att00_Rq0,H0413_D9_287C10p_att00_Rq0_00594,2021-10-18 01:15:40,879201,28.75,,
H0413_D9_287C10p_att00_Rq0,H0413_D9_287C10p_att00_Rq0_00595,2021-10-18 01:15:45,878470,28.75,,
H0413_D9_287C10p_att00_Rq0,H0413_D9_287C10p_att00_Rq0_00596,2021-10-18 01:15:53,886135,28.75,,
H0413_D9_287C10p_att00_Rq0,H0413_D9_287C10p_att00_Rq0_00597,2021-10-18 01:15:58,876601,28.75,,
H0413_D9_287C10p_att00_Rq0,H0413_D9_287C10p_att00_Rq0_00598,2021-10-18 01:16:04,878636,28.75,,
H0413_D9_287C10p_att00_Rq0,H0413_D9_287C10p_att00_Rq0_00599,2021-10-18 01:16:09,878313,28.75,,
H0413_D9_287C10p_att00_Rq0,H0413_D9_287C10p_att00_Rq0_00600,2021-10-18 01:16:15,878795,28.75,,
H0413_D9_287C10p_att00_Rq0,H0413_D9_287C10p_att00_Rq0_00601,2021-10-18 01:16:24,888488,28.75,,
H0413_D9_287C10p_att00_Rq0,H0413_D9_287C10p_att00_Rq0_00602,2021-10-18 01:16:30,878608,28.75,,
H0413_D9_287C10p_att00_Rq0,H0413_D9_287C10p_att00_Rq0_00603,2021-10-18 01:16:35,877172,28.75,,
H0413_D9_287C10p_att00_Rq0,H0413_D9_287C10p_att00_Rq0_00604,2021-10-18 01:16:41,885214,28.75,,
H0413_D9_287C10p_att00_Rq0,H0413_D9_287C10p_att00_Rq0_00605,2021-10-18 01:16:46,881408,28.75,,
H0413_D9_287C10p_att00_Rq0,H0413_D9_287C10p_att00_Rq0_00606,2021-10-18 01:16:52,880160,28.75,,
H0413_D9_287C10p_att00_Rq0,H0413_D9_287C10p_att00_Rq0_00607,2021-10-18 01:16:58,882302,28.75,,
H0413_D9_287C10p_att00_Rq0,H0413_D9_287C10p_att00_Rq0_00608,2021-10-18 01:17:03,878088,28.75,,
H0413_D9_287C10p_att00_Rq0,H0413_D9_287C10p_att00_Rq0_00609,2021-10-18 01:17:09,880493,28.75,,
H0413_D9_287C10p_att00_Rq0,H0413_D9_287C10p_att00_Rq0_00610,2021-10-18 01:17:15,880518,28.75,,
H0413_D9_287C10p_att00_Rq0,H0413_D9_287C10p_att00_Rq0_00611,2021-10-18 01:17:20,875809,28.75,,
H0413_D9_287C10p_att00_Rq0,H0413_D9_287C10p_att00_Rq0_00612,2021-10-18 01:17:26,879900,28.75,,
H0413_D9_287C10p_att00_Rq0,H0413_D9_287C10p_att00_Rq0_00613,2021-10-18 01:17:31,883076,28.75,,
H0413_D9_287C10p_att00_Rq0,H0413_D9_287C10p_att00_Rq0_00614,2021-10-18 01:17:39,876376,28.75,,
H0413_D9_287C10p_att00_Rq0,H0413_D9_287C10p_att00_Rq0_00615,2021-10-18 01:17:45,883685,28.75,,
H0413_D9_287C10p_att00_Rq0,H0413_D9_287C10p_att00_Rq0_00616,2021-10-18 01:17:50,875640,28.75,,
H0413_D9_287C10p_att00_Rq0,H0413_D9_287C10p_att00_Rq0_00617,2021-10-18 01:17:56,877789,28.75,,
H0413_D9_287C10p_att00_Rq0,H0413_D9_287C10p_att00_Rq0_00618,2021-10-18 01:18:01,875484,28.75,,
H0413_D9_287C10p_att00_Rq0,H0413_D9_287C10p_att00_Rq0_00619,2021-10-18 01:18:07,879698,28.75,,
H0413_D9_287C10p_att00_Rq0,H0413_D9_287C10p_att00_Rq0_00620,2021-10-18 01:18:13,878938,28.75,,
H0413_D9_287C10p_att00_Rq0,H0413_D9_287C10p_att00_Rq0_00621,2021-10-18 01:18:21,887337,28.75,,
H0413_D9_287C10p_att00_Rq0,H0413_D9_287C10p_att00_Rq0_00622,2021-10-18 01:18:27,878375,28.75,,
H0413_D9_287C10p_att00_Rq0,H0413_D9_287C10p_att00_Rq0_00623,2021-10-18 01:18:33,878171,28.75,,
H0413_D9_287C10p_att00_Rq0,H0413_D9_287C10p_att00_Rq0_00624,2021-10-18 01:18:38,880389,28.75,,
H0413_D9_287C10p_att00_Rq0,H0413_D9_287C10p_att00_Rq0_00625,2021-10-18 01:18:44,882165,28.75,,
H0413_D9_287C10p_att00_Rq0,H0413_D9_287C10p_att00_Rq0_00626,2021-10-18 01:18:50,881990,28.75,,
H0413_D9_287C10p_att00_Rq0,H0413_D9_287C10p_att00_Rq0_00627,2021-10-18 01:18:56,881061,28.75,,
H0413_D9_287C10p_att00_Rq0,H0413_D9_287C10p_att00_Rq0_00628,2021-10-18 01:19:01,876060,28.75,,
H0413_D9_287C10p_att00_Rq0,H0413_D9_287C10p_att00_Rq0_00629,2021-10-18 01:19:07,878244,28.75,,
H0413_D9_287C10p_att00_Rq0,H0413_D9_287C10p_att00_Rq0_00630,2021-10-18 01:19:13,882139,28.75,,
H0413_D9_287C10p_att00_Rq0,H0413_D9_287C10p_att00_Rq0_00631,2021-10-18 01:19:19,888082,28.75,,
H0413_D9_287C10p_att00_Rq0,H0413_D9_287C10p_att00_Rq0_00632,2021-10-18 01:19:25,882401,28.75,,
H0413_D9_287C10p_att00_Rq0,H0413_D9_287C10p_att00_Rq0_00633,2021-10-18 01:19:30,881991,28.75,,
H0413_D9_287C10p_att00_Rq0,H0413_D9_287C10p_att00_Rq0_00634,2021-10-18 01:19:36,889908,28.75,,
H0413_D9_287C10p_att00_Rq0,H0413_D9_287C10p_att00_Rq0_00635,2021-10-18 01:19:41,881046,28.75,,
H0413_D9_287C10p_att00_Rq0,H0413_D9_287C10p_att00_Rq0_00636,2021-10-18 01:19:47,880568,28.75,,
H0413_D9_287C10p_att00_Rq0,H0413_D9_287C10p_att00_Rq0_00637,2021-10-18 01:19:53,878954,28.75,,
H0413_D9_287C10p_att00_Rq0,H0413_D9_287C10p_att00_Rq0_00638,2021-10-18 01:19:58,881821,28.75,,
H0413_D9_287C10p_att00_Rq0,H0413_D9_287C10p_att00_Rq0_00639,2021-10-18 01:20:04,881780,28.75,,
H0413_D9_287C10p_att00_Rq0,H0413_D9_287C10p_att00_Rq0_00640,2021-10-18 01:20:10,879806,28.75,,
H0413_D9_287C10p_att00_Rq0,H0413_D9_287C10p_att00_Rq0_00641,2021-10-18 01:20:19,879979,28.75,,
H0413_D9_287C10p_att00_Rq0,H0413_D9_287C10p_att00_Rq0_00642,2021-10-18 01:20:24,876253,28.75,,
H0413_D9_287C10p_att00_Rq0,H0413_D9_287C10p_att00_Rq0_00643,2021-10-18 01:20:34,887720,28.75,,
H0413_D9_287C10p_att00_Rq0,H0413_D9_287C10p_att00_Rq0_00644,2021-10-18 01:20:40,875914,28.75,,
H0413_D9_287C10p_att00_Rq0,H0413_D9_287C10p_att00_Rq0_00645,2021-10-18 01:20:45,882901,28.75,,
H0413_D9_287C10p_att00_Rq0,H0413_D9_287C10p_att00_Rq0_00646,2021-10-18 01:20:51,879928,28.75,,
H0413_D9_287C10p_att00_Rq0,H0413_D9_287C10p_att00_Rq0_00647,2021-10-18 01:20:58,887049,28.75,,
H0413_D9_287C10p_att00_Rq0,H0413_D9_287C10p_att00_Rq0_00648,2021-10-18 01:21:04,875864,28.75,,
H0413_D9_287C10p_att00_Rq0,H0413_D9_287C10p_att00_Rq0_00649,2021-10-18 01:21:09,883073,28.75,,
H0413_D9_287C10p_att00_Rq0,H0413_D9_287C10p_att00_Rq0_00650,2021-10-18 01:21:15,878260,28.75,,
H0413_D9_287C10p_att00_Rq0,H0413_D9_287C10p_att00_Rq0_00651,2021-10-18 01:21:21,878071,28.75,,
H0413_D9_287C10p_att00_Rq0,H0413_D9_287C10p_att00_Rq0_00652,2021-10-18 01:21:26,882237,28.75,,
H0413_D9_287C10p_att00_Rq0,H0413_D9_287C10p_att00_Rq0_00653,2021-10-18 01:21:32,877835,28.75,,
H0413_D9_287C10p_att00_Rq0,H0413_D9_287C10p_att00_Rq0_00654,2021-10-18 01:21:38,882429,28.75,,
H0413_D9_287C10p_att00_Rq0,H0413_D9_287C10p_att00_Rq0_00655,2021-10-18 01:21:43,881110,28.75,,
H0413_D9_287C10p_att00_Rq0,H0413_D9_287C10p_att00_Rq0_00656,2021-10-18 01:21:49,877809,28.75,,
H0413_D9_287C10p_att00_Rq0,H0413_D9_287C10p_att00_Rq0_00657,2021-10-18 01:21:54,878394,28.75,,
H0413_D9_287C10p_att00_Rq0,H0413_D9_287C10p_att00_Rq0_00658,2021-10-18 01:22:00,881656,28.75,,
H0413_D9_287C10p_att00_Rq0,H0413_D9_287C10p_att00_Rq0_00659,2021-10-18 01:22:06,877014,28.75,,
H0413_D9_287C10p_att00_Rq0,H0413_D9_287C10p_att00_Rq0_00660,2021-10-18 01:22:11,880478,28.75,,
H0413_D9_287C10p_att00_Rq0,H0413_D9_287C10p_att00_Rq0_00661,2021-10-18 01:22:20,881237,28.75,,
H0413_D9_287C10p_att00_Rq0,H0413_D9_287C10p_att00_Rq0_00662,2021-10-18 01:22:25,879714,28.75,,
H0413_D9_287C10p_att00_Rq0,H0413_D9_287C10p_att00_Rq0_00663,2021-10-18 01:22:31,881522,28.75,,
H0413_D9_287C10p_att00_Rq0,H0413_D9_287C10p_att00_Rq0_00664,2021-10-18 01:22:37,880808,28.75,,
H0413_D9_287C10p_att00_Rq0,H0413_D9_287C10p_att00_Rq0_00665,2021-10-18 01:22:42,877351,28.75,,
H0413_D9_287C10p_att00_Rq0,H0413_D9_287C10p_att00_Rq0_00666,2021-10-18 01:22:48,882271,28.75,,
H0413_D9_287C10p_att00_Rq0,H0413_D9_287C10p_att00_Rq0_00667,2021-10-18 01:22:54,883339,28.75,,
H0413_D9_287C10p_att00_Rq0,H0413_D9_287C10p_att00_Rq0_00668,2021-10-18 01:22:59,882566,28.75,,
H0413_D9_287C10p_att00_Rq0,H0413_D9_287C10p_att00_Rq0_00669,2021-10-18 01:23:05,886703,28.75,,
H0413_D9_287C10p_att00_Rq0,H0413_D9_287C10p_att00_Rq0_00670,2021-10-18 01:23:11,878309,28.75,,
H0413_D9_287C10p_att00_Rq0,H0413_D9_287C10p_att00_Rq0_00671,2021-10-18 01:23:16,879270,28.75,,
H0413_D9_287C10p_att00_Rq0,H0413_D9_287C10p_att00_Rq0_00672,2021-10-18 01:23:22,882864,28.75,,
H0413_D9_287C10p_att00_Rq0,H0413_D9_287C10p_att00_Rq0_00673,2021-10-18 01:23:28,887029,28.75,,
H0413_D9_287C10p_att00_Rq0,H0413_D9_287C10p_att00_Rq0_00674,2021-10-18 01:23:33,878646,28.75,,
H0413_D9_287C10p_att00_Rq0,H0413_D9_287C10p_att00_Rq0_00675,2021-10-18 01:23:39,882969,28.75,,
H0413_D9_287C10p_att00_Rq0,H0413_D9_287C10p_att00_Rq0_00676,2021-10-18 01:23:44,882638,28.75,,
H0413_D9_287C10p_att00_Rq0,H0413_D9_287C10p_att00_Rq0_00677,2021-10-18 01:23:53,885748,28.75,,
H0413_D9_287C10p_att00_Rq0,H0413_D9_287C10p_att00_Rq0_00678,2021-10-18 01:23:59,892541,28.75,,
H0413_D9_287C10p_att00_Rq0,H0413_D9_287C10p_att00_Rq0_00679,2021-10-18 01:24:05,881528,28.75,,
H0413_D9_287C10p_att00_Rq0,H0413_D9_287C10p_att00_Rq0_00680,2021-10-18 01:24:11,877147,28.75,,
H0413_D9_287C10p_att00_Rq0,H0413_D9_287C10p_att00_Rq0_00681,2021-10-18 01:24:19,882559,28.75,,
H0413_D9_287C10p_att00_Rq0,H0413_D9_287C10p_att00_Rq0_00682,2021-10-18 01:24:25,877961,28.75,,
H0413_D9_287C10p_att00_Rq0,H0413_D9_287C10p_att00_Rq0_00683,2021-10-18 01:24:30,881109,28.75,,
H0413_D9_287C10p_att00_Rq0,H0413_D9_287C10p_att00_Rq0_00684,2021-10-18 01:24:36,888709,28.75,,
H0413_D9_287C10p_att00_Rq0,H0413_D9_287C10p_att00_Rq0_00685,2021-10-18 01:24:42,881506,28.75,,
H0413_D9_287C10p_att00_Rq0,H0413_D9_287C10p_att00_Rq0_00686,2021-10-18 01:24:47,880967,28.75,,
H0413_D9_287C10p_att00_Rq0,H0413_D9_287C10p_att00_Rq0_00687,2021-10-18 01:24:53,879970,28.75,,
H0413_D9_287C10p_att00_Rq0,H0413_D9_287C10p_att00_Rq0_00688,2021-10-18 01:24:59,880542,28.75,,
H0413_D9_287C10p_att00_Rq0,H0413_D9_287C10p_att00_Rq0_00689,2021-10-18 01:25:05,879987,28.75,,
H0413_D9_287C10p_att00_Rq0,H0413_D9_287C10p_att00_Rq0_00690,2021-10-18 01:25:10,881275,28.75,,
H0413_D9_287C10p_att00_Rq0,H0413_D9_287C10p_att00_Rq0_00691,2021-10-18 01:25:16,879521,28.75,,
H0413_D9_287C10p_att00_Rq0,H0413_D9_287C10p_att00_Rq0_00692,2021-10-18 01:25:22,879312,28.75,,
H0413_D9_287C10p_att00_Rq0,H0413_D9_287C10p_att00_Rq0_00693,2021-10-18 01:25:27,876355,28.75,,
H0413_D9_287C10p_att00_Rq0,H0413_D9_287C10p_att00_Rq0_00694,2021-10-18 01:25:33,880310,28.75,,
H0413_D9_287C10p_att00_Rq0,H0413_D9_287C10p_att00_Rq0_00695,2021-10-18 01:25:38,888049,28.75,,
H0413_D9_287C10p_att00_Rq0,H0413_D9_287C10p_att00_Rq0_00696,2021-10-18 01:25:44,880070,28.75,,
H0413_D9_287C10p_att00_Rq0,H0413_D9_287C10p_att00_Rq0_00697,2021-10-18 01:25:50,885781,28.75,,
H0413_D9_287C10p_att00_Rq0,H0413_D9_287C10p_att00_Rq0_00698,2021-10-18 01:25:56,879656,28.75,,
H0413_D9_287C10p_att00_Rq0,H0413_D9_287C10p_att00_Rq0_00699,2021-10-18 01:26:01,879038,28.75,,
H0413_D9_287C10p_att00_Rq0,H0413_D9_287C10p_att00_Rq0_00700,2021-10-18 01:26:07,888413,28.75,,
H0413_D9_287C10p_att00_Rq0,H0413_D9_287C10p_att00_Rq0_00701,2021-10-18 01:26:16,888635,28.75,,
H0413_D9_287C10p_att00_Rq0,H0413_D9_287C10p_att00_Rq0_00702,2021-10-18 01:26:21,875767,28.75,,
H0413_D9_287C10p_att00_Rq0,H0413_D9_287C10p_att00_Rq0_00703,2021-10-18 01:26:27,888230,28.75,,
H0413_D9_287C10p_att00_Rq0,H0413_D9_287C10p_att00_Rq0_00704,2021-10-18 01:26:33,874110,28.75,,
H0413_D9_287C10p_att00_Rq0,H0413_D9_287C10p_att00_Rq0_00705,2021-10-18 01:26:38,876259,28.75,,
H0413_D9_287C10p_att00_Rq0,H0413_D9_287C10p_att00_Rq0_00706,2021-10-18 01:26:44,877653,28.75,,
H0413_D9_287C10p_att00_Rq0,H0413_D9_287C10p_att00_Rq0_00707,2021-10-18 01:26:50,880347,28.75,,
H0413_D9_287C10p_att00_Rq0,H0413_D9_287C10p_att00_Rq0_00708,2021-10-18 01:26:55,889664,28.75,,
H0413_D9_287C10p_att00_Rq0,H0413_D9_287C10p_att00_Rq0_00709,2021-10-18 01:27:01,878031,28.75,,
H0413_D9_287C10p_att00_Rq0,H0413_D9_287C10p_att00_Rq0_00710,2021-10-18 01:27:07,881547,28.75,,
H0413_D9_287C10p_att00_Rq0,H0413_D9_287C10p_att00_Rq0_00711,2021-10-18 01:27:16,876972,28.75,,
H0413_D9_287C10p_att00_Rq0,H0413_D9_287C10p_att00_Rq0_00712,2021-10-18 01:27:22,878006,28.75,,
H0413_D9_287C10p_att00_Rq0,H0413_D9_287C10p_att00_Rq0_00713,2021-10-18 01:27:27,880878,28.75,,
H0413_D9_287C10p_att00_Rq0,H0413_D9_287C10p_att00_Rq0_00714,2021-10-18 01:27:33,879326,28.75,,
H0413_D9_287C10p_att00_Rq0,H0413_D9_287C10p_att00_Rq0_00715,2021-10-18 01:27:42,882181,28.75,,
H0413_D9_287C10p_att00_Rq0,H0413_D9_287C10p_att00_Rq0_00716,2021-10-18 01:27:48,879586,28.75,,
H0413_D9_287C10p_att00_Rq0,H0413_D9_287C10p_att00_Rq0_00717,2021-10-18 01:27:54,880649,28.75,,
H0413_D9_287C10p_att00_Rq0,H0413_D9_287C10p_att00_Rq0_00718,2021-10-18 01:27:59,889783,28.75,,
H0413_D9_287C10p_att00_Rq0,H0413_D9_287C10p_att00_Rq0_00719,2021-10-18 01:28:05,877825,28.75,,
H0413_D9_287C10p_att00_Rq0,H0413_D9_287C10p_att00_Rq0_00720,2021-10-18 01:28:11,883662,28.75,,
H0413_D9_287C10p_att00_Rq0,H0413_D9_287C10p_att00_Rq0_00721,2021-10-18 01:28:19,880949,28.75,,
H0413_D9_287C10p_att00_Rq0,H0413_D9_287C10p_att00_Rq0_00722,2021-10-18 01:28:25,876064,28.75,,
H0413_D9_287C10p_att00_Rq0,H0413_D9_287C10p_att00_Rq0_00723,2021-10-18 01:28:30,878946,28.75,,
H0413_D9_287C10p_att00_Rq0,H0413_D9_287C10p_att00_Rq0_00724,2021-10-18 01:28:36,885604,28.75,,
H0413_D9_287C10p_att00_Rq0,H0413_D9_287C10p_att00_Rq0_00725,2021-10-18 01:28:42,873582,28.75,,
H0413_D9_287C10p_att00_Rq0,H0413_D9_287C10p_att00_Rq0_00726,2021-10-18 01:28:47,882795,28.75,,
H0413_D9_287C10p_att00_Rq0,H0413_D9_287C10p_att00_Rq0_00727,2021-10-18 01:28:54,881938,28.75,,
H0413_D9_287C10p_att00_Rq0,H0413_D9_287C10p_att00_Rq0_00728,2021-10-18 01:29:00,886427,28.75,,
H0413_D9_287C10p_att00_Rq0,H0413_D9_287C10p_att00_Rq0_00729,2021-10-18 01:29:06,884554,28.75,,
H0413_D9_287C10p_att00_Rq0,H0413_D9_287C10p_att00_Rq0_00730,2021-10-18 01:29:11,878544,28.75,,
H0413_D9_287C10p_att00_Rq0,H0413_D9_287C10p_att00_Rq0_00731,2021-10-18 01:29:17,882060,28.75,,
H0413_D9_287C10p_att00_Rq0,H0413_D9_287C10p_att00_Rq0_00732,2021-10-18 01:29:24,880809,28.75,,
H0413_D9_287C10p_att00_Rq0,H0413_D9_287C10p_att00_Rq0_00733,2021-10-18 01:29:30,881109,28.75,,
H0413_D9_287C10p_att00_Rq0,H0413_D9_287C10p_att00_Rq0_00734,2021-10-18 01:29:35,885354,28.75,,
H0413_D9_287C10p_att00_Rq0,H0413_D9_287C10p_att00_Rq0_00735,2021-10-18 01:29:41,880465,28.75,,
H0413_D9_287C10p_att00_Rq0,H0413_D9_287C10p_att00_Rq0_00736,2021-10-18 01:29:47,876685,28.75,,
H0413_D9_287C10p_att00_Rq0,H0413_D9_287C10p_att00_Rq0_00737,2021-10-18 01:29:53,880754,28.75,,
H0413_D9_287C10p_att00_Rq0,H0413_D9_287C10p_att00_Rq0_00738,2021-10-18 01:29:58,877655,28.75,,
H0413_D9_287C10p_att00_Rq0,H0413_D9_287C10p_att00_Rq0_00739,2021-10-18 01:30:04,876599,28.75,,
H0413_D9_287C10p_att00_Rq0,H0413_D9_287C10p_att00_Rq0_00740,2021-10-18 01:30:09,880102,28.75,,
H0413_D9_287C10p_att00_Rq0,H0413_D9_287C10p_att00_Rq0_00741,2021-10-18 01:30:18,884885,28.75,,
H0413_D9_287C10p_att00_Rq0,H0413_D9_287C10p_att00_Rq0_00742,2021-10-18 01:30:24,879936,28.75,,
H0413_D9_287C10p_att00_Rq0,H0413_D9_287C10p_att00_Rq0_00743,2021-10-18 01:30:29,883937,28.75,,
H0413_D9_287C10p_att00_Rq0,H0413_D9_287C10p_att00_Rq0_00744,2021-10-18 01:30:35,884392,28.75,,
H0413_D9_287C10p_att00_Rq0,H0413_D9_287C10p_att00_Rq0_00745,2021-10-18 01:30:40,882592,28.75,,
H0413_D9_287C10p_att00_Rq0,H0413_D9_287C10p_att00_Rq0_00746,2021-10-18 01:30:46,883067,28.75,,
H0413_D9_287C10p_att00_Rq0,H0413_D9_287C10p_att00_Rq0_00747,2021-10-18 01:30:52,886264,28.75,,
H0413_D9_287C10p_att00_Rq0,H0413_D9_287C10p_att00_Rq0_00748,2021-10-18 01:30:57,881201,28.75,,
H0413_D9_287C10p_att00_Rq0,H0413_D9_287C10p_att00_Rq0_00749,2021-10-18 01:31:03,877987,28.75,,
H0413_D9_287C10p_att00_Rq0,H0413_D9_287C10p_att00_Rq0_00750,2021-10-18 01:31:09,890751,28.75,,
H0413_D9_287C10p_att00_Rq0,H0413_D9_287C10p_att00_Rq0_00751,2021-10-18 01:31:14,882955,28.75,,
H0413_D9_287C10p_att00_Rq0,H0413_D9_287C10p_att00_Rq0_00752,2021-10-18 01:31:20,881903,28.75,,
H0413_D9_287C10p_att00_Rq0,H0413_D9_287C10p_att00_Rq0_00753,2021-10-18 01:31:26,892655,28.75,,
H0413_D9_287C10p_att00_Rq0,H0413_D9_287C10p_att00_Rq0_00754,2021-10-18 01:31:31,884122,28.75,,
H0413_D9_287C10p_att00_Rq0,H0413_D9_287C10p_att00_Rq0_00755,2021-10-18 01:31:37,882082,28.75,,
H0413_D9_287C10p_att00_Rq0,H0413_D9_287C10p_att00_Rq0_00756,2021-10-18 01:31:43,881501,28.75,,
H0413_D9_287C10p_att00_Rq0,H0413_D9_287C10p_att00_Rq0_00757,2021-10-18 01:31:48,884827,28.75,,
H0413_D9_287C10p_att00_Rq0,H0413_D9_287C10p_att00_Rq0_00758,2021-10-18 01:31:54,881177,28.75,,
H0413_D9_287C10p_att00_Rq0,H0413_D9_287C10p_att00_Rq0_00759,2021-10-18 01:31:59,880007,28.75,,
H0413_D9_287C10p_att00_Rq0,H0413_D9_287C10p_att00_Rq0_00760,2021-10-18 01:32:05,1014684,28.75,,
H0413_D9_287C10p_att00_Rq0,H0413_D9_287C10p_att00_Rq0_00761,2021-10-18 01:32:14,891090,28.75,,
H0413_D9_287C10p_att00_Rq0,H0413_D9_287C10p_att00_Rq0_00762,2021-10-18 01:32:20,884113,28.75,,
H0413_D9_287C10p_att00_Rq0,H0413_D9_287C10p_att00_Rq0_00763,2021-10-18 01:32:26,879999,28.75,,
H0413_D9_287C10p_att00_Rq0,H0413_D9_287C10p_att00_Rq0_00764,2021-10-18 01:32:32,880922,28.75,,
H0413_D9_287C10p_att00_Rq0,H0413_D9_287C10p_att00_Rq0_00765,2021-10-18 01:32:37,876364,28.75,,
H0413_D9_287C10p_att00_Rq0,H0413_D9_287C10p_att00_Rq0_00766,2021-10-18 01:32:45,883102,28.75,,
H0413_D9_287C10p_att00_Rq0,H0413_D9_287C10p_att00_Rq0_00767,2021-10-18 01:32:50,891730,28.75,,
H0413_D9_287C10p_att00_Rq0,H0413_D9_287C10p_att00_Rq0_00768,2021-10-18 01:32:56,877027,28.75,,
H0413_D9_287C10p_att00_Rq0,H0413_D9_287C10p_att00_Rq0_00769,2021-10-18 01:33:01,890565,28.75,,
H0413_D9_287C10p_att00_Rq0,H0413_D9_287C10p_att00_Rq0_00770,2021-10-18 01:33:07,881220,28.75,,
H0413_D9_287C10p_att00_Rq0,H0413_D9_287C10p_att00_Rq0_00771,2021-10-18 01:33:13,881744,28.75,,
H0413_D9_287C10p_att00_Rq0,H0413_D9_287C10p_att00_Rq0_00772,2021-10-18 01:33:18,883100,28.75,,
H0413_D9_287C10p_att00_Rq0,H0413_D9_287C10p_att00_Rq0_00773,2021-10-18 01:33:24,890058,28.75,,
H0413_D9_287C10p_att00_Rq0,H0413_D9_287C10p_att00_Rq0_00774,2021-10-18 01:33:29,881451,28.75,,
H0413_D9_287C10p_att00_Rq0,H0413_D9_287C10p_att00_Rq0_00775,2021-10-18 01:33:35,881690,28.75,,
H0413_D9_287C10p_att00_Rq0,H0413_D9_287C10p_att00_Rq0_00776,2021-10-18 01:33:41,878064,28.75,,
H0413_D9_287C10p_att00_Rq0,H0413_D9_287C10p_att00_Rq0_00777,2021-10-18 01:33:46,881571,28.75,,
H0413_D9_287C10p_att00_Rq0,H0413_D9_287C10p_att00_Rq0_00778,2021-10-18 01:33:52,876821,28.75,,
H0413_D9_287C10p_att00_Rq0,H0413_D9_287C10p_att00_Rq0_00779,2021-10-18 01:33:59,884030,28.75,,
H0413_D9_287C10p_att00_Rq0,H0413_D9_287C10p_att00_Rq0_00780,2021-10-18 01:34:05,880260,28.75,,
H0413_D9_287C10p_att00_Rq0,H0413_D9_287C10p_att00_Rq0_00781,2021-10-18 01:34:16,877774,28.75,,
H0413_D9_287C10p_att00_Rq0,H0413_D9_287C10p_att00_Rq0_00782,2021-10-18 01:34:22,880078,28.75,,
H0413_D9_287C10p_att00_Rq0,H0413_D9_287C10p_att00_Rq0_00783,2021-10-18 01:34:32,879573,28.75,,
H0413_D9_287C10p_att00_Rq0,H0413_D9_287C10p_att00_Rq0_00784,2021-10-18 01:34:37,880476,28.75,,
H0413_D9_287C10p_att00_Rq0,H0413_D9_287C10p_att00_Rq0_00785,2021-10-18 01:34:43,875215,28.75,,
H0413_D9_287C10p_att00_Rq0,H0413_D9_287C10p_att00_Rq0_00786,2021-10-18 01:34:48,887300,28.75,,
H0413_D9_287C10p_att00_Rq0,H0413_D9_287C10p_att00_Rq0_00787,2021-10-18 01:34:54,883322,28.75,,
H0413_D9_287C10p_att00_Rq0,H0413_D9_287C10p_att00_Rq0_00788,2021-10-18 01:35:00,889078,28.75,,
H0413_D9_287C10p_att00_Rq0,H0413_D9_287C10p_att00_Rq0_00789,2021-10-18 01:35:05,880531,28.75,,
H0413_D9_287C10p_att00_Rq0,H0413_D9_287C10p_att00_Rq0_00790,2021-10-18 01:35:11,882846,28.75,,
H0413_D9_287C10p_att00_Rq0,H0413_D9_287C10p_att00_Rq0_00791,2021-10-18 01:35:16,882609,28.75,,
H0413_D9_287C10p_att00_Rq0,H0413_D9_287C10p_att00_Rq0_00792,2021-10-18 01:35:22,879176,28.75,,
H0413_D9_287C10p_att00_Rq0,H0413_D9_287C10p_att00_Rq0_00793,2021-10-18 01:35:28,882019,28.75,,
H0413_D9_287C10p_att00_Rq0,H0413_D9_287C10p_att00_Rq0_00794,2021-10-18 01:35:34,886360,28.75,,
H0413_D9_287C10p_att00_Rq0,H0413_D9_287C10p_att00_Rq0_00795,2021-10-18 01:35:39,878598,28.75,,
H0413_D9_287C10p_att00_Rq0,H0413_D9_287C10p_att00_Rq0_00796,2021-10-18 01:35:46,878793,28.75,,
H0413_D9_287C10p_att00_Rq0,H0413_D9_287C10p_att00_Rq0_00797,2021-10-18 01:35:51,878791,28.75,,
H0413_D9_287C10p_att00_Rq0,H0413_D9_287C10p_att00_Rq0_00798,2021-10-18 01:35:57,881247,28.75,,
H0413_D9_287C10p_att00_Rq0,H0413_D9_287C10p_att00_Rq0_00799,2021-10-18 01:36:02,879008,28.75,,
H0413_D9_287C10p_att00_Rq0,H0413_D9_287C10p_att00_Rq0_00800,2021-10-18 01:36:08,882460,28.75,,
H0413_D9_287C10p_att00_Rq0,H0413_D9_287C10p_att00_Rq0_00801,2021-10-18 01:36:17,890738,28.75,,
H0413_D9_287C10p_att00_Rq0,H0413_D9_287C10p_att00_Rq0_00802,2021-10-18 01:36:22,885740,28.75,,
H0413_D9_287C10p_att00_Rq0,H0413_D9_287C10p_att00_Rq0_00803,2021-10-18 01:36:28,878004,28.75,,
H0413_D9_287C10p_att00_Rq0,H0413_D9_287C10p_att00_Rq0_00804,2021-10-18 01:36:33,880487,28.75,,
H0413_D9_287C10p_att00_Rq0,H0413_D9_287C10p_att00_Rq0_00805,2021-10-18 01:36:39,881248,28.75,,
H0413_D9_287C10p_att00_Rq0,H0413_D9_287C10p_att00_Rq0_00806,2021-10-18 01:36:45,884070,28.75,,
H0413_D9_287C10p_att00_Rq0,H0413_D9_287C10p_att00_Rq0_00807,2021-10-18 01:36:50,884044,28.75,,
H0413_D9_287C10p_att00_Rq0,H0413_D9_287C10p_att00_Rq0_00808,2021-10-18 01:36:56,884180,28.75,,
H0413_D9_287C10p_att00_Rq0,H0413_D9_287C10p_att00_Rq0_00809,2021-10-18 01:37:02,884273,28.75,,
H0413_D9_287C10p_att00_Rq0,H0413_D9_287C10p_att00_Rq0_00810,2021-10-18 01:37:08,887229,28.75,,
H0413_D9_287C10p_att00_Rq0,H0413_D9_287C10p_att00_Rq0_00811,2021-10-18 01:37:13,892078,28.75,,
H0413_D9_287C10p_att00_Rq0,H0413_D9_287C10p_att00_Rq0_00812,2021-10-18 01:37:19,880728,28.75,,
H0413_D9_287C10p_att00_Rq0,H0413_D9_287C10p_att00_Rq0_00813,2021-10-18 01:37:25,883657,28.75,,
H0413_D9_287C10p_att00_Rq0,H0413_D9_287C10p_att00_Rq0_00814,2021-10-18 01:37:31,888843,28.75,,
H0413_D9_287C10p_att00_Rq0,H0413_D9_287C10p_att00_Rq0_00815,2021-10-18 01:37:36,878768,28.75,,
H0413_D9_287C10p_att00_Rq0,H0413_D9_287C10p_att00_Rq0_00816,2021-10-18 01:37:42,883466,28.75,,
H0413_D9_287C10p_att00_Rq0,H0413_D9_287C10p_att00_Rq0_00817,2021-10-18 01:37:48,890517,28.75,,
H0413_D9_287C10p_att00_Rq0,H0413_D9_287C10p_att00_Rq0_00818,2021-10-18 01:37:53,881751,28.75,,
H0413_D9_287C10p_att00_Rq0,H0413_D9_287C10p_att00_Rq0_00819,2021-10-18 01:37:59,890871,28.75,,
H0413_D9_287C10p_att00_Rq0,H0413_D9_287C10p_att00_Rq0_00820,2021-10-18 01:38:05,881802,28.75,,
H0413_D9_287C10p_att00_Rq0,H0413_D9_287C10p_att00_Rq0_00821,2021-10-18 01:38:13,890924,28.75,,
H0413_D9_287C10p_att00_Rq0,H0413_D9_287C10p_att00_Rq0_00822,2021-10-18 01:38:19,891322,28.75,,
H0413_D9_287C10p_att00_Rq0,H0413_D9_287C10p_att00_Rq0_00823,2021-10-18 01:38:25,888027,28.75,,
H0413_D9_287C10p_att00_Rq0,H0413_D9_287C10p_att00_Rq0_00824,2021-10-18 01:38:30,881546,28.75,,
H0413_D9_287C10p_att00_Rq0,H0413_D9_287C10p_att00_Rq0_00825,2021-10-18 01:38:36,885475,28.75,,
H0413_D9_287C10p_att00_Rq0,H0413_D9_287C10p_att00_Rq0_00826,2021-10-18 01:38:41,887150,28.75,,
H0413_D9_287C10p_att00_Rq0,H0413_D9_287C10p_att00_Rq0_00827,2021-10-18 01:38:47,884661,28.75,,
H0413_D9_287C10p_att00_Rq0,H0413_D9_287C10p_att00_Rq0_00828,2021-10-18 01:38:52,894187,28.75,,
H0413_D9_287C10p_att00_Rq0,H0413_D9_287C10p_att00_Rq0_00829,2021-10-18 01:38:58,885563,28.75,,
H0413_D9_287C10p_att00_Rq0,H0413_D9_287C10p_att00_Rq0_00830,2021-10-18 01:39:08,887718,28.75,,
H0413_D9_287C10p_att00_Rq0,H0413_D9_287C10p_att00_Rq0_00831,2021-10-18 01:39:14,892747,28.75,,
H0413_D9_287C10p_att00_Rq0,H0413_D9_287C10p_att00_Rq0_00832,2021-10-18 01:39:19,884712,28.75,,
H0413_D9_287C10p_att00_Rq0,H0413_D9_287C10p_att00_Rq0_00833,2021-10-18 01:39:25,883460,28.75,,
H0413_D9_287C10p_att00_Rq0,H0413_D9_287C10p_att00_Rq0_00834,2021-10-18 01:39:32,882372,28.75,,
H0413_D9_287C10p_att00_Rq0,H0413_D9_287C10p_att00_Rq0_00835,2021-10-18 01:39:37,882814,28.75,,
H0413_D9_287C10p_att00_Rq0,H0413_D9_287C10p_att00_Rq0_00836,2021-10-18 01:39:43,878306,28.75,,
H0413_D9_287C10p_att00_Rq0,H0413_D9_287C10p_att00_Rq0_00837,2021-10-18 01:39:49,884379,28.75,,
H0413_D9_287C10p_att00_Rq0,H0413_D9_287C10p_att00_Rq0_00838,2021-10-18 01:39:54,877960,28.75,,
H0413_D9_287C10p_att00_Rq0,H0413_D9_287C10p_att00_Rq0_00839,2021-10-18 01:40:00,878544,28.75,,
H0413_D9_287C10p_att00_Rq0,H0413_D9_287C10p_att00_Rq0_00840,2021-10-18 01:40:05,879155,28.75,,
H0413_D9_287C10p_att00_Rq0,H0413_D9_287C10p_att00_Rq0_00841,2021-10-18 01:40:14,891745,28.75,,
H0413_D9_287C10p_att00_Rq0,H0413_D9_287C10p_att00_Rq0_00842,2021-10-18 01:40:20,886107,28.75,,
H0413_D9_287C10p_att00_Rq0,H0413_D9_287C10p_att00_Rq0_00843,2021-10-18 01:40:26,882858,28.75,,
H0413_D9_287C10p_att00_Rq0,H0413_D9_287C10p_att00_Rq0_00844,2021-10-18 01:40:31,882448,28.75,,
H0413_D9_287C10p_att00_Rq0,H0413_D9_287C10p_att00_Rq0_00845,2021-10-18 01:40:37,882391,28.75,,
H0413_D9_287C10p_att00_Rq0,H0413_D9_287C10p_att00_Rq0_00846,2021-10-18 01:40:42,881678,28.75,,
H0413_D9_287C10p_att00_Rq0,H0413_D9_287C10p_att00_Rq0_00847,2021-10-18 01:40:48,880953,28.75,,
H0413_D9_287C10p_att00_Rq0,H0413_D9_287C10p_att00_Rq0_00848,2021-10-18 01:40:54,881056,28.75,,
H0413_D9_287C10p_att00_Rq0,H0413_D9_287C10p_att00_Rq0_00849,2021-10-18 01:40:59,882192,28.75,,
H0413_D9_287C10p_att00_Rq0,H0413_D9_287C10p_att00_Rq0_00850,2021-10-18 01:41:05,881906,28.75,,
H0413_D9_287C10p_att00_Rq0,H0413_D9_287C10p_att00_Rq0_00851,2021-10-18 01:41:14,877550,28.75,,
H0413_D9_287C10p_att00_Rq0,H0413_D9_287C10p_att00_Rq0_00852,2021-10-18 01:41:20,876419,28.75,,
H0413_D9_287C10p_att00_Rq0,H0413_D9_287C10p_att00_Rq0_00853,2021-10-18 01:41:26,889061,28.75,,
H0413_D9_287C10p_att00_Rq0,H0413_D9_287C10p_att00_Rq0_00854,2021-10-18 01:41:31,881984,28.75,,
H0413_D9_287C10p_att00_Rq0,H0413_D9_287C10p_att00_Rq0_00855,2021-10-18 01:41:37,884624,28.75,,
H0413_D9_287C10p_att00_Rq0,H0413_D9_287C10p_att00_Rq0_00856,2021-10-18 01:41:43,889863,28.75,,
H0413_D9_287C10p_att00_Rq0,H0413_D9_287C10p_att00_Rq0_00857,2021-10-18 01:41:48,879597,28.75,,
H0413_D9_287C10p_att00_Rq0,H0413_D9_287C10p_att00_Rq0_00858,2021-10-18 01:41:54,879434,28.75,,
H0413_D9_287C10p_att00_Rq0,H0413_D9_287C10p_att00_Rq0_00859,2021-10-18 01:41:59,883499,28.75,,
H0413_D9_287C10p_att00_Rq0,H0413_D9_287C10p_att00_Rq0_00860,2021-10-18 01:42:05,879625,28.75,,
H0413_D9_287C10p_att00_Rq0,H0413_D9_287C10p_att00_Rq0_00861,2021-10-18 01:42:14,880172,28.75,,
H0413_D9_287C10p_att00_Rq0,H0413_D9_287C10p_att00_Rq0_00862,2021-10-18 01:42:20,881409,28.75,,
H0413_D9_287C10p_att00_Rq0,H0413_D9_287C10p_att00_Rq0_00863,2021-10-18 01:42:29,879465,28.75,,
H0413_D9_287C10p_att00_Rq0,H0413_D9_287C10p_att00_Rq0_00864,2021-10-18 01:42:34,878777,28.75,,
H0413_D9_287C10p_att00_Rq0,H0413_D9_287C10p_att00_Rq0_00865,2021-10-18 01:42:40,880287,28.75,,
H0413_D9_287C10p_att00_Rq0,H0413_D9_287C10p_att00_Rq0_00866,2021-10-18 01:42:45,886891,28.75,,
H0413_D9_287C10p_att00_Rq0,H0413_D9_287C10p_att00_Rq0_00867,2021-10-18 01:42:53,886063,28.75,,
H0413_D9_287C10p_att00_Rq0,H0413_D9_287C10p_att00_Rq0_00868,2021-10-18 01:42:59,878946,28.75,,
H0413_D9_287C10p_att00_Rq0,H0413_D9_287C10p_att00_Rq0_00869,2021-10-18 01:43:05,890601,28.75,,
H0413_D9_287C10p_att00_Rq0,H0413_D9_287C10p_att00_Rq0_00870,2021-10-18 01:43:10,879129,28.75,,
H0413_D9_287C10p_att00_Rq0,H0413_D9_287C10p_att00_Rq0_00871,2021-10-18 01:43:16,878617,28.75,,
H0413_D9_287C10p_att00_Rq0,H0413_D9_287C10p_att00_Rq0_00872,2021-10-18 01:43:21,889803,28.75,,
H0413_D9_287C10p_att00_Rq0,H0413_D9_287C10p_att00_Rq0_00873,2021-10-18 01:43:27,884723,28.75,,
H0413_D9_287C10p_att00_Rq0,H0413_D9_287C10p_att00_Rq0_00874,2021-10-18 01:43:33,881659,28.75,,
H0413_D9_287C10p_att00_Rq0,H0413_D9_287C10p_att00_Rq0_00875,2021-10-18 01:43:38,884273,28.75,,
H0413_D9_287C10p_att00_Rq0,H0413_D9_287C10p_att00_Rq0_00876,2021-10-18 01:43:44,887888,28.75,,
H0413_D9_287C10p_att00_Rq0,H0413_D9_287C10p_att00_Rq0_00877,2021-10-18 01:43:49,882152,28.75,,
H0413_D9_287C10p_att00_Rq0,H0413_D9_287C10p_att00_Rq0_00878,2021-10-18 01:43:55,880777,28.75,,
H0413_D9_287C10p_att00_Rq0,H0413_D9_287C10p_att00_Rq0_00879,2021-10-18 01:44:01,880296,28.75,,
H0413_D9_287C10p_att00_Rq0,H0413_D9_287C10p_att00_Rq0_00880,2021-10-18 01:44:06,887245,28.75,,
H0413_D9_287C10p_att00_Rq0,H0413_D9_287C10p_att00_Rq0_00881,2021-10-18 01:44:15,886446,28.75,,
H0413_D9_287C10p_att00_Rq0,H0413_D9_287C10p_att00_Rq0_00882,2021-10-18 01:44:21,881227,28.75,,
H0413_D9_287C10p_att00_Rq0,H0413_D9_287C10p_att00_Rq0_00883,2021-10-18 01:44:26,879455,28.75,,
H0413_D9_287C10p_att00_Rq0,H0413_D9_287C10p_att00_Rq0_00884,2021-10-18 01:44:34,879719,28.75,,
H0413_D9_287C10p_att00_Rq0,H0413_D9_287C10p_att00_Rq0_00885,2021-10-18 01:44:40,877661,28.75,,
H0413_D9_287C10p_att00_Rq0,H0413_D9_287C10p_att00_Rq0_00886,2021-10-18 01:44:45,877410,28.75,,
H0413_D9_287C10p_att00_Rq0,H0413_D9_287C10p_att00_Rq0_00887,2021-10-18 01:44:51,878001,28.75,,
H0413_D9_287C10p_att00_Rq0,H0413_D9_287C10p_att00_Rq0_00888,2021-10-18 01:44:56,886145,28.75,,
H0413_D9_287C10p_att00_Rq0,H0413_D9_287C10p_att00_Rq0_00889,2021-10-18 01:45:02,878100,28.75,,
H0413_D9_287C10p_att00_Rq0,H0413_D9_287C10p_att00_Rq0_00890,2021-10-18 01:45:08,889546,28.75,,
H0413_D9_287C10p_att00_Rq0,H0413_D9_287C10p_att00_Rq0_00891,2021-10-18 01:45:13,883605,28.75,,
H0413_D9_287C10p_att00_Rq0,H0413_D9_287C10p_att00_Rq0_00892,2021-10-18 01:45:19,877593,28.75,,
H0413_D9_287C10p_att00_Rq0,H0413_D9_287C10p_att00_Rq0_00893,2021-10-18 01:45:25,878548,28.75,,
H0413_D9_287C10p_att00_Rq0,H0413_D9_287C10p_att00_Rq0_00894,2021-10-18 01:45:30,878507,28.75,,
H0413_D9_287C10p_att00_Rq0,H0413_D9_287C10p_att00_Rq0_00895,2021-10-18 01:45:36,881402,28.75,,
H0413_D9_287C10p_att00_Rq0,H0413_D9_287C10p_att00_Rq0_00896,2021-10-18 01:45:41,883689,28.75,,
H0413_D9_287C10p_att00_Rq0,H0413_D9_287C10p_att00_Rq0_00897,2021-10-18 01:45:47,884550,28.75,,
H0413_D9_287C10p_att00_Rq0,H0413_D9_287C10p_att00_Rq0_00898,2021-10-18 01:45:53,880143,28.75,,
H0413_D9_287C10p_att00_Rq0,H0413_D9_287C10p_att00_Rq0_00899,2021-10-18 01:45:58,877767,28.75,,
H0413_D9_287C10p_att00_Rq0,H0413_D9_287C10p_att00_Rq0_00900,2021-10-18 01:46:04,890959,28.75,,
H0413_D9_287C10p_att00_Rq0,H0413_D9_287C10p_att00_Rq0_00901,2021-10-18 01:46:13,880074,28.75,,
H0413_D9_287C10p_att00_Rq0,H0413_D9_287C10p_att00_Rq0_00902,2021-10-18 01:46:18,879978,28.75,,
H0413_D9_287C10p_att00_Rq0,H0413_D9_287C10p_att00_Rq0_00903,2021-10-18 01:46:24,884978,28.75,,
H0413_D9_287C10p_att00_Rq0,H0413_D9_287C10p_att00_Rq0_00904,2021-10-18 01:46:29,895887,28.75,,
H0413_D9_287C10p_att00_Rq0,H0413_D9_287C10p_att00_Rq0_00905,2021-10-18 01:46:35,878675,28.75,,
H0413_D9_287C10p_att00_Rq0,H0413_D9_287C10p_att00_Rq0_00906,2021-10-18 01:46:41,878287,28.75,,
H0413_D9_287C10p_att00_Rq0,H0413_D9_287C10p_att00_Rq0_00907,2021-10-18 01:46:47,892331,28.75,,
H0413_D9_287C10p_att00_Rq0,H0413_D9_287C10p_att00_Rq0_00908,2021-10-18 01:46:52,882695,28.75,,
H0413_D9_287C10p_att00_Rq0,H0413_D9_287C10p_att00_Rq0_00909,2021-10-18 01:46:58,886192,28.75,,
H0413_D9_287C10p_att00_Rq0,H0413_D9_287C10p_att00_Rq0_00910,2021-10-18 01:47:04,883201,28.75,,
H0413_D9_287C10p_att00_Rq0,H0413_D9_287C10p_att00_Rq0_00911,2021-10-18 01:47:10,886321,28.75,,
H0413_D9_287C10p_att00_Rq0,H0413_D9_287C10p_att00_Rq0_00912,2021-10-18 01:47:15,888877,28.75,,
H0413_D9_287C10p_att00_Rq0,H0413_D9_287C10p_att00_Rq0_00913,2021-10-18 01:47:21,891009,28.75,,
H0413_D9_287C10p_att00_Rq0,H0413_D9_287C10p_att00_Rq0_00914,2021-10-18 01:47:31,886785,28.75,,
H0413_D9_287C10p_att00_Rq0,H0413_D9_287C10p_att00_Rq0_00915,2021-10-18 01:47:36,878288,28.75,,
H0413_D9_287C10p_att00_Rq0,H0413_D9_287C10p_att00_Rq0_00916,2021-10-18 01:47:42,881690,28.75,,
H0413_D9_287C10p_att00_Rq0,H0413_D9_287C10p_att00_Rq0_00917,2021-10-18 01:47:48,881302,28.75,,
H0413_D9_287C10p_att00_Rq0,H0413_D9_287C10p_att00_Rq0_00918,2021-10-18 01:47:55,882778,28.75,,
H0413_D9_287C10p_att00_Rq0,H0413_D9_287C10p_att00_Rq0_00919,2021-10-18 01:48:00,881196,28.75,,
H0413_D9_287C10p_att00_Rq0,H0413_D9_287C10p_att00_Rq0_00920,2021-10-18 01:48:06,878107,28.75,,
H0413_D9_287C10p_att00_Rq0,H0413_D9_287C10p_att00_Rq0_00921,2021-10-18 01:48:15,883377,28.75,,
H0413_D9_287C10p_att00_Rq0,H0413_D9_287C10p_att00_Rq0_00922,2021-10-18 01:48:20,880857,28.75,,
H0413_D9_287C10p_att00_Rq0,H0413_D9_287C10p_att00_Rq0_00923,2021-10-18 01:48:26,878174,28.75,,
H0413_D9_287C10p_att00_Rq0,H0413_D9_287C10p_att00_Rq0_00924,2021-10-18 01:48:32,882360,28.75,,
H0413_D9_287C10p_att00_Rq0,H0413_D9_287C10p_att00_Rq0_00925,2021-10-18 01:48:37,876857,28.75,,
H0413_D9_287C10p_att00_Rq0,H0413_D9_287C10p_att00_Rq0_00926,2021-10-18 01:48:43,928003,28.75,,
H0413_D9_287C10p_att00_Rq0,H0413_D9_287C10p_att00_Rq0_00927,2021-10-18 01:48:49,882567,28.75,,
H0413_D9_287C10p_att00_Rq0,H0413_D9_287C10p_att00_Rq0_00928,2021-10-18 01:48:54,886907,28.75,,
H0413_D9_287C10p_att00_Rq0,H0413_D9_287C10p_att00_Rq0_00929,2021-10-18 01:49:00,883157,28.75,,
H0413_D9_287C10p_att00_Rq0,H0413_D9_287C10p_att00_Rq0_00930,2021-10-18 01:49:06,879437,28.75,,
H0413_D9_287C10p_att00_Rq0,H0413_D9_287C10p_att00_Rq0_00931,2021-10-18 01:49:11,883720,28.75,,
H0413_D9_287C10p_att00_Rq0,H0413_D9_287C10p_att00_Rq0_00932,2021-10-18 01:49:17,887520,28.75,,
H0413_D9_287C10p_att00_Rq0,H0413_D9_287C10p_att00_Rq0_00933,2021-10-18 01:49:23,883747,28.75,,
H0413_D9_287C10p_att00_Rq0,H0413_D9_287C10p_att00_Rq0_00934,2021-10-18 01:49:28,878714,28.75,,
H0413_D9_287C10p_att00_Rq0,H0413_D9_287C10p_att00_Rq0_00935,2021-10-18 01:49:35,892771,28.75,,
H0413_D9_287C10p_att00_Rq0,H0413_D9_287C10p_att00_Rq0_00936,2021-10-18 01:49:41,882458,28.75,,
H0413_D9_287C10p_att00_Rq0,H0413_D9_287C10p_att00_Rq0_00937,2021-10-18 01:49:47,878584,28.75,,
H0413_D9_287C10p_att00_Rq0,H0413_D9_287C10p_att00_Rq0_00938,2021-10-18 01:49:52,878362,28.75,,
H0413_D9_287C10p_att00_Rq0,H0413_D9_287C10p_att00_Rq0_00939,2021-10-18 01:49:58,881490,28.75,,
H0413_D9_287C10p_att00_Rq0,H0413_D9_287C10p_att00_Rq0_00940,2021-10-18 01:50:04,883816,28.75,,
H0413_D9_287C10p_att00_Rq0,H0413_D9_287C10p_att00_Rq0_00941,2021-10-18 01:50:13,888778,28.75,,
H0413_D9_287C10p_att00_Rq0,H0413_D9_287C10p_att00_Rq0_00942,2021-10-18 01:50:18,881046,28.75,,
H0413_D9_287C10p_att00_Rq0,H0413_D9_287C10p_att00_Rq0_00943,2021-10-18 01:50:24,882336,28.75,,
H0413_D9_287C10p_att00_Rq0,H0413_D9_287C10p_att00_Rq0_00944,2021-10-18 01:50:29,878240,28.75,,
H0413_D9_287C10p_att00_Rq0,H0413_D9_287C10p_att00_Rq0_00945,2021-10-18 01:50:35,878042,28.75,,
H0413_D9_287C10p_att00_Rq0,H0413_D9_287C10p_att00_Rq0_00946,2021-10-18 01:50:40,891507,28.75,,
H0413_D9_287C10p_att00_Rq0,H0413_D9_287C10p_att00_Rq0_00947,2021-10-18 01:50:46,893146,28.75,,
H0413_D9_287C10p_att00_Rq0,H0413_D9_287C10p_att00_Rq0_00948,2021-10-18 01:50:52,884405,28.75,,
H0413_D9_287C10p_att00_Rq0,H0413_D9_287C10p_att00_Rq0_00949,2021-10-18 01:50:58,888284,28.75,,
H0413_D9_287C10p_att00_Rq0,H0413_D9_287C10p_att00_Rq0_00950,2021-10-18 01:51:04,883948,28.75,,
H0413_D9_287C10p_att00_Rq0,H0413_D9_287C10p_att00_Rq0_00951,2021-10-18 01:51:09,883807,28.75,,
H0413_D9_287C10p_att00_Rq0,H0413_D9_287C10p_att00_Rq0_00952,2021-10-18 01:51:15,878075,28.75,,
H0413_D9_287C10p_att00_Rq0,H0413_D9_287C10p_att00_Rq0_00953,2021-10-18 01:51:20,882085,28.75,,
H0413_D9_287C10p_att00_Rq0,H0413_D9_287C10p_att00_Rq0_00954,2021-10-18 01:51:26,886009,28.75,,
H0413_D9_287C10p_att00_Rq0,H0413_D9_287C10p_att00_Rq0_00955,2021-10-18 01:51:31,884026,28.75,,
H0413_D9_287C10p_att00_Rq0,H0413_D9_287C10p_att00_Rq0_00956,2021-10-18 01:51:37,883368,28.75,,
H0413_D9_287C10p_att00_Rq0,H0413_D9_287C10p_att00_Rq0_00957,2021-10-18 01:51:43,887279,28.75,,
H0413_D9_287C10p_att00_Rq0,H0413_D9_287C10p_att00_Rq0_00958,2021-10-18 01:51:48,879977,28.75,,
H0413_D9_287C10p_att00_Rq0,H0413_D9_287C10p_att00_Rq0_00959,2021-10-18 01:51:54,883026,28.75,,
H0413_D9_287C10p_att00_Rq0,H0413_D9_287C10p_att00_Rq0_00960,2021-10-18 01:52:00,886848,28.75,,
H0413_D9_287C10p_att00_Rq0,H0413_D9_287C10p_att00_Rq0_00961,2021-10-18 01:52:08,879189,28.75,,
H0413_D9_287C10p_att00_Rq0,H0413_D9_287C10p_att00_Rq0_00962,2021-10-18 01:52:14,882556,28.75,,
H0413_D9_287C10p_att00_Rq0,H0413_D9_287C10p_att00_Rq0_00963,2021-10-18 01:52:20,883439,28.75,,
H0413_D9_287C10p_att00_Rq0,H0413_D9_287C10p_att00_Rq0_00964,2021-10-18 01:52:25,879289,28.75,,
H0413_D9_287C10p_att00_Rq0,H0413_D9_287C10p_att00_Rq0_00965,2021-10-18 01:52:33,892747,28.75,,
H0413_D9_287C10p_att00_Rq0,H0413_D9_287C10p_att00_Rq0_00966,2021-10-18 01:52:38,886155,28.75,,
H0413_D9_287C10p_att00_Rq0,H0413_D9_287C10p_att00_Rq0_00967,2021-10-18 01:52:44,886230,28.75,,
H0413_D9_287C10p_att00_Rq0,H0413_D9_287C10p_att00_Rq0_00968,2021-10-18 01:52:50,1070295,28.75,,
H0413_D9_287C10p_att00_Rq0,H0413_D9_287C10p_att00_Rq0_00969,2021-10-18 01:52:57,890980,28.75,,
H0413_D9_287C10p_att00_Rq0,H0413_D9_287C10p_att00_Rq0_00970,2021-10-18 01:53:03,888678,28.75,,
H0413_D9_287C10p_att00_Rq0,H0413_D9_287C10p_att00_Rq0_00971,2021-10-18 01:53:09,880596,28.75,,
H0413_D9_287C10p_att00_Rq0,H0413_D9_287C10p_att00_Rq0_00972,2021-10-18 01:53:14,886946,28.75,,
H0413_D9_287C10p_att00_Rq0,H0413_D9_287C10p_att00_Rq0_00973,2021-10-18 01:53:20,893374,28.75,,
H0413_D9_287C10p_att00_Rq0,H0413_D9_287C10p_att00_Rq0_00974,2021-10-18 01:53:26,880362,28.75,,
H0413_D9_287C10p_att00_Rq0,H0413_D9_287C10p_att00_Rq0_00975,2021-10-18 01:53:31,884535,28.75,,
H0413_D9_287C10p_att00_Rq0,H0413_D9_287C10p_att00_Rq0_00976,2021-10-18 01:53:37,886589,28.75,,
H0413_D9_287C10p_att00_Rq0,H0413_D9_287C10p_att00_Rq0_00977,2021-10-18 01:53:43,893425,28.75,,
H0413_D9_287C10p_att00_Rq0,H0413_D9_287C10p_att00_Rq0_00978,2021-10-18 01:53:49,883714,28.75,,
H0413_D9_287C10p_att00_Rq0,H0413_D9_287C10p_att00_Rq0_00979,2021-10-18 01:53:54,885812,28.75,,
H0413_D9_287C10p_att00_Rq0,H0413_D9_287C10p_att00_Rq0_00980,2021-10-18 01:54:00,925643,28.75,,
H0413_D9_287C10p_att00_Rq0,H0413_D9_287C10p_att00_Rq0_00981,2021-10-18 01:54:09,890809,28.75,,
H0413_D9_287C10p_att00_Rq0,H0413_D9_287C10p_att00_Rq0_00982,2021-10-18 01:54:15,882418,28.75,,
H0413_D9_287C10p_att00_Rq0,H0413_D9_287C10p_att00_Rq0_00983,2021-10-18 01:54:20,888795,28.75,,
H0413_D9_287C10p_att00_Rq0,H0413_D9_287C10p_att00_Rq0_00984,2021-10-18 01:54:26,877266,28.75,,
H0413_D9_287C10p_att00_Rq0,H0413_D9_287C10p_att00_Rq0_00985,2021-10-18 01:54:32,882811,28.75,,
H0413_D9_287C10p_att00_Rq0,H0413_D9_287C10p_att00_Rq0_00986,2021-10-18 01:54:38,882038,28.75,,
H0413_D9_287C10p_att00_Rq0,H0413_D9_287C10p_att00_Rq0_00987,2021-10-18 01:54:43,880840,28.75,,
H0413_D9_287C10p_att00_Rq0,H0413_D9_287C10p_att00_Rq0_00988,2021-10-18 01:54:49,969349,28.75,,
H0413_D9_287C10p_att00_Rq0,H0413_D9_287C10p_att00_Rq0_00989,2021-10-18 01:54:55,883939,28.75,,
H0413_D9_287C10p_att00_Rq0,H0413_D9_287C10p_att00_Rq0_00990,2021-10-18 01:55:01,884609,28.75,,
H0413_D9_287C10p_att00_Rq0,H0413_D9_287C10p_att00_Rq0_00991,2021-10-18 01:55:06,881074,28.75,,
H0413_D9_287C10p_att00_Rq0,H0413_D9_287C10p_att00_Rq0_00992,2021-10-18 01:55:12,883816,28.75,,
H0413_D9_287C10p_att00_Rq0,H0413_D9_287C10p_att00_Rq0_00993,2021-10-18 01:55:18,884613,28.75,,
H0413_D9_287C10p_att00_Rq0,H0413_D9_287C10p_att00_Rq0_00994,2021-10-18 01:55:23,893287,28.75,,
H0413_D9_287C10p_att00_Rq0,H0413_D9_287C10p_att00_Rq0_00995,2021-10-18 01:55:29,883404,28.75,,
H0413_D9_287C10p_att00_Rq0,H0413_D9_287C10p_att00_Rq0_00996,2021-10-18 01:55:35,879839,28.75,,
H0413_D9_287C10p_att00_Rq0,H0413_D9_287C10p_att00_Rq0_00997,2021-10-18 01:55:40,883985,28.75,,
H0413_D9_287C10p_att00_Rq0,H0413_D9_287C10p_att00_Rq0_00998,2021-10-18 01:55:46,887607,28.75,,
H0413_D9_287C10p_att00_Rq0,H0413_D9_287C10p_att00_Rq0_00999,2021-10-18 01:55:52,887260,28.75,,
H0413_D9_287C10p_att00_Rq0,H0413_D9_287C10p_att00_Rq0_01000,2021-10-18 01:55:57,879444,28.75,,
H0413_D9_287C10p_att00_Rq0,H0413_D9_287C10p_att00_Rq0_01001,2021-10-18 01:56:06,880804,28.75,,
H0413_D9_287C10p_att00_Rq0,H0413_D9_287C10p_att00_Rq0_01002,2021-10-18 01:56:12,883100,28.75,,
H0413_D9_287C10p_att00_Rq0,H0413_D9_287C10p_att00_Rq0_01003,2021-10-18 01:56:17,882442,28.75,,
H0413_D9_287C10p_att00_Rq0,H0413_D9_287C10p_att00_Rq0_01004,2021-10-18 01:56:23,884787,28.75,,
H0413_D9_287C10p_att00_Rq0,H0413_D9_287C10p_att00_Rq0_01005,2021-10-18 01:56:29,879260,28.75,,
H0413_D9_287C10p_att00_Rq0,H0413_D9_287C10p_att00_Rq0_01006,2021-10-18 01:56:34,878634,28.75,,
H0413_D9_287C10p_att00_Rq0,H0413_D9_287C10p_att00_Rq0_01007,2021-10-18 01:56:40,882512,28.75,,
H0413_D9_287C10p_att00_Rq0,H0413_D9_287C10p_att00_Rq0_01008,2021-10-18 01:56:45,878719,28.75,,
H0413_D9_287C10p_att00_Rq0,H0413_D9_287C10p_att00_Rq0_01009,2021-10-18 01:56:51,878505,28.75,,
H0413_D9_287C10p_att00_Rq0,H0413_D9_287C10p_att00_Rq0_01010,2021-10-18 01:56:56,877735,28.75,,
H0413_D9_287C10p_att00_Rq0,H0413_D9_287C10p_att00_Rq0_01011,2021-10-18 01:57:02,883094,28.75,,
H0413_D9_287C10p_att00_Rq0,H0413_D9_287C10p_att00_Rq0_01012,2021-10-18 01:57:08,878554,28.75,,
H0413_D9_287C10p_att00_Rq0,H0413_D9_287C10p_att00_Rq0_01013,2021-10-18 01:57:14,879806,28.75,,
H0413_D9_287C10p_att00_Rq0,H0413_D9_287C10p_att00_Rq0_01014,2021-10-18 01:57:19,878195,28.75,,
H0413_D9_287C10p_att00_Rq0,H0413_D9_287C10p_att00_Rq0_01015,2021-10-18 01:57:25,885076,28.75,,
H0413_D9_287C10p_att00_Rq0,H0413_D9_287C10p_att00_Rq0_01016,2021-10-18 01:57:32,885376,28.75,,
H0413_D9_287C10p_att00_Rq0,H0413_D9_287C10p_att00_Rq0_01017,2021-10-18 01:57:38,881932,28.75,,
H0413_D9_287C10p_att00_Rq0,H0413_D9_287C10p_att00_Rq0_01018,2021-10-18 01:57:43,883571,28.75,,
H0413_D9_287C10p_att00_Rq0,H0413_D9_287C10p_att00_Rq0_01019,2021-10-18 01:57:49,880354,28.75,,
H0413_D9_287C10p_att00_Rq0,H0413_D9_287C10p_att00_Rq0_01020,2021-10-18 01:57:54,880101,28.75,,
H0413_D9_287C10p_att00_Rq0,H0413_D9_287C10p_att00_Rq0_01021,2021-10-18 01:58:05,876041,28.75,,
H0413_D9_287C10p_att00_Rq0,H0413_D9_287C10p_att00_Rq0_01022,2021-10-18 01:58:11,879819,28.75,,
H0413_D9_287C10p_att00_Rq0,H0413_D9_287C10p_att00_Rq0_01023,2021-10-18 01:58:17,883662,28.75,,
H0413_D9_287C10p_att00_Rq0,H0413_D9_287C10p_att00_Rq0_01024,2021-10-18 01:58:22,878133,28.75,,
H0413_D9_287C10p_att00_Rq0,H0413_D9_287C10p_att00_Rq0_01025,2021-10-18 01:58:28,882490,28.75,,
H0413_D9_287C10p_att00_Rq0,H0413_D9_287C10p_att00_Rq0_01026,2021-10-18 01:58:34,889585,28.75,,
H0413_D9_287C10p_att00_Rq0,H0413_D9_287C10p_att00_Rq0_01027,2021-10-18 01:58:39,880834,28.75,,
H0413_D9_287C10p_att00_Rq0,H0413_D9_287C10p_att00_Rq0_01028,2021-10-18 01:58:45,887283,28.75,,
H0413_D9_287C10p_att00_Rq0,H0413_D9_287C10p_att00_Rq0_01029,2021-10-18 01:58:50,881735,28.75,,
H0413_D9_287C10p_att00_Rq0,H0413_D9_287C10p_att00_Rq0_01030,2021-10-18 01:58:56,889717,28.75,,
H0413_D9_287C10p_att00_Rq0,H0413_D9_287C10p_att00_Rq0_01031,2021-10-18 01:59:02,890156,28.75,,
H0413_D9_287C10p_att00_Rq0,H0413_D9_287C10p_att00_Rq0_01032,2021-10-18 01:59:08,883431,28.75,,
H0413_D9_287C10p_att00_Rq0,H0413_D9_287C10p_att00_Rq0_01033,2021-10-18 01:59:18,883090,28.75,,
H0413_D9_287C10p_att00_Rq0,H0413_D9_287C10p_att00_Rq0_01034,2021-10-18 01:59:23,879445,28.75,,
H0413_D9_287C10p_att00_Rq0,H0413_D9_287C10p_att00_Rq0_01035,2021-10-18 01:59:29,882037,28.75,,
H0413_D9_287C10p_att00_Rq0,H0413_D9_287C10p_att00_Rq0_01036,2021-10-18 01:59:34,882194,28.75,,
H0413_D9_287C10p_att00_Rq0,H0413_D9_287C10p_att00_Rq0_01037,2021-10-18 01:59:42,885427,28.75,,
H0413_D9_287C10p_att00_Rq0,H0413_D9_287C10p_att00_Rq0_01038,2021-10-18 01:59:48,883036,28.75,,
H0413_D9_287C10p_att00_Rq0,H0413_D9_287C10p_att00_Rq0_01039,2021-10-18 01:59:53,971944,28.75,,
H0413_D9_287C10p_att00_Rq0,H0413_D9_287C10p_att00_Rq0_01040,2021-10-18 01:59:59,876762,28.75,,
H0413_D9_287C10p_att00_Rq0,H0413_D9_287C10p_att00_Rq0_01041,2021-10-18 02:00:08,881498,28.75,,
H0413_D9_287C10p_att00_Rq0,H0413_D9_287C10p_att00_Rq0_01042,2021-10-18 02:00:14,884716,28.75,,
H0413_D9_287C10p_att00_Rq0,H0413_D9_287C10p_att00_Rq0_01043,2021-10-18 02:00:19,884658,28.75,,
H0413_D9_287C10p_att00_Rq0,H0413_D9_287C10p_att00_Rq0_01044,2021-10-18 02:00:25,881501,28.75,,
H0413_D9_287C10p_att00_Rq0,H0413_D9_287C10p_att00_Rq0_01045,2021-10-18 02:00:31,885905,28.75,,
H0413_D9_287C10p_att00_Rq0,H0413_D9_287C10p_att00_Rq0_01046,2021-10-18 02:00:36,880244,28.75,,
H0413_D9_287C10p_att00_Rq0,H0413_D9_287C10p_att00_Rq0_01047,2021-10-18 02:00:42,877044,28.75,,
H0413_D9_287C10p_att00_Rq0,H0413_D9_287C10p_att00_Rq0_01048,2021-10-18 02:00:47,884245,28.75,,
H0413_D9_287C10p_att00_Rq0,H0413_D9_287C10p_att00_Rq0_01049,2021-10-18 02:00:57,886601,28.75,,
H0413_D9_287C10p_att00_Rq0,H0413_D9_287C10p_att00_Rq0_01050,2021-10-18 02:01:02,881781,28.75,,
H0413_D9_287C10p_att00_Rq0,H0413_D9_287C10p_att00_Rq0_01051,2021-10-18 02:01:08,887226,28.75,,
H0413_D9_287C10p_att00_Rq0,H0413_D9_287C10p_att00_Rq0_01052,2021-10-18 02:01:14,879429,28.75,,
H0413_D9_287C10p_att00_Rq0,H0413_D9_287C10p_att00_Rq0_01053,2021-10-18 02:01:19,882164,28.75,,
H0413_D9_287C10p_att00_Rq0,H0413_D9_287C10p_att00_Rq0_01054,2021-10-18 02:01:25,878854,28.75,,
H0413_D9_287C10p_att00_Rq0,H0413_D9_287C10p_att00_Rq0_01055,2021-10-18 02:01:31,882948,28.75,,
H0413_D9_287C10p_att00_Rq0,H0413_D9_287C10p_att00_Rq0_01056,2021-10-18 02:01:36,882749,28.75,,
H0413_D9_287C10p_att00_Rq0,H0413_D9_287C10p_att00_Rq0_01057,2021-10-18 02:01:42,886222,28.75,,
H0413_D9_287C10p_att00_Rq0,H0413_D9_287C10p_att00_Rq0_01058,2021-10-18 02:01:47,877640,28.75,,
H0413_D9_287C10p_att00_Rq0,H0413_D9_287C10p_att00_Rq0_01059,2021-10-18 02:01:53,889287,28.75,,
H0413_D9_287C10p_att00_Rq0,H0413_D9_287C10p_att00_Rq0_01060,2021-10-18 02:01:58,882095,28.75,,
H0413_D9_287C10p_att00_Rq0,H0413_D9_287C10p_att00_Rq0_01061,2021-10-18 02:02:07,881289,28.75,,
H0413_D9_287C10p_att00_Rq0,H0413_D9_287C10p_att00_Rq0_01062,2021-10-18 02:02:13,878092,28.75,,
H0413_D9_287C10p_att00_Rq0,H0413_D9_287C10p_att00_Rq0_01063,2021-10-18 02:02:19,885202,28.75,,
H0413_D9_287C10p_att00_Rq0,H0413_D9_287C10p_att00_Rq0_01064,2021-10-18 02:02:24,879933,28.75,,
H0413_D9_287C10p_att00_Rq0,H0413_D9_287C10p_att00_Rq0_01065,2021-10-18 02:02:30,880398,28.75,,
H0413_D9_287C10p_att00_Rq0,H0413_D9_287C10p_att00_Rq0_01066,2021-10-18 02:02:36,880774,28.75,,
H0413_D9_287C10p_att00_Rq0,H0413_D9_287C10p_att00_Rq0_01067,2021-10-18 02:02:41,880531,28.75,,
H0413_D9_287C10p_att00_Rq0,H0413_D9_287C10p_att00_Rq0_01068,2021-10-18 02:02:47,893337,28.75,,
H0413_D9_287C10p_att00_Rq0,H0413_D9_287C10p_att00_Rq0_01069,2021-10-18 02:02:53,882809,28.75,,
H0413_D9_287C10p_att00_Rq0,H0413_D9_287C10p_att00_Rq0_01070,2021-10-18 02:02:58,883717,28.75,,
H0413_D9_287C10p_att00_Rq0,H0413_D9_287C10p_att00_Rq0_01071,2021-10-18 02:03:05,879040,28.75,,
H0413_D9_287C10p_att00_Rq0,H0413_D9_287C10p_att00_Rq0_01072,2021-10-18 02:03:11,883367,28.75,,
H0413_D9_287C10p_att00_Rq0,H0413_D9_287C10p_att00_Rq0_01073,2021-10-18 02:03:16,888993,28.75,,
H0413_D9_287C10p_att00_Rq0,H0413_D9_287C10p_att00_Rq0_01074,2021-10-18 02:03:22,883351,28.75,,
H0413_D9_287C10p_att00_Rq0,H0413_D9_287C10p_att00_Rq0_01075,2021-10-18 02:03:27,878922,28.75,,
H0413_D9_287C10p_att00_Rq0,H0413_D9_287C10p_att00_Rq0_01076,2021-10-18 02:03:33,878330,28.75,,
H0413_D9_287C10p_att00_Rq0,H0413_D9_287C10p_att00_Rq0_01077,2021-10-18 02:03:39,888277,28.75,,
H0413_D9_287C10p_att00_Rq0,H0413_D9_287C10p_att00_Rq0_01078,2021-10-18 02:03:45,886221,28.75,,
H0413_D9_287C10p_att00_Rq0,H0413_D9_287C10p_att00_Rq0_01079,2021-10-18 02:03:50,882675,28.75,,
H0413_D9_287C10p_att00_Rq0,H0413_D9_287C10p_att00_Rq0_01080,2021-10-18 02:03:56,889429,28.75,,
H0413_D9_287C10p_att00_Rq0,H0413_D9_287C10p_att00_Rq0_01081,2021-10-18 02:04:05,883398,28.75,,
H0413_D9_287C10p_att00_Rq0,H0413_D9_287C10p_att00_Rq0_01082,2021-10-18 02:04:10,886029,28.75,,
H0413_D9_287C10p_att00_Rq0,H0413_D9_287C10p_att00_Rq0_01083,2021-10-18 02:04:16,886272,28.75,,
H0413_D9_287C10p_att00_Rq0,H0413_D9_287C10p_att00_Rq0_01084,2021-10-18 02:04:25,880692,28.75,,
H0413_D9_287C10p_att00_Rq0,H0413_D9_287C10p_att00_Rq0_01085,2021-10-18 02:04:31,878283,28.75,,
H0413_D9_287C10p_att00_Rq0,H0413_D9_287C10p_att00_Rq0_01086,2021-10-18 02:04:37,881890,28.75,,
H0413_D9_287C10p_att00_Rq0,H0413_D9_287C10p_att00_Rq0_01087,2021-10-18 02:04:43,880494,28.75,,
H0413_D9_287C10p_att00_Rq0,H0413_D9_287C10p_att00_Rq0_01088,2021-10-18 02:04:49,880643,28.75,,
H0413_D9_287C10p_att00_Rq0,H0413_D9_287C10p_att00_Rq0_01089,2021-10-18 02:04:55,885104,28.75,,
H0413_D9_287C10p_att00_Rq0,H0413_D9_287C10p_att00_Rq0_01090,2021-10-18 02:05:01,880506,28.75,,
H0413_D9_287C10p_att00_Rq0,H0413_D9_287C10p_att00_Rq0_01091,2021-10-18 02:05:06,885280,28.75,,
H0413_D9_287C10p_att00_Rq0,H0413_D9_287C10p_att00_Rq0_01092,2021-10-18 02:05:12,1129329,28.75,,
H0413_D9_287C10p_att00_Rq0,H0413_D9_287C10p_att00_Rq0_01093,2021-10-18 02:05:18,882551,28.75,,
H0413_D9_287C10p_att00_Rq0,H0413_D9_287C10p_att00_Rq0_01094,2021-10-18 02:05:24,887658,28.75,,
H0413_D9_287C10p_att00_Rq0,H0413_D9_287C10p_att00_Rq0_01095,2021-10-18 02:05:30,913751,28.75,,
H0413_D9_287C10p_att00_Rq0,H0413_D9_287C10p_att00_Rq0_01096,2021-10-18 02:05:35,884499,28.75,,
H0413_D9_287C10p_att00_Rq0,H0413_D9_287C10p_att00_Rq0_01097,2021-10-18 02:05:41,884611,28.75,,
H0413_D9_287C10p_att00_Rq0,H0413_D9_287C10p_att00_Rq0_01098,2021-10-18 02:05:46,884706,28.75,,
H0413_D9_287C10p_att00_Rq0,H0413_D9_287C10p_att00_Rq0_01099,2021-10-18 02:05:52,880185,28.75,,
H0413_D9_287C10p_att00_Rq0,H0413_D9_287C10p_att00_Rq0_01100,2021-10-18 02:05:58,903920,28.75,,
H0413_D9_287C10p_att00_Rq0,H0413_D9_287C10p_att00_Rq0_01101,2021-10-18 02:06:10,886992,28.75,,
H0413_D9_287C10p_att00_Rq0,H0413_D9_287C10p_att00_Rq0_01102,2021-10-18 02:06:15,876745,28.75,,
H0413_D9_287C10p_att00_Rq0,H0413_D9_287C10p_att00_Rq0_01103,2021-10-18 02:06:21,891257,28.75,,
H0413_D9_287C10p_att00_Rq0,H0413_D9_287C10p_att00_Rq0_01104,2021-10-18 02:06:27,890617,28.75,,
H0413_D9_287C10p_att00_Rq0,H0413_D9_287C10p_att00_Rq0_01105,2021-10-18 02:06:32,883369,28.75,,
H0413_D9_287C10p_att00_Rq0,H0413_D9_287C10p_att00_Rq0_01106,2021-10-18 02:06:38,874951,28.75,,
H0413_D9_287C10p_att00_Rq0,H0413_D9_287C10p_att00_Rq0_01107,2021-10-18 02:06:44,885356,28.75,,
H0413_D9_287C10p_att00_Rq0,H0413_D9_287C10p_att00_Rq0_01108,2021-10-18 02:06:49,889620,28.75,,
H0413_D9_287C10p_att00_Rq0,H0413_D9_287C10p_att00_Rq0_01109,2021-10-18 02:06:55,880648,28.75,,
H0413_D9_287C10p_att00_Rq0,H0413_D9_287C10p_att00_Rq0_01110,2021-10-18 02:07:01,892405,28.75,,
H0413_D9_287C10p_att00_Rq0,H0413_D9_287C10p_att00_Rq0_01111,2021-10-18 02:07:07,885656,28.75,,
H0413_D9_287C10p_att00_Rq0,H0413_D9_287C10p_att00_Rq0_01112,2021-10-18 02:07:12,885809,28.75,,
H0413_D9_287C10p_att00_Rq0,H0413_D9_287C10p_att00_Rq0_01113,2021-10-18 02:07:18,883171,28.75,,
H0413_D9_287C10p_att00_Rq0,H0413_D9_287C10p_att00_Rq0_01114,2021-10-18 02:07:24,892898,28.75,,
H0413_D9_287C10p_att00_Rq0,H0413_D9_287C10p_att00_Rq0_01115,2021-10-18 02:07:29,887707,28.75,,
H0413_D9_287C10p_att00_Rq0,H0413_D9_287C10p_att00_Rq0_01116,2021-10-18 02:07:35,879956,28.75,,
H0413_D9_287C10p_att00_Rq0,H0413_D9_287C10p_att00_Rq0_01117,2021-10-18 02:07:40,884661,28.75,,
H0413_D9_287C10p_att00_Rq0,H0413_D9_287C10p_att00_Rq0_01118,2021-10-18 02:07:46,879778,28.75,,
H0413_D9_287C10p_att00_Rq0,H0413_D9_287C10p_att00_Rq0_01119,2021-10-18 02:07:52,879894,28.75,,
H0413_D9_287C10p_att00_Rq0,H0413_D9_287C10p_att00_Rq0_01120,2021-10-18 02:07:58,883569,28.75,,
H0413_D9_287C10p_att00_Rq0,H0413_D9_287C10p_att00_Rq0_01121,2021-10-18 02:08:06,883551,28.75,,
H0413_D9_287C10p_att00_Rq0,H0413_D9_287C10p_att00_Rq0_01122,2021-10-18 02:08:12,884389,28.75,,
H0413_D9_287C10p_att00_Rq0,H0413_D9_287C10p_att00_Rq0_01123,2021-10-18 02:08:18,887008,28.75,,
H0413_D9_287C10p_att00_Rq0,H0413_D9_287C10p_att00_Rq0_01124,2021-10-18 02:08:23,883496,28.75,,
H0413_D9_287C10p_att00_Rq0,H0413_D9_287C10p_att00_Rq0_01125,2021-10-18 02:08:29,892588,28.75,,
H0413_D9_287C10p_att00_Rq0,H0413_D9_287C10p_att00_Rq0_01126,2021-10-18 02:08:35,887366,28.75,,
H0413_D9_287C10p_att00_Rq0,H0413_D9_287C10p_att00_Rq0_01127,2021-10-18 02:08:40,882383,28.75,,
H0413_D9_287C10p_att00_Rq0,H0413_D9_287C10p_att00_Rq0_01128,2021-10-18 02:08:46,881834,28.75,,
H0413_D9_287C10p_att00_Rq0,H0413_D9_287C10p_att00_Rq0_01129,2021-10-18 02:08:51,878603,28.75,,
H0413_D9_287C10p_att00_Rq0,H0413_D9_287C10p_att00_Rq0_01130,2021-10-18 02:08:57,887872,28.75,,
H0413_D9_287C10p_att00_Rq0,H0413_D9_287C10p_att00_Rq0_01131,2021-10-18 02:09:03,882517,28.75,,
H0413_D9_287C10p_att00_Rq0,H0413_D9_287C10p_att00_Rq0_01132,2021-10-18 02:09:09,886212,28.75,,
H0413_D9_287C10p_att00_Rq0,H0413_D9_287C10p_att00_Rq0_01133,2021-10-18 02:09:14,884956,28.75,,
H0413_D9_287C10p_att00_Rq0,H0413_D9_287C10p_att00_Rq0_01134,2021-10-18 02:09:20,885387,28.75,,
H0413_D9_287C10p_att00_Rq0,H0413_D9_287C10p_att00_Rq0_01135,2021-10-18 02:09:25,882041,28.75,,
H0413_D9_287C10p_att00_Rq0,H0413_D9_287C10p_att00_Rq0_01136,2021-10-18 02:09:31,884831,28.75,,
H0413_D9_287C10p_att00_Rq0,H0413_D9_287C10p_att00_Rq0_01137,2021-10-18 02:09:37,889452,28.75,,
H0413_D9_287C10p_att00_Rq0,H0413_D9_287C10p_att00_Rq0_01138,2021-10-18 02:09:42,885522,28.75,,
H0413_D9_287C10p_att00_Rq0,H0413_D9_287C10p_att00_Rq0_01139,2021-10-18 02:09:48,885252,28.75,,
H0413_D9_287C10p_att00_Rq0,H0413_D9_287C10p_att00_Rq0_01140,2021-10-18 02:09:53,887803,28.75,,
H0413_D9_287C10p_att00_Rq0,H0413_D9_287C10p_att00_Rq0_01141,2021-10-18 02:10:02,882174,28.75,,
H0413_D9_287C10p_att00_Rq0,H0413_D9_287C10p_att00_Rq0_01142,2021-10-18 02:10:08,887493,28.75,,
H0413_D9_287C10p_att00_Rq0,H0413_D9_287C10p_att00_Rq0_01143,2021-10-18 02:10:13,890268,28.75,,
H0413_D9_287C10p_att00_Rq0,H0413_D9_287C10p_att00_Rq0_01144,2021-10-18 02:10:19,884855,28.75,,
H0413_D9_287C10p_att00_Rq0,H0413_D9_287C10p_att00_Rq0_01145,2021-10-18 02:10:25,883448,28.75,,
H0413_D9_287C10p_att00_Rq0,H0413_D9_287C10p_att00_Rq0_01146,2021-10-18 02:10:30,887249,28.75,,
H0413_D9_287C10p_att00_Rq0,H0413_D9_287C10p_att00_Rq0_01147,2021-10-18 02:10:36,879953,28.75,,
H0413_D9_287C10p_att00_Rq0,H0413_D9_287C10p_att00_Rq0_01148,2021-10-18 02:10:42,876666,28.75,,
H0413_D9_287C10p_att00_Rq0,H0413_D9_287C10p_att00_Rq0_01149,2021-10-18 02:10:47,891165,28.75,,
H0413_D9_287C10p_att00_Rq0,H0413_D9_287C10p_att00_Rq0_01150,2021-10-18 02:10:53,889869,28.75,,
H0413_D9_287C10p_att00_Rq0,H0413_D9_287C10p_att00_Rq0_01151,2021-10-18 02:10:59,885936,28.75,,
H0413_D9_287C10p_att00_Rq0,H0413_D9_287C10p_att00_Rq0_01152,2021-10-18 02:11:07,885896,28.75,,
H0413_D9_287C10p_att00_Rq0,H0413_D9_287C10p_att00_Rq0_01153,2021-10-18 02:11:12,890429,28.75,,
H0413_D9_287C10p_att00_Rq0,H0413_D9_287C10p_att00_Rq0_01154,2021-10-18 02:11:18,882571,28.75,,
H0413_D9_287C10p_att00_Rq0,H0413_D9_287C10p_att00_Rq0_01155,2021-10-18 02:11:24,886070,28.75,,
H0413_D9_287C10p_att00_Rq0,H0413_D9_287C10p_att00_Rq0_01156,2021-10-18 02:11:29,885712,28.75,,
H0413_D9_287C10p_att00_Rq0,H0413_D9_287C10p_att00_Rq0_01157,2021-10-18 02:11:35,886086,28.75,,
H0413_D9_287C10p_att00_Rq0,H0413_D9_287C10p_att00_Rq0_01158,2021-10-18 02:11:40,882062,28.75,,
H0413_D9_287C10p_att00_Rq0,H0413_D9_287C10p_att00_Rq0_01159,2021-10-18 02:11:46,885169,28.75,,
H0413_D9_287C10p_att00_Rq0,H0413_D9_287C10p_att00_Rq0_01160,2021-10-18 02:11:51,886176,28.75,,
H0413_D9_287C10p_att00_Rq0,H0413_D9_287C10p_att00_Rq0_01161,2021-10-18 02:12:00,882604,28.75,,
H0413_D9_287C10p_att00_Rq0,H0413_D9_287C10p_att00_Rq0_01162,2021-10-18 02:12:06,907030,28.75,,
H0413_D9_287C10p_att00_Rq0,H0413_D9_287C10p_att00_Rq0_01163,2021-10-18 02:12:12,888004,28.75,,
H0413_D9_287C10p_att00_Rq0,H0413_D9_287C10p_att00_Rq0_01164,2021-10-18 02:12:18,883898,28.75,,
H0413_D9_287C10p_att00_Rq0,H0413_D9_287C10p_att00_Rq0_01165,2021-10-18 02:12:23,880834,28.75,,
H0413_D9_287C10p_att00_Rq0,H0413_D9_287C10p_att00_Rq0_01166,2021-10-18 02:12:29,884319,28.75,,
H0413_D9_287C10p_att00_Rq0,H0413_D9_287C10p_att00_Rq0_01167,2021-10-18 02:12:34,883255,28.75,,
H0413_D9_287C10p_att00_Rq0,H0413_D9_287C10p_att00_Rq0_01168,2021-10-18 02:12:40,884350,28.75,,
H0413_D9_287C10p_att00_Rq0,H0413_D9_287C10p_att00_Rq0_01169,2021-10-18 02:12:46,886342,28.75,,
H0413_D9_287C10p_att00_Rq0,H0413_D9_287C10p_att00_Rq0_01170,2021-10-18 02:12:51,890882,28.75,,
H0413_D9_287C10p_att00_Rq0,H0413_D9_287C10p_att00_Rq0_01171,2021-10-18 02:12:57,883185,28.75,,
H0413_D9_287C10p_att00_Rq0,H0413_D9_287C10p_att00_Rq0_01172,2021-10-18 02:13:03,890903,28.75,,
H0413_D9_287C10p_att00_Rq0,H0413_D9_287C10p_att00_Rq0_01173,2021-10-18 02:13:09,888704,28.75,,
H0413_D9_287C10p_att00_Rq0,H0413_D9_287C10p_att00_Rq0_01174,2021-10-18 02:13:14,885992,28.75,,
H0413_D9_287C10p_att00_Rq0,H0413_D9_287C10p_att00_Rq0_01175,2021-10-18 02:13:20,890301,28.75,,
H0413_D9_287C10p_att00_Rq0,H0413_D9_287C10p_att00_Rq0_01176,2021-10-18 02:13:25,885432,28.75,,
H0413_D9_287C10p_att00_Rq0,H0413_D9_287C10p_att00_Rq0_01177,2021-10-18 02:13:31,889674,28.75,,
H0413_D9_287C10p_att00_Rq0,H0413_D9_287C10p_att00_Rq0_01178,2021-10-18 02:13:37,878048,28.75,,
H0413_D9_287C10p_att00_Rq0,H0413_D9_287C10p_att00_Rq0_01179,2021-10-18 02:13:42,882758,28.75,,
H0413_D9_287C10p_att00_Rq0,H0413_D9_287C10p_att00_Rq0_01180,2021-10-18 02:13:48,886843,28.75,,
H0413_D9_287C10p_att00_Rq0,H0413_D9_287C10p_att00_Rq0_01181,2021-10-18 02:14:00,881757,28.75,,
H0413_D9_287C10p_att00_Rq0,H0413_D9_287C10p_att00_Rq0_01182,2021-10-18 02:14:06,889843,28.75,,
H0413_D9_287C10p_att00_Rq0,H0413_D9_287C10p_att00_Rq0_01183,2021-10-18 02:14:11,885473,28.75,,
H0413_D9_287C10p_att00_Rq0,H0413_D9_287C10p_att00_Rq0_01184,2021-10-18 02:14:17,888259,28.75,,
H0413_D9_287C10p_att00_Rq0,H0413_D9_287C10p_att00_Rq0_01185,2021-10-18 02:14:24,890455,28.75,,
H0413_D9_287C10p_att00_Rq0,H0413_D9_287C10p_att00_Rq0_01186,2021-10-18 02:14:29,882862,28.75,,
H0413_D9_287C10p_att00_Rq0,H0413_D9_287C10p_att00_Rq0_01187,2021-10-18 02:14:35,915478,28.75,,
H0413_D9_287C10p_att00_Rq0,H0413_D9_287C10p_att00_Rq0_01188,2021-10-18 02:14:40,884607,28.75,,
H0413_D9_287C10p_att00_Rq0,H0413_D9_287C10p_att00_Rq0_01189,2021-10-18 02:14:46,885269,28.75,,
H0413_D9_287C10p_att00_Rq0,H0413_D9_287C10p_att00_Rq0_01190,2021-10-18 02:14:52,882855,28.75,,
H0413_D9_287C10p_att00_Rq0,H0413_D9_287C10p_att00_Rq0_01191,2021-10-18 02:14:57,884471,28.75,,
H0413_D9_287C10p_att00_Rq0,H0413_D9_287C10p_att00_Rq0_01192,2021-10-18 02:15:03,883354,28.75,,
H0413_D9_287C10p_att00_Rq0,H0413_D9_287C10p_att00_Rq0_01193,2021-10-18 02:15:09,884844,28.75,,
H0413_D9_287C10p_att00_Rq0,H0413_D9_287C10p_att00_Rq0_01194,2021-10-18 02:15:14,883771,28.75,,
H0413_D9_287C10p_att00_Rq0,H0413_D9_287C10p_att00_Rq0_01195,2021-10-18 02:15:20,879508,28.75,,
H0413_D9_287C10p_att00_Rq0,H0413_D9_287C10p_att00_Rq0_01196,2021-10-18 02:15:25,882361,28.75,,
H0413_D9_287C10p_att00_Rq0,H0413_D9_287C10p_att00_Rq0_01197,2021-10-18 02:15:31,891357,28.75,,
H0413_D9_287C10p_att00_Rq0,H0413_D9_287C10p_att00_Rq0_01198,2021-10-18 02:15:37,890327,28.75,,
H0413_D9_287C10p_att00_Rq0,H0413_D9_287C10p_att00_Rq0_01199,2021-10-18 02:15:42,887559,28.75,,
H0413_D9_287C10p_att00_Rq0,H0413_D9_287C10p_att00_Rq0_01200,2021-10-18 02:15:48,882633,28.75,,
H0413_D9_287C10p_att00_Rq0,H0413_D9_287C10p_att00_Rq0_01201,2021-10-18 02:15:56,879706,28.75,,
H0413_D9_287C10p_att00_Rq0,H0413_D9_287C10p_att00_Rq0_01202,2021-10-18 02:16:02,880411,28.75,,
H0413_D9_287C10p_att00_Rq0,H0413_D9_287C10p_att00_Rq0_01203,2021-10-18 02:16:08,883388,28.75,,
H0413_D9_287C10p_att00_Rq0,H0413_D9_287C10p_att00_Rq0_01204,2021-10-18 02:16:13,880295,28.75,,
H0413_D9_287C10p_att00_Rq0,H0413_D9_287C10p_att00_Rq0_01205,2021-10-18 02:16:19,881998,28.75,,
H0413_D9_287C10p_att00_Rq0,H0413_D9_287C10p_att00_Rq0_01206,2021-10-18 02:16:25,882781,28.75,,
H0413_D9_287C10p_att00_Rq0,H0413_D9_287C10p_att00_Rq0_01207,2021-10-18 02:16:33,880940,28.75,,
H0413_D9_287C10p_att00_Rq0,H0413_D9_287C10p_att00_Rq0_01208,2021-10-18 02:16:38,878371,28.75,,
H0413_D9_287C10p_att00_Rq0,H0413_D9_287C10p_att00_Rq0_01209,2021-10-18 02:16:44,884448,28.75,,
H0413_D9_287C10p_att00_Rq0,H0413_D9_287C10p_att00_Rq0_01210,2021-10-18 02:16:49,893525,28.75,,
H0413_D9_287C10p_att00_Rq0,H0413_D9_287C10p_att00_Rq0_01211,2021-10-18 02:16:55,895119,28.75,,
H0413_D9_287C10p_att00_Rq0,H0413_D9_287C10p_att00_Rq0_01212,2021-10-18 02:17:01,886210,28.75,,
H0413_D9_287C10p_att00_Rq0,H0413_D9_287C10p_att00_Rq0_01213,2021-10-18 02:17:06,881402,28.75,,
H0413_D9_287C10p_att00_Rq0,H0413_D9_287C10p_att00_Rq0_01214,2021-10-18 02:17:12,893640,28.75,,
H0413_D9_287C10p_att00_Rq0,H0413_D9_287C10p_att00_Rq0_01215,2021-10-18 02:17:18,893118,28.75,,
H0413_D9_287C10p_att00_Rq0,H0413_D9_287C10p_att00_Rq0_01216,2021-10-18 02:17:23,891939,28.75,,
H0413_D9_287C10p_att00_Rq0,H0413_D9_287C10p_att00_Rq0_01217,2021-10-18 02:17:29,1023818,28.75,,
H0413_D9_287C10p_att00_Rq0,H0413_D9_287C10p_att00_Rq0_01218,2021-10-18 02:17:35,883024,28.75,,
H0413_D9_287C10p_att00_Rq0,H0413_D9_287C10p_att00_Rq0_01219,2021-10-18 02:17:40,883938,28.75,,
H0413_D9_287C10p_att00_Rq0,H0413_D9_287C10p_att00_Rq0_01220,2021-10-18 02:17:46,884655,28.75,,
H0413_D9_287C10p_att00_Rq0,H0413_D9_287C10p_att00_Rq0_01221,2021-10-18 02:17:55,884230,28.75,,
H0413_D9_287C10p_att00_Rq0,H0413_D9_287C10p_att00_Rq0_01222,2021-10-18 02:18:00,883214,28.75,,
H0413_D9_287C10p_att00_Rq0,H0413_D9_287C10p_att00_Rq0_01223,2021-10-18 02:18:06,884105,28.75,,
H0413_D9_287C10p_att00_Rq0,H0413_D9_287C10p_att00_Rq0_01224,2021-10-18 02:18:11,883603,28.75,,
H0413_D9_287C10p_att00_Rq0,H0413_D9_287C10p_att00_Rq0_01225,2021-10-18 02:18:17,882323,28.75,,
H0413_D9_287C10p_att00_Rq0,H0413_D9_287C10p_att00_Rq0_01226,2021-10-18 02:18:22,882230,28.75,,
H0413_D9_287C10p_att00_Rq0,H0413_D9_287C10p_att00_Rq0_01227,2021-10-18 02:18:28,882580,28.75,,
H0413_D9_287C10p_att00_Rq0,H0413_D9_287C10p_att00_Rq0_01228,2021-10-18 02:18:34,882524,28.75,,
H0413_D9_287C10p_att00_Rq0,H0413_D9_287C10p_att00_Rq0_01229,2021-10-18 02:18:39,878541,28.75,,
H0413_D9_287C10p_att00_Rq0,H0413_D9_287C10p_att00_Rq0_01230,2021-10-18 02:18:45,885392,28.75,,
H0413_D9_287C10p_att00_Rq0,H0413_D9_287C10p_att00_Rq0_01231,2021-10-18 02:18:50,888917,28.75,,
H0413_D9_287C10p_att00_Rq0,H0413_D9_287C10p_att00_Rq0_01232,2021-10-18 02:18:56,885431,28.75,,
H0413_D9_287C10p_att00_Rq0,H0413_D9_287C10p_att00_Rq0_01233,2021-10-18 02:19:02,888460,28.75,,
H0413_D9_287C10p_att00_Rq0,H0413_D9_287C10p_att00_Rq0_01234,2021-10-18 02:19:07,885523,28.75,,
H0413_D9_287C10p_att00_Rq0,H0413_D9_287C10p_att00_Rq0_01235,2021-10-18 02:19:13,892747,28.75,,
H0413_D9_287C10p_att00_Rq0,H0413_D9_287C10p_att00_Rq0_01236,2021-10-18 02:19:19,896640,28.75,,
H0413_D9_287C10p_att00_Rq0,H0413_D9_287C10p_att00_Rq0_01237,2021-10-18 02:19:28,885316,28.75,,
H0413_D9_287C10p_att00_Rq0,H0413_D9_287C10p_att00_Rq0_01238,2021-10-18 02:19:34,893955,28.75,,
H0413_D9_287C10p_att00_Rq0,H0413_D9_287C10p_att00_Rq0_01239,,,,,"metadata read failed: ""Unable to synchronously open object (object 'detector' doesn't exist)"""
